{
  "isDeprecatedLicenseId": false,
  "licenseText": "Copyright: Copyright (c) 2006 by Apple Computer, Inc., All Rights Reserved.\n\nIMPORTANT: This Apple software is supplied to you by Apple Computer, Inc. (\"Apple\") in consideration of your agreement to the following terms, and your use, installation, modification or redistribution of this Apple software constitutes acceptance of these terms. If you do not agree with these terms, please do not use, install, modify or redistribute this Apple software.\n\nIn consideration of your agreement to abide by the following terms, and subject to these terms, Apple grants you a personal, non-exclusive license, under Apple\u0027s copyrights in this original Apple software (the \"Apple Software\"), to use, reproduce, modify and redistribute the Apple Software, with or without modifications, in source and/or binary forms; provided that if you redistribute the Apple Software in its entirety and without modifications, you must retain this notice and the following text and disclaimers in all such redistributions of the Apple Software. Neither the name, trademarks, service marks or logos of Apple Computer, Inc. may be used to endorse or promote products derived from the Apple Software without specific prior written permission from Apple. Except as expressly stated in this notice, no other rights or licenses, express or implied, are granted by Apple herein, including but not limited to any patent rights that may be infringed by your derivative works or by other works in which the Apple Software may be incorporated.\n\nThe Apple Software is provided by Apple on an \"AS IS\" basis. APPLE MAKES NO WARRANTIES, EXPRESS OR IMPLIED, INCLUDING WITHOUT LIMITATION THE IMPLIED WARRANTIES OF NON-INFRINGEMENT, MERCHANTABILITY AND FITNESS FOR A PARTICULAR PURPOSE, REGARDING THE APPLE SOFTWARE OR ITS USE AND OPERATION ALONE OR IN COMBINATION WITH YOUR PRODUCTS.\n\nIN NO EVENT SHALL APPLE BE LIABLE FOR ANY SPECIAL, INDIRECT, INCIDENTAL OR CONSEQUENTIAL DAMAGES (INCLUDING, BUT NOT LIMITED TO, PROCUREMENT OF SUBSTITUTE GOODS OR SERVICES; LOSS OF USE, DATA, OR PROFITS; OR BUSINESS INTERRUPTION) ARISING IN ANY WAY OUT OF THE USE, REPRODUCTION, MODIFICATION AND/OR DISTRIBUTION OF THE APPLE SOFTWARE, HOWEVER CAUSED AND WHETHER UNDER THEORY OF CONTRACT, TORT (INCLUDING NEGLIGENCE), STRICT LIABILITY OR OTHERWISE, EVEN IF APPLE HAS BEEN ADVISED OF THE POSSIBILITY OF SUCH DAMAGE.\n",
  "standardLicenseTemplate": "\u003c\u003cvar;name\u003d\"copyright\";original\u003d\"Copyright: Copyright (c) 2006 by Apple Computer, Inc., All Rights Reserved.  \";match\u003d\".{0,5000}\"\u003e\u003e\n\nIMPORTANT: This Apple software is supplied to you by Apple Computer, Inc. (\"Apple\") in consideration of your agreement to the following terms, and your use, installation, modification or redistribution of this Apple software constitutes acceptance of these terms. If you do not agree with these terms, please do not use, install, modify or redistribute this Apple software.\n\nIn consideration of your agreement to abide by the following terms, and subject to these terms, Apple grants you a personal, non-exclusive license, under Apple\u0027s copyrights in this original Apple software (the \"Apple Software\"), to use, reproduce, modify and redistribute the Apple Software, with or without modifications, in source and/or binary forms; provided that if you redistribute the Apple Software in its entirety and without modifications, you must retain this notice and the following text and disclaimers in all such redistributions of the Apple Software. Neither the name, trademarks, service marks or logos of Apple Computer, Inc. may be used to endorse or promote products derived from the Apple Software without specific prior written permission from Apple. Except as expressly stated in this notice, no other rights or licenses, express or implied, are granted by Apple herein, including but not limited to any patent rights that may be infringed by your derivative works or by other works in which the Apple Software may be incorporated.\n\nThe Apple Software is provided by Apple on an \"AS IS\" basis. APPLE MAKES NO WARRANTIES, EXPRESS OR IMPLIED, INCLUDING WITHOUT LIMITATION THE IMPLIED WARRANTIES OF NON-INFRINGEMENT, MERCHANTABILITY AND FITNESS FOR A PARTICULAR PURPOSE, REGARDING THE APPLE SOFTWARE OR ITS USE AND OPERATION ALONE OR IN COMBINATION WITH YOUR PRODUCTS.\n\nIN NO EVENT SHALL APPLE BE LIABLE FOR ANY SPECIAL, INDIRECT, INCIDENTAL OR CONSEQUENTIAL DAMAGES (INCLUDING, BUT NOT LIMITED TO, PROCUREMENT OF SUBSTITUTE GOODS OR SERVICES; LOSS OF USE, DATA, OR PROFITS; OR BUSINESS INTERRUPTION) ARISING IN ANY WAY OUT OF THE USE, REPRODUCTION, MODIFICATION AND/OR DISTRIBUTION OF THE APPLE SOFTWARE, HOWEVER CAUSED AND WHETHER UNDER THEORY OF CONTRACT, TORT (INCLUDING NEGLIGENCE), STRICT LIABILITY OR OTHERWISE, EVEN IF APPLE HAS BEEN ADVISED OF THE POSSIBILITY OF SUCH DAMAGE.\n\n",
  "name": "Apple MIT License",
  "licenseId": "AML",
  "crossRef": [
    {
      "match": "false",
      "url": "https://fedoraproject.org/wiki/Licensing/Apple_MIT_License",
      "isValid": true,
      "isLive": true,
      "timestamp": "2024-08-19T17:38:13Z",
      "isWayBackLink": false,
      "order": 0
    }
  ],
  "seeAlso": [
    "https://fedoraproject.org/wiki/Licensing/Apple_MIT_License"
  ],
  "isOsiApproved": false,
  "licenseTextHtml": "\n      \u003cdiv class\u003d\"replaceable-license-text\"\u003e \n         \u003cp\u003eCopyright: Copyright (c) 2006 by Apple Computer, Inc., All Rights Reserved.\u003c/p\u003e\n\n      \u003c/div\u003e\n\n      \u003cp\u003eIMPORTANT: This Apple software is supplied to you by Apple Computer, Inc. (\u0026quot;Apple\u0026quot;) in consideration of\n         your agreement to the following terms, and your use, installation, modification or redistribution of\n         this Apple software constitutes acceptance of these terms. If you do not agree with these terms,\n         please do not use, install, modify or redistribute this Apple software.\u003c/p\u003e\n\n      \u003cp\u003eIn consideration of your agreement to abide by the following terms, and subject to these terms, Apple\n         grants you a personal, non-exclusive license, under Apple\u0026apos;s copyrights in this original Apple software\n         (the \u0026quot;Apple Software\u0026quot;), to use, reproduce, modify and redistribute the Apple Software, with or without\n         modifications, in source and/or binary forms; provided that if you redistribute the Apple Software in\n         its entirety and without modifications, you must retain this notice and the following text and\n         disclaimers in all such redistributions of the Apple Software. Neither the name, trademarks, service\n         marks or logos of Apple Computer, Inc. may be used to endorse or promote products derived from the\n         Apple Software without specific prior written permission from Apple. Except as expressly stated in\n         this notice, no other rights or licenses, express or implied, are granted by Apple herein, including\n         but not limited to any patent rights that may be infringed by your derivative works or by other works\n         in which the Apple Software may be incorporated.\u003c/p\u003e\n\n      \u003cp\u003eThe Apple Software is provided by Apple on an \u0026quot;AS IS\u0026quot; basis. APPLE MAKES NO WARRANTIES, EXPRESS OR\n         IMPLIED, INCLUDING WITHOUT LIMITATION THE IMPLIED WARRANTIES OF NON-INFRINGEMENT, MERCHANTABILITY AND\n         FITNESS FOR A PARTICULAR PURPOSE, REGARDING THE APPLE SOFTWARE OR ITS USE AND OPERATION ALONE OR IN\n         COMBINATION WITH YOUR PRODUCTS.\u003c/p\u003e\n\n      \u003cp\u003eIN NO EVENT SHALL APPLE BE LIABLE FOR ANY SPECIAL, INDIRECT, INCIDENTAL OR CONSEQUENTIAL DAMAGES\n         (INCLUDING, BUT NOT LIMITED TO, PROCUREMENT OF SUBSTITUTE GOODS OR SERVICES; LOSS OF USE, DATA, OR\n         PROFITS; OR BUSINESS INTERRUPTION) ARISING IN ANY WAY OUT OF THE USE, REPRODUCTION, MODIFICATION\n         AND/OR DISTRIBUTION OF THE APPLE SOFTWARE, HOWEVER CAUSED AND WHETHER UNDER THEORY OF CONTRACT, TORT\n         (INCLUDING NEGLIGENCE), STRICT LIABILITY OR OTHERWISE, EVEN IF APPLE HAS BEEN ADVISED OF THE\n         POSSIBILITY OF SUCH DAMAGE.\u003c/p\u003e\n\n    "
}