{
  "isDeprecatedLicenseId": false,
  "licenseText": "ASWF Digital Assets License v1.0\n\nLicense for \u003cAsset Name\u003e (the \"Asset Name\").\n\n\u003cAsset Name\u003e Copyright \u003cYear\u003e \u003cAsset Owner\u003e. All rights reserved.\n\nRedistribution and use of these digital assets, with or without modification, solely for education, training, research, software and hardware development, performance benchmarking (including publication of benchmark results and permitting reproducibility of the benchmark results by third parties), or software and hardware product demonstrations, are permitted provided that the following conditions are met:\n\n1. Redistributions of these digital assets or any part of them must include the above copyright notice, this list of conditions and the disclaimer below.\n\n2. Publications showing images derived from these digital assets must include the above copyright notice.\n\n3. The names of copyright holder or the names of its contributors may NOT be used to promote or to imply endorsement, sponsorship, or affiliation with products developed or tested utilizing these digital assets or benchmarking results obtained from these digital assets, without prior written permission from copyright holder.\n\n4. The assets and their output may only be referred to as the Asset Name listed above, and your use of the Asset Name shall be solely to identify the digital assets. Other than as expressly permitted by this License, you may NOT use any trade names, trademarks, service marks, or product names of the copyright holder for any purpose.\n\nDISCLAIMER: THESE DIGITAL ASSETS ARE PROVIDED BY THE COPYRIGHT HOLDER \"AS IS\" AND ANY EXPRESS OR IMPLIED WARRANTIES, INCLUDING, BUT NOT LIMITED TO, THE IMPLIED WARRANTIES OF MERCHANTABILITY AND FITNESS FOR A PARTICULAR PURPOSE, ARE DISCLAIMED. IN NO EVENT SHALL COPYRIGHT HOLDER BE LIABLE FOR ANY DIRECT, INDIRECT, INCIDENTAL, SPECIAL, EXEMPLARY, OR CONSEQUENTIAL DAMAGES (INCLUDING, BUT NOT LIMITED TO, PROCUREMENT OF SUBSTITUTE GOODS OR SERVICES; LOSS OF USE, DATA, OR PROFITS; OR BUSINESS INTERRUPTION) HOWEVER CAUSED AND ON ANY THEORY OF LIABILITY, WHETHER IN CONTRACT, STRICT LIABILITY, OR TORT (INCLUDING NEGLIGENCE OR OTHERWISE) ARISING IN ANY WAY OUT OF THE USE OF THESE DIGITAL ASSETS, EVEN IF ADVISED OF THE POSSIBILITY OF SUCH DAMAGE.\n",
  "standardLicenseTemplate": "\u003c\u003cbeginOptional\u003e\u003eASWF Digital Assets License v1.0\n\n\u003c\u003cendOptional\u003e\u003e\n\nLicense for \u003cAsset Name\u003e (the \"Asset Name\").\n\n\u003cAsset Name\u003e Copyright \u003cYear\u003e \u003cAsset Owner\u003e. All rights reserved.\n\nRedistribution and use of these digital assets, with or without modification, solely for education, training, research, software and hardware development, performance benchmarking (including publication of benchmark results and permitting reproducibility of the benchmark results by third parties), or software and hardware product demonstrations, are permitted provided that the following conditions are met:\n\n   \u003c\u003cvar;name\u003d\"bullet\";original\u003d\"1.\";match\u003d\".{0,20}\"\u003e\u003e Redistributions of these digital assets or any part of them must include the above copyright notice, this list of conditions and the disclaimer below.\n\n   \u003c\u003cvar;name\u003d\"bullet\";original\u003d\"2.\";match\u003d\".{0,20}\"\u003e\u003e Publications showing images derived from these digital assets must include the above copyright notice.\n\n   \u003c\u003cvar;name\u003d\"bullet\";original\u003d\"3.\";match\u003d\".{0,20}\"\u003e\u003e The names of copyright holder or the names of its contributors may NOT be used to promote or to imply endorsement, sponsorship, or affiliation with products developed or tested utilizing these digital assets or benchmarking results obtained from these digital assets, without prior written permission from copyright holder.\n\n   \u003c\u003cvar;name\u003d\"bullet\";original\u003d\"4.\";match\u003d\".{0,20}\"\u003e\u003e The assets and their output may only be referred to as the Asset Name listed above, and your use of the Asset Name shall be solely to identify the digital assets. Other than as expressly permitted by this License, you may NOT use any trade names, trademarks, service marks, or product names of the copyright holder for any purpose.\n\nDISCLAIMER: THESE DIGITAL ASSETS ARE PROVIDED BY THE COPYRIGHT HOLDER \"AS IS\" AND ANY EXPRESS OR IMPLIED WARRANTIES, INCLUDING, BUT NOT LIMITED TO, THE IMPLIED WARRANTIES OF MERCHANTABILITY AND FITNESS FOR A PARTICULAR PURPOSE, ARE DISCLAIMED. IN NO EVENT SHALL COPYRIGHT HOLDER BE LIABLE FOR ANY DIRECT, INDIRECT, INCIDENTAL, SPECIAL, EXEMPLARY, OR CONSEQUENTIAL DAMAGES (INCLUDING, BUT NOT LIMITED TO, PROCUREMENT OF SUBSTITUTE GOODS OR SERVICES; LOSS OF USE, DATA, OR PROFITS; OR BUSINESS INTERRUPTION) HOWEVER CAUSED AND ON ANY THEORY OF LIABILITY, WHETHER IN CONTRACT, STRICT LIABILITY, OR TORT (INCLUDING NEGLIGENCE OR OTHERWISE) ARISING IN ANY WAY OUT OF THE USE OF THESE DIGITAL ASSETS, EVEN IF ADVISED OF THE POSSIBILITY OF SUCH DAMAGE.\n\n",
  "name": "ASWF Digital Assets License version 1.0",
  "licenseId": "ASWF-Digital-Assets-1.0",
  "crossRef": [
    {
      "match": "false",
      "url": "https://github.com/AcademySoftwareFoundation/foundation/blob/main/digital_assets/aswf_digital_assets_license_v1.0.txt",
      "isValid": true,
      "isLive": true,
      "timestamp": "2024-08-19T17:36:17Z",
      "isWayBackLink": false,
      "order": 0
    }
  ],
  "seeAlso": [
    "https://github.com/AcademySoftwareFoundation/foundation/blob/main/digital_assets/aswf_digital_assets_license_v1.0.txt"
  ],
  "isOsiApproved": false,
  "licenseTextHtml": "\n         \u003cdiv class\u003d\"optional-license-text\"\u003e \n            \u003cp\u003e\n               ASWF Digital Assets License v1.0\n            \u003c/p\u003e\n\n         \u003c/div\u003e\n         \u003cp\u003e\n            License for \u0026lt;Asset Name\u0026gt; (the \u0026quot;Asset Name\u0026quot;).\n         \u003c/p\u003e\n\n         \u003cp\u003e\n            \u0026lt;Asset Name\u0026gt; Copyright \u0026lt;Year\u0026gt; \u0026lt;Asset Owner\u0026gt;. All rights reserved.\n         \u003c/p\u003e\n\n         \u003cp\u003e\n            Redistribution and use of these digital assets, with or\n            without modification, solely for education, training,\n            research, software and hardware development, performance\n            benchmarking (including publication of benchmark results and\n            permitting reproducibility of the benchmark results by third\n            parties), or software and hardware product demonstrations,\n            are permitted provided that the following conditions are met:\n         \u003c/p\u003e\n\n\u003cul style\u003d\"list-style:none\"\u003e\n            \n\u003cli\u003e\n               \u003cvar class\u003d\"replaceable-license-text\"\u003e 1.\u003c/var\u003e\n               Redistributions of these digital assets or any part\n               of them must include the above copyright notice,\n               this list of conditions and the disclaimer below.\n            \u003c/li\u003e\n            \n\u003cli\u003e\n               \u003cvar class\u003d\"replaceable-license-text\"\u003e 2.\u003c/var\u003e\n               Publications showing images derived from these digital\n               assets must include the above copyright notice.\n            \u003c/li\u003e\n            \n\u003cli\u003e\n               \u003cvar class\u003d\"replaceable-license-text\"\u003e 3.\u003c/var\u003e\n               The names of copyright holder or the names of its\n               contributors may NOT be used to promote or to imply\n               endorsement, sponsorship, or affiliation with products\n               developed or tested utilizing these digital assets or\n               benchmarking results obtained from these digital assets,\n               without prior written permission from copyright holder.\n            \u003c/li\u003e\n            \n\u003cli\u003e\n               \u003cvar class\u003d\"replaceable-license-text\"\u003e 4.\u003c/var\u003e\n               The assets and their output may only be referred to as\n               the Asset Name listed above, and your use of the Asset\n               Name shall be solely to identify the digital assets.\n               Other than as expressly permitted by this License, you\n               may NOT use any trade names, trademarks, service marks,\n               or product names of the copyright holder for any purpose.\n            \u003c/li\u003e\n         \n\u003c/ul\u003e\n         \u003cp\u003e\n            DISCLAIMER: THESE DIGITAL ASSETS ARE PROVIDED BY THE COPYRIGHT\n            HOLDER \u0026quot;AS IS\u0026quot; AND ANY EXPRESS OR IMPLIED WARRANTIES, INCLUDING,\n            BUT NOT LIMITED TO, THE IMPLIED WARRANTIES OF MERCHANTABILITY\n            AND FITNESS FOR A PARTICULAR PURPOSE, ARE DISCLAIMED. IN NO\n            EVENT SHALL COPYRIGHT HOLDER BE LIABLE FOR ANY DIRECT, INDIRECT,\n            INCIDENTAL, SPECIAL, EXEMPLARY, OR CONSEQUENTIAL DAMAGES\n            (INCLUDING, BUT NOT LIMITED TO, PROCUREMENT OF SUBSTITUTE GOODS OR\n            SERVICES; LOSS OF USE, DATA, OR PROFITS; OR BUSINESS INTERRUPTION)\n            HOWEVER CAUSED AND ON ANY THEORY OF LIABILITY, WHETHER IN\n            CONTRACT, STRICT LIABILITY, OR TORT (INCLUDING NEGLIGENCE OR\n            OTHERWISE) ARISING IN ANY WAY OUT OF THE USE OF THESE DIGITAL\n            ASSETS, EVEN IF ADVISED OF THE POSSIBILITY OF SUCH DAMAGE.\n         \u003c/p\u003e\n\n      "
}