{
  "isDeprecatedLicenseId": false,
  "licenseText": "Copyright (c) 2003, Dr Brian Gladman, Worcester, UK.   All rights reserved.\n\nLICENSE TERMS\n\nThe free distribution and use of this software in both source and binary\nform is allowed (with or without changes) provided that:\n\n  1. distributions of this source code include the above copyright\n     notice, this list of conditions and the following disclaimer;\n\n  2. distributions in binary form include the above copyright\n     notice, this list of conditions and the following disclaimer\n     in the documentation and/or other associated materials;\n\n  3. the copyright holder\u0027s name is not used to endorse products\n     built using this software without specific written permission.\n\nALTERNATIVELY, provided that this notice is retained in full, this product\nmay be distributed under the terms of the GNU General Public License (GPL),\nin which case the provisions of the GPL apply INSTEAD OF those given above.\n\nDISCLAIMER\n\nThis software is provided \u0027as is\u0027 with no explicit or implied warranties\nin respect of its properties, including, but not limited to, correctness\nand/or fitness for purpose.\n",
  "standardLicenseTemplate": "\u003c\u003cvar;name\u003d\"copyright\";original\u003d\"Copyright (c) 2003, Dr Brian Gladman, Worcester, UK. All rights reserved.\";match\u003d\".{0,5000}\"\u003e\u003e\n\nLICENSE TERMS\n\nThe free distribution and use of this software in both source and binary form is allowed (with or without changes) provided that:\n\n   \u003c\u003cvar;name\u003d\"bullet\";original\u003d\"1.\";match\u003d\".{0,20}\"\u003e\u003e distributions of this source code include the above copyright notice, this list of conditions and the following disclaimer;\n\n   \u003c\u003cvar;name\u003d\"bullet\";original\u003d\"2.\";match\u003d\".{0,20}\"\u003e\u003e distributions in binary form include the above copyright notice, this list of conditions and the following disclaimer in the documentation and/or other associated materials;\n\n   \u003c\u003cvar;name\u003d\"bullet\";original\u003d\"3.\";match\u003d\".{0,20}\"\u003e\u003e the copyright holder\u0027s name is not used to endorse products built using this software without specific written permission.\n\nALTERNATIVELY, provided that this notice is retained in full, this product may be distributed under the terms of the GNU General Public License (GPL), in which case the provisions of the GPL apply INSTEAD OF those given above.\n\nDISCLAIMER\n\nThis software is provided \u0027as is\u0027 with no explicit or implied warranties in respect of its properties, including, but not limited to, correctness and/or fitness for purpose.\n\n",
  "name": "Brian Gladman 3-Clause License",
  "licenseId": "Brian-Gladman-3-Clause",
  "crossRef": [
    {
      "match": "false",
      "url": "https://github.com/SWI-Prolog/packages-clib/blob/master/sha1/brg_endian.h",
      "isValid": true,
      "isLive": true,
      "timestamp": "2024-08-19T17:38:22Z",
      "isWayBackLink": false,
      "order": 0
    }
  ],
  "seeAlso": [
    "https://github.com/SWI-Prolog/packages-clib/blob/master/sha1/brg_endian.h"
  ],
  "isOsiApproved": false,
  "licenseTextHtml": "\n         \u003cvar class\u003d\"replaceable-license-text\"\u003e \n            Copyright (c) 2003, Dr Brian Gladman, Worcester, UK.   All rights reserved.\n         \u003c/var\u003e\n         \u003cp\u003e\n            LICENSE TERMS\n         \u003c/p\u003e\n\n\t \u003cp\u003e\n            The free distribution and use of this software in both source and binary\n            form is allowed (with or without changes) provided that:\n\t \u003c/p\u003e\n\n\u003cul style\u003d\"list-style:none\"\u003e\n\t\t\n\u003cli\u003e\n\t\t\t\u003cvar class\u003d\"replaceable-license-text\"\u003e 1.\u003c/var\u003e distributions of this source code include the above copyright\n\t\t\tnotice, this list of conditions and the following disclaimer;\n\t\t\u003c/li\u003e\n\t\t\n\u003cli\u003e\n\t\t\t\u003cvar class\u003d\"replaceable-license-text\"\u003e 2.\u003c/var\u003e distributions in binary form include the above copyright\n\t\t\tnotice, this list of conditions and the following disclaimer\n\t\t\tin the documentation and/or other associated materials;\n\t\t\u003c/li\u003e\n\t\t\n\u003cli\u003e\n\t\t\t\u003cvar class\u003d\"replaceable-license-text\"\u003e 3.\u003c/var\u003e the copyright holder\u0026apos;s name is not used to endorse products\n\t\t\tbuilt using this software without specific written permission.\n\t\t\u003c/li\u003e\n\t\n\u003c/ul\u003e\n\t\u003cp\u003e\n\t\tALTERNATIVELY, provided that this notice is retained in full, this product\n\t\tmay be distributed under the terms of the GNU General Public License (GPL),\n\t\tin which case the provisions of the GPL apply INSTEAD OF those given above.\n\t\u003c/p\u003e\n\n\t\u003cp\u003e\n\t\tDISCLAIMER\n\t\u003c/p\u003e\n\n\t\u003cp\u003e\n\t\tThis software is provided \u0026apos;as is\u0026apos; with no explicit or implied warranties\n\t\tin respect of its properties, including, but not limited to, correctness\n\t\tand/or fitness for purpose.\n\t\u003c/p\u003e\n\n      "
}