{
  "isDeprecatedLicenseId": false,
  "licenseText": "Copyright (c) 2001 David Giffin.\nAll rights reserved.\n\nRedistribution and use in source and binary forms, with or without\nmodification, are permitted provided that the following conditions\nare met:\n\n1. Redistributions of source code must retain the above copyright\nnotice, this list of conditions and the following disclaimer.\n\n2. Redistributions in binary form must reproduce the above copyright\nnotice, this list of conditions and the following disclaimer in\nthe documentation and/or other materials provided with the\ndistribution.\n\n3. All advertising materials mentioning features or use of this\nsoftware must display the following acknowledgment:\n\"This product includes software developed by\nDavid Giffin \u003cdavid@giffin.org\u003e.\"\n\n4. Redistributions of any form whatsoever must retain the following\nacknowledgment:\n\"This product includes software developed by\nDavid Giffin \u003cdavid@giffin.org\u003e.\"\n\nTHIS SOFTWARE IS PROVIDED BY DAVID GIFFIN ``AS IS\u0027\u0027 AND ANY\nEXPRESSED OR IMPLIED WARRANTIES, INCLUDING, BUT NOT LIMITED TO, THE\nIMPLIED WARRANTIES OF MERCHANTABILITY AND FITNESS FOR A PARTICULAR\nPURPOSE ARE DISCLAIMED.  IN NO EVENT SHALL DAVID GIFFIN OR\nITS CONTRIBUTORS BE LIABLE FOR ANY DIRECT, INDIRECT, INCIDENTAL,\nSPECIAL, EXEMPLARY, OR CONSEQUENTIAL DAMAGES (INCLUDING, BUT\nNOT LIMITED TO, PROCUREMENT OF SUBSTITUTE GOODS OR SERVICES;\nLOSS OF USE, DATA, OR PROFITS; OR BUSINESS INTERRUPTION)\nHOWEVER CAUSED AND ON ANY THEORY OF LIABILITY, WHETHER IN CONTRACT,\nSTRICT LIABILITY, OR TORT (INCLUDING NEGLIGENCE OR OTHERWISE)\nARISING IN ANY WAY OUT OF THE USE OF THIS SOFTWARE, EVEN IF ADVISED\nOF THE POSSIBILITY OF SUCH DAMAGE.\n",
  "standardLicenseTemplate": "\u003c\u003cvar;name\u003d\"copyright\";original\u003d\"Copyright (c) 2001 David Giffin. All rights reserved.\";match\u003d\".{0,5000}\"\u003e\u003e\n\nRedistribution and use in source and binary forms, with or without modification, are permitted provided that the following conditions are met:\n\n   \u003c\u003cvar;name\u003d\"bullet\";original\u003d\"1.\";match\u003d\".{0,20}\"\u003e\u003e Redistributions of source code must retain the above copyright notice, this list of conditions and the following disclaimer.\n\n   \u003c\u003cvar;name\u003d\"bullet\";original\u003d\"2.\";match\u003d\".{0,20}\"\u003e\u003e Redistributions in binary form must reproduce the above copyright notice, this list of conditions and the following disclaimer in the documentation and/or other materials provided with the distribution.\n\n   \u003c\u003cvar;name\u003d\"bullet\";original\u003d\"3.\";match\u003d\".{0,20}\"\u003e\u003e All advertising materials mentioning features or use of this software must display the following acknowledgment: \"This product includes software developed by \u003c\u003cvar;name\u003d\"nameClause3\";original\u003d\"David Giffin \u003cdavid@giffin.org\u003e\";match\u003d\".+\"\u003e\u003e .\"\n\n   \u003c\u003cvar;name\u003d\"bullet\";original\u003d\"4.\";match\u003d\".{0,20}\"\u003e\u003e Redistributions of any form whatsoever must retain the following acknowledgment: \"This product includes software developed by \u003c\u003cvar;name\u003d\"nameClause4\";original\u003d\"David Giffin \u003cdavid@giffin.org\u003e\";match\u003d\".+\"\u003e\u003e .\"\n\nTHIS SOFTWARE IS PROVIDED BY \u003c\u003cvar;name\u003d\"nameDisclaimer\";original\u003d\"DAVID GIFFIN\";match\u003d\".+\"\u003e\u003e ``AS IS\u0027\u0027 AND ANY EXPRESSED OR IMPLIED WARRANTIES, INCLUDING, BUT NOT LIMITED TO, THE IMPLIED WARRANTIES OF MERCHANTABILITY AND FITNESS FOR A PARTICULAR PURPOSE ARE DISCLAIMED. IN NO EVENT SHALL \u003c\u003cvar;name\u003d\"nameDisclaimer2\";original\u003d\"DAVID GIFFIN\";match\u003d\".+\"\u003e\u003e OR ITS CONTRIBUTORS BE LIABLE FOR ANY DIRECT, INDIRECT, INCIDENTAL, SPECIAL, EXEMPLARY, OR CONSEQUENTIAL DAMAGES (INCLUDING, BUT NOT LIMITED TO, PROCUREMENT OF SUBSTITUTE GOODS OR SERVICES; LOSS OF USE, DATA, OR PROFITS; OR BUSINESS INTERRUPTION) HOWEVER CAUSED AND ON ANY THEORY OF LIABILITY, WHETHER IN CONTRACT, STRICT LIABILITY, OR TORT (INCLUDING NEGLIGENCE OR OTHERWISE) ARISING IN ANY WAY OUT OF THE USE OF THIS SOFTWARE, EVEN IF ADVISED OF THE POSSIBILITY OF SUCH DAMAGE.\n\n",
  "name": "BSD Advertising Acknowledgement License",
  "licenseComments": "This appears to be similar BSD-4-Clause, but replaces the \"no endorsement\" 4th clause with an attribution clause.",
  "licenseId": "BSD-Advertising-Acknowledgement",
  "crossRef": [
    {
      "match": "false",
      "url": "https://github.com/python-excel/xlrd/blob/master/LICENSE#L33",
      "isValid": true,
      "isLive": true,
      "timestamp": "2024-08-19T17:38:32Z",
      "isWayBackLink": false,
      "order": 0
    }
  ],
  "seeAlso": [
    "https://github.com/python-excel/xlrd/blob/master/LICENSE#L33"
  ],
  "isOsiApproved": false,
  "licenseTextHtml": "\n         \u003cvar class\u003d\"replaceable-license-text\"\u003e \n            Copyright (c) 2001 David Giffin. All rights reserved.\n         \u003c/var\u003e\n         \u003cp\u003e\n            Redistribution and use in source and binary\n            forms, with or without modification, are permitted\n            provided that the following conditions are met:\n         \u003c/p\u003e\n\n\u003cul style\u003d\"list-style:none\"\u003e\n            \n\u003cli\u003e\n               \u003cvar class\u003d\"replaceable-license-text\"\u003e 1.\u003c/var\u003e\n               Redistributions of source code must retain the above copyright\n               notice, this list of conditions and the following disclaimer.\n            \u003c/li\u003e\n            \n\u003cli\u003e\n               \u003cvar class\u003d\"replaceable-license-text\"\u003e 2.\u003c/var\u003e\n               Redistributions in binary form must reproduce the\n               above copyright notice, this list of conditions and\n               the following disclaimer in the documentation and/or\n               other materials provided with the distribution.\n            \u003c/li\u003e\n            \n\u003cli\u003e\n               \u003cvar class\u003d\"replaceable-license-text\"\u003e 3.\u003c/var\u003e\n               All advertising materials mentioning features or use of this\n               software must display the following acknowledgment: \u0026quot;This\n               product includes software developed by\u003cvar class\u003d\"replaceable-license-text\"\u003e David Giffin \u0026lt;david@giffin.org\u0026gt;\u003c/var\u003e\n               .\u0026quot;\n            \u003c/li\u003e\n            \n\u003cli\u003e\n               \u003cvar class\u003d\"replaceable-license-text\"\u003e 4.\u003c/var\u003e\n               Redistributions of any form whatsoever must retain\n               the following acknowledgment: \u0026quot;This product includes\n               software developed by\u003cvar class\u003d\"replaceable-license-text\"\u003e David Giffin \u0026lt;david@giffin.org\u0026gt;\u003c/var\u003e\n               .\u0026quot;\n            \u003c/li\u003e\n         \n\u003c/ul\u003e\n         \u003cp\u003e\n            THIS SOFTWARE IS PROVIDED BY\u003cvar class\u003d\"replaceable-license-text\"\u003e DAVID GIFFIN\u003c/var\u003e\n            ``AS IS\u0026apos;\u0026apos; AND ANY EXPRESSED OR IMPLIED WARRANTIES, INCLUDING,\n            BUT NOT LIMITED TO, THE IMPLIED WARRANTIES OF MERCHANTABILITY\n            AND FITNESS FOR A PARTICULAR PURPOSE ARE DISCLAIMED. IN NO EVENT\n            SHALL\u003cvar class\u003d\"replaceable-license-text\"\u003e DAVID GIFFIN\u003c/var\u003e\n            OR ITS CONTRIBUTORS BE LIABLE FOR ANY DIRECT, INDIRECT,\n            INCIDENTAL, SPECIAL, EXEMPLARY, OR CONSEQUENTIAL DAMAGES\n            (INCLUDING, BUT NOT LIMITED TO, PROCUREMENT OF SUBSTITUTE\n            GOODS OR SERVICES; LOSS OF USE, DATA, OR PROFITS; OR BUSINESS\n            INTERRUPTION) HOWEVER CAUSED AND ON ANY THEORY OF LIABILITY,\n            WHETHER IN CONTRACT, STRICT LIABILITY, OR TORT (INCLUDING\n            NEGLIGENCE OR OTHERWISE) ARISING IN ANY WAY OUT OF THE USE OF\n            THIS SOFTWARE, EVEN IF ADVISED OF THE POSSIBILITY OF SUCH DAMAGE.\n         \u003c/p\u003e\n\n      "
}