{
  "isDeprecatedLicenseId": false,
  "licenseText": "Copyright (c) 2001-2013 Oracle and/or its affiliates. All rights reserved.\n\nRedistribution and  use in  source and binary  forms, with  or without\nmodification, are permitted provided that the following conditions are\nmet:\n\n- Redistributions  of  source code  must  retain  the above  copyright\n  notice, this list of conditions and the following disclaimer.\n\n- Redistribution  in binary  form must  reproduct the  above copyright\n  notice, this list of conditions  and the following disclaimer in the\n  documentation and/or other materials provided with the distribution.\n\nNeither  the  name   of  Sun  Microsystems,  Inc.  or   the  names  of\ncontributors may be  used to endorse or promote  products derived from\nthis software without specific prior written permission.\n\nThis software is provided \"AS IS,\" without a warranty of any kind. ALL\nEXPRESS  OR   IMPLIED  CONDITIONS,  REPRESENTATIONS   AND  WARRANTIES,\nINCLUDING  ANY  IMPLIED WARRANTY  OF  MERCHANTABILITY,  FITNESS FOR  A\nPARTICULAR PURPOSE  OR NON-INFRINGEMENT, ARE HEREBY  EXCLUDED. SUN AND\nITS  LICENSORS SHALL  NOT BE  LIABLE  FOR ANY  DAMAGES OR  LIABILITIES\nSUFFERED BY LICENSEE  AS A RESULT OF OR  RELATING TO USE, MODIFICATION\nOR DISTRIBUTION OF  THE SOFTWARE OR ITS DERIVATIVES.  IN NO EVENT WILL\nSUN OR ITS  LICENSORS BE LIABLE FOR ANY LOST  REVENUE, PROFIT OR DATA,\nOR  FOR  DIRECT,   INDIRECT,  SPECIAL,  CONSEQUENTIAL,  INCIDENTAL  OR\nPUNITIVE  DAMAGES, HOWEVER  CAUSED  AND REGARDLESS  OF  THE THEORY  OF\nLIABILITY, ARISING  OUT OF  THE USE OF  OR INABILITY TO  USE SOFTWARE,\nEVEN IF SUN HAS BEEN ADVISED OF THE POSSIBILITY OF SUCH DAMAGES.\n",
  "standardLicenseTemplate": "\u003c\u003cvar;name\u003d\"copyright\";original\u003d\"Copyright (c) 2001-2013 Oracle and/or its affiliates. All rights reserved.  \";match\u003d\".{0,5000}\"\u003e\u003e\n\nRedistribution and use in source and binary forms, with or without modification, are permitted provided that the following conditions are met:\n\n   \u003c\u003cvar;name\u003d\"bullet\";original\u003d\"-\";match\u003d\".{0,20}\"\u003e\u003e Redistributions of source code must retain the above copyright notice, this list of conditions and the following disclaimer.\n\n   \u003c\u003cvar;name\u003d\"bullet\";original\u003d\"-\";match\u003d\".{0,20}\"\u003e\u003e Redistribution in binary form must reproduct the above copyright notice, this list of conditions and the following disclaimer in the documentation and/or other materials provided with the distribution.\n\nNeither the name of Sun Microsystems, Inc. or the names of contributors may be used to endorse or promote products derived from this software without specific prior written permission.\n\nThis software is provided \"AS IS,\" without a warranty of any kind. ALL EXPRESS OR IMPLIED CONDITIONS, REPRESENTATIONS AND WARRANTIES, INCLUDING ANY IMPLIED WARRANTY OF MERCHANTABILITY, FITNESS FOR A PARTICULAR PURPOSE OR NON-INFRINGEMENT, ARE HEREBY EXCLUDED. SUN AND ITS LICENSORS SHALL NOT BE LIABLE FOR ANY DAMAGES OR LIABILITIES SUFFERED BY LICENSEE AS A RESULT OF OR RELATING TO USE, MODIFICATION OR DISTRIBUTION OF THE SOFTWARE OR ITS DERIVATIVES. IN NO EVENT WILL SUN OR ITS LICENSORS BE LIABLE FOR ANY LOST REVENUE, PROFIT OR DATA, OR FOR DIRECT, INDIRECT, SPECIAL, CONSEQUENTIAL, INCIDENTAL OR PUNITIVE DAMAGES, HOWEVER CAUSED AND REGARDLESS OF THE THEORY OF LIABILITY, ARISING OUT OF THE USE OF OR INABILITY TO USE SOFTWARE, EVEN IF SUN HAS BEEN ADVISED OF THE POSSIBILITY OF SUCH DAMAGES.\n\n",
  "name": "BSD 3-Clause Sun Microsystems",
  "licenseComments": "This license is very similar to BSD-3-Clause-No-Nuclear-Warranty except it has variations in the disclaimer and omits the no-nuclear-warranty at the end.",
  "licenseId": "BSD-3-Clause-Sun",
  "crossRef": [
    {
      "match": "false",
      "url": "https://github.com/xmlark/msv/blob/b9316e2f2270bc1606952ea4939ec87fbba157f3/xsdlib/src/main/java/com/sun/msv/datatype/regexp/InternalImpl.java",
      "isValid": true,
      "isLive": true,
      "timestamp": "2024-08-19T17:37:56Z",
      "isWayBackLink": false,
      "order": 0
    }
  ],
  "seeAlso": [
    "https://github.com/xmlark/msv/blob/b9316e2f2270bc1606952ea4939ec87fbba157f3/xsdlib/src/main/java/com/sun/msv/datatype/regexp/InternalImpl.java"
  ],
  "isOsiApproved": false,
  "licenseTextHtml": "\n      \u003cdiv class\u003d\"replaceable-license-text\"\u003e \n        \u003cp\u003eCopyright (c) 2001-2013 Oracle and/or its affiliates. All rights reserved.\u003c/p\u003e\n\n      \u003c/div\u003e\n      \u003cp\u003e\n        Redistribution and  use in  source and binary  forms, with  or without\n        modification, are permitted provided that the following conditions are\n        met:\n      \u003c/p\u003e\n\n\u003cul style\u003d\"list-style:none\"\u003e\n        \n\u003cli\u003e\n          \u003cvar class\u003d\"replaceable-license-text\"\u003e -\u003c/var\u003e\n          Redistributions  of  source code  must  retain  the above  copyright\n          notice, this list of conditions and the following disclaimer.\n        \u003c/li\u003e\n        \n\u003cli\u003e\n          \u003cvar class\u003d\"replaceable-license-text\"\u003e -\u003c/var\u003e\n          Redistribution  in binary  form must  reproduct the  above copyright\n          notice, this list of conditions  and the following disclaimer in the\n          documentation and/or other materials provided with the distribution.\n        \u003c/li\u003e\n      \n\u003c/ul\u003e\n      \u003cp\u003e\n        Neither  the  name   of  Sun  Microsystems,  Inc.  or   the  names  of\n        contributors may be  used to endorse or promote  products derived from\n        this software without specific prior written permission.\n      \u003c/p\u003e\n\n      \u003cp\u003e\n        This software is provided \u0026quot;AS IS,\u0026quot; without a warranty of any kind. ALL\n        EXPRESS  OR   IMPLIED  CONDITIONS,  REPRESENTATIONS   AND  WARRANTIES,\n        INCLUDING  ANY  IMPLIED WARRANTY  OF  MERCHANTABILITY,  FITNESS FOR  A\n        PARTICULAR PURPOSE  OR NON-INFRINGEMENT, ARE HEREBY  EXCLUDED. SUN AND\n        ITS  LICENSORS SHALL  NOT BE  LIABLE  FOR ANY  DAMAGES OR  LIABILITIES\n        SUFFERED BY LICENSEE  AS A RESULT OF OR  RELATING TO USE, MODIFICATION\n        OR DISTRIBUTION OF  THE SOFTWARE OR ITS DERIVATIVES.  IN NO EVENT WILL\n        SUN OR ITS  LICENSORS BE LIABLE FOR ANY LOST  REVENUE, PROFIT OR DATA,\n        OR  FOR  DIRECT,   INDIRECT,  SPECIAL,  CONSEQUENTIAL,  INCIDENTAL  OR\n        PUNITIVE  DAMAGES, HOWEVER  CAUSED  AND REGARDLESS  OF  THE THEORY  OF\n        LIABILITY, ARISING  OUT OF  THE USE OF  OR INABILITY TO  USE SOFTWARE,\n        EVEN IF SUN HAS BEEN ADVISED OF THE POSSIBILITY OF SUCH DAMAGES.\n      \u003c/p\u003e\n\n    "
}