{
  "isDeprecatedLicenseId": false,
  "licenseText": "Redistribution and use in source and binary forms, with or without\nmodification, are permitted provided that the following conditions\nare met:\n1. Redistributions of source code must retain the above copyright\n   notice, this list of conditions and the following disclaimer.\n2. Redistributions in binary form must reproduce the above copyright\n   notice, this list of conditions and the following disclaimer in the\n   documentation and/or other materials provided with the distribution.\n3. Neither the name of the HP nor the names of its\n   contributors may be used to endorse or promote products derived\n   from this software without specific prior written permission.\n\nTHIS SOFTWARE IS PROVIDED BY THE AUTHOR \"AS IS\" AND ANY EXPRESS OR\nIMPLIED WARRANTIES, INCLUDING, BUT NOT LIMITED TO, THE IMPLIED WARRANTIES\nOF MERCHANTABILITY AND FITNESS FOR A PARTICULAR PURPOSE ARE DISCLAIMED.\nIN NO EVENT SHALL THE AUTHOR BE LIABLE FOR ANY DIRECT, INDIRECT,\nINCIDENTAL, SPECIAL, EXEMPLARY, OR CONSEQUENTIAL DAMAGES (INCLUDING, BUT\nNOT LIMITED TO, PATENT INFRINGEMENT; PROCUREMENT OF SUBSTITUTE GOODS OR\nSERVICES; LOSS OF USE, DATA, OR PROFITS; OR BUSINESS INTERRUPTION)\nHOWEVER CAUSED AND ON ANY THEORY OF LIABILITY, WHETHER IN CONTRACT,\nSTRICT LIABILITY, OR TORT (INCLUDING NEGLIGENCE OR OTHERWISE) ARISING\nIN ANY WAY OUT OF THE USE OF THIS SOFTWARE, EVEN IF ADVISED OF THE\nPOSSIBILITY OF SUCH DAMAGE.\n",
  "standardLicenseTemplate": "Redistribution and use in source and binary forms, with or without modification, are permitted provided that the following conditions are met:\n\n   \u003c\u003cvar;name\u003d\"bullet\";original\u003d\"1.\";match\u003d\".{0,20}\"\u003e\u003e Redistributions of source code must retain the above copyright notice, this list of conditions and the following disclaimer.\n\n   \u003c\u003cvar;name\u003d\"bullet\";original\u003d\"2.\";match\u003d\".{0,20}\"\u003e\u003e Redistributions in binary form must reproduce the above copyright notice, this list of conditions and the following disclaimer in the documentation and/or other materials provided with the distribution.\n\n   \u003c\u003cvar;name\u003d\"bullet\";original\u003d\"3.\";match\u003d\".{0,20}\"\u003e\u003e Neither the name of the HP nor the names of its contributors may be used to endorse or promote products derived from this software without specific prior written permission.\n\nTHIS SOFTWARE IS PROVIDED BY THE AUTHOR \"AS IS\" AND ANY EXPRESS OR IMPLIED WARRANTIES, INCLUDING, BUT NOT LIMITED TO, THE IMPLIED WARRANTIES OF MERCHANTABILITY AND FITNESS FOR A PARTICULAR PURPOSE ARE DISCLAIMED. IN NO EVENT SHALL THE AUTHOR BE LIABLE FOR ANY DIRECT, INDIRECT, INCIDENTAL, SPECIAL, EXEMPLARY, OR CONSEQUENTIAL DAMAGES (INCLUDING, BUT NOT LIMITED TO, PATENT INFRINGEMENT; PROCUREMENT OF SUBSTITUTE GOODS OR SERVICES; LOSS OF USE, DATA, OR PROFITS; OR BUSINESS INTERRUPTION) HOWEVER CAUSED AND ON ANY THEORY OF LIABILITY, WHETHER IN CONTRACT, STRICT LIABILITY, OR TORT (INCLUDING NEGLIGENCE OR OTHERWISE) ARISING IN ANY WAY OUT OF THE USE OF THIS SOFTWARE, EVEN IF ADVISED OF THE POSSIBILITY OF SUCH DAMAGE.\n\n",
  "name": "Hewlett-Packard BSD variant license",
  "licenseComments": "This license is almost identical to BSD-3-Clause, but adds \"patent infringement\" to the disclaimer.",
  "licenseId": "BSD-3-Clause-HP",
  "crossRef": [
    {
      "match": "false",
      "url": "https://github.com/zdohnal/hplip/blob/master/COPYING#L939",
      "isValid": true,
      "isLive": true,
      "timestamp": "2024-08-19T17:36:55Z",
      "isWayBackLink": false,
      "order": 0
    }
  ],
  "seeAlso": [
    "https://github.com/zdohnal/hplip/blob/master/COPYING#L939"
  ],
  "isOsiApproved": false,
  "licenseTextHtml": "\n        \n         \u003cp\u003e\n            Redistribution and use in source and binary\n            forms, with or without modification, are permitted\n            provided that the following conditions are met:\n         \u003c/p\u003e\n\n\u003cul style\u003d\"list-style:none\"\u003e\n            \n\u003cli\u003e\n               \u003cvar class\u003d\"replaceable-license-text\"\u003e 1.\u003c/var\u003e\n               Redistributions of source code must retain the above copyright\n               notice, this list of conditions and the following disclaimer.\n            \u003c/li\u003e\n            \n\u003cli\u003e\n               \u003cvar class\u003d\"replaceable-license-text\"\u003e 2.\u003c/var\u003e\n               Redistributions in binary form must reproduce the\n               above copyright notice, this list of conditions and\n               the following disclaimer in the documentation and/or\n               other materials provided with the distribution.\n            \u003c/li\u003e\n            \n\u003cli\u003e\n               \u003cvar class\u003d\"replaceable-license-text\"\u003e 3.\u003c/var\u003e\n               Neither the name of the HP nor the names of its contributors\n               may be used to endorse or promote products derived from\n               this software without specific prior written permission.\n            \u003c/li\u003e\n         \n\u003c/ul\u003e\n         \u003cp\u003e\n            THIS SOFTWARE IS PROVIDED BY THE AUTHOR \u0026quot;AS IS\u0026quot; AND ANY\n            EXPRESS OR IMPLIED WARRANTIES, INCLUDING, BUT NOT LIMITED\n            TO, THE IMPLIED WARRANTIES OF MERCHANTABILITY AND FITNESS\n            FOR A PARTICULAR PURPOSE ARE DISCLAIMED. IN NO EVENT SHALL\n            THE AUTHOR BE LIABLE FOR ANY DIRECT, INDIRECT, INCIDENTAL,\n            SPECIAL, EXEMPLARY, OR CONSEQUENTIAL DAMAGES (INCLUDING, BUT\n            NOT LIMITED TO, PATENT INFRINGEMENT; PROCUREMENT OF SUBSTITUTE\n            GOODS OR SERVICES; LOSS OF USE, DATA, OR PROFITS; OR BUSINESS\n            INTERRUPTION) HOWEVER CAUSED AND ON ANY THEORY OF LIABILITY,\n            WHETHER IN CONTRACT, STRICT LIABILITY, OR TORT (INCLUDING\n            NEGLIGENCE OR OTHERWISE) ARISING IN ANY WAY OUT OF THE USE OF\n            THIS SOFTWARE, EVEN IF ADVISED OF THE POSSIBILITY OF SUCH DAMAGE.\n         \u003c/p\u003e\n\n      "
}