{
  "isDeprecatedLicenseId": true,
  "isFsfLibre": true,
  "licenseText": "The FreeBSD Copyright\n\nCopyright 1992-2012 The FreeBSD Project. All rights reserved.\n\nRedistribution and use in source and binary forms, with or without modification, are permitted provided that the following conditions are met:\n\n1. Redistributions of source code must retain the above copyright notice, this list of conditions and the following disclaimer.\n\n2. Redistributions in binary form must reproduce the above copyright notice, this list of conditions and the following disclaimer in the documentation and/or other materials provided with the distribution.\n\nTHIS SOFTWARE IS PROVIDED BY THE FREEBSD PROJECT ``AS IS\u0027\u0027 AND ANY EXPRESS OR IMPLIED WARRANTIES, INCLUDING, BUT NOT LIMITED TO, THE IMPLIED WARRANTIES OF MERCHANTABILITY AND FITNESS FOR A PARTICULAR PURPOSE ARE DISCLAIMED. IN NO EVENT SHALL THE FREEBSD PROJECT OR CONTRIBUTORS BE LIABLE FOR ANY DIRECT, INDIRECT, INCIDENTAL, SPECIAL, EXEMPLARY, OR CONSEQUENTIAL DAMAGES (INCLUDING, BUT NOT LIMITED TO, PROCUREMENT OF SUBSTITUTE GOODS OR SERVICES; LOSS OF USE, DATA, OR PROFITS; OR BUSINESS INTERRUPTION) HOWEVER CAUSED AND ON ANY THEORY OF LIABILITY, WHETHER IN CONTRACT, STRICT LIABILITY, OR TORT (INCLUDING NEGLIGENCE OR OTHERWISE) ARISING IN ANY WAY OUT OF THE USE OF THIS SOFTWARE, EVEN IF ADVISED OF THE POSSIBILITY OF SUCH DAMAGE.\n\nThe views and conclusions contained in the software and documentation are those of the authors and should not be interpreted as representing official policies, either expressed or implied, of the FreeBSD Project.\n",
  "standardLicenseTemplate": "\u003c\u003cbeginOptional\u003e\u003eThe FreeBSD Copyright\n\n\u003c\u003cendOptional\u003e\u003e \u003c\u003cvar;name\u003d\"copyright\";original\u003d\"Copyright 1992-2012 The FreeBSD Project. All rights reserved.  \";match\u003d\".{0,5000}\"\u003e\u003e\n\nRedistribution and use in source and binary forms, with or without modification, are permitted provided that the following conditions are met:\n\n   \u003c\u003cvar;name\u003d\"bullet\";original\u003d\"1.\";match\u003d\".{0,20}\"\u003e\u003e Redistributions of source code must retain the above copyright notice, this list of conditions and the following disclaimer.\n\n   \u003c\u003cvar;name\u003d\"bullet\";original\u003d\"2.\";match\u003d\".{0,20}\"\u003e\u003e Redistributions in binary form must reproduce the above copyright notice, this list of conditions and the following disclaimer in the documentation and/or other materials provided with the distribution.\n\nTHIS SOFTWARE IS PROVIDED BY THE FREEBSD PROJECT ``AS IS\u0027\u0027 AND ANY EXPRESS OR IMPLIED WARRANTIES, INCLUDING, BUT NOT LIMITED TO, THE IMPLIED WARRANTIES OF MERCHANTABILITY AND FITNESS FOR A PARTICULAR PURPOSE ARE DISCLAIMED. IN NO EVENT SHALL THE FREEBSD PROJECT OR CONTRIBUTORS BE LIABLE FOR ANY DIRECT, INDIRECT, INCIDENTAL, SPECIAL, EXEMPLARY, OR CONSEQUENTIAL DAMAGES (INCLUDING, BUT NOT LIMITED TO, PROCUREMENT OF SUBSTITUTE GOODS OR SERVICES; LOSS OF USE, DATA, OR PROFITS; OR BUSINESS INTERRUPTION) HOWEVER CAUSED AND ON ANY THEORY OF LIABILITY, WHETHER IN CONTRACT, STRICT LIABILITY, OR TORT (INCLUDING NEGLIGENCE OR OTHERWISE) ARISING IN ANY WAY OUT OF THE USE OF THIS SOFTWARE, EVEN IF ADVISED OF THE POSSIBILITY OF SUCH DAMAGE.\n\nThe views and conclusions contained in the software and documentation are those of the authors and should not be interpreted as representing official policies, either expressed or implied, of the FreeBSD Project.\n\n",
  "name": "BSD 2-Clause FreeBSD License",
  "licenseComments": "This license was deprecated because BSD-2-Clause-Views has been added, as a more generalized version; and because FreeBSD project community members have indicated that the final sentence is not part of that project\u0027s code license.",
  "licenseId": "BSD-2-Clause-FreeBSD",
  "crossRef": [
    {
      "match": "false",
      "url": "http://www.freebsd.org/copyright/freebsd-license.html",
      "isValid": true,
      "isLive": true,
      "timestamp": "2024-08-19T17:46:50Z",
      "isWayBackLink": false,
      "order": 0
    }
  ],
  "seeAlso": [
    "http://www.freebsd.org/copyright/freebsd-license.html"
  ],
  "isOsiApproved": false,
  "licenseTextHtml": "\n      \u003cdiv class\u003d\"optional-license-text\"\u003e \n         \u003cp\u003eThe FreeBSD Copyright\u003c/p\u003e\n\n      \u003c/div\u003e\n      \u003cdiv class\u003d\"replaceable-license-text\"\u003e \n         \u003cp\u003eCopyright 1992-2012 The FreeBSD Project. All rights reserved.\u003c/p\u003e\n\n      \u003c/div\u003e\n\n      \u003cp\u003eRedistribution and use in source and binary forms, with or without modification, are permitted provided\n         that the following conditions are met:\u003c/p\u003e\n\n\u003cul style\u003d\"list-style:none\"\u003e\n        \n\u003cli\u003e\n            \u003cvar class\u003d\"replaceable-license-text\"\u003e 1.\u003c/var\u003e\n          Redistributions of source code must retain the above copyright notice, this list of conditions\n             and the following disclaimer.\n        \u003c/li\u003e\n        \n\u003cli\u003e\n            \u003cvar class\u003d\"replaceable-license-text\"\u003e 2.\u003c/var\u003e\n          Redistributions in binary form must reproduce the above copyright notice, this list of conditions\n             and the following disclaimer in the documentation and/or other materials provided with the\n             distribution.\n        \u003c/li\u003e\n      \n\u003c/ul\u003e\n      \u003cp\u003eTHIS SOFTWARE IS PROVIDED BY THE FREEBSD PROJECT ``AS IS\u0026apos;\u0026apos; AND ANY EXPRESS OR IMPLIED WARRANTIES,\n         INCLUDING, BUT NOT LIMITED TO, THE IMPLIED WARRANTIES OF MERCHANTABILITY AND FITNESS FOR A PARTICULAR\n         PURPOSE ARE DISCLAIMED. IN NO EVENT SHALL THE FREEBSD PROJECT OR CONTRIBUTORS BE LIABLE FOR ANY\n         DIRECT, INDIRECT, INCIDENTAL, SPECIAL, EXEMPLARY, OR CONSEQUENTIAL DAMAGES (INCLUDING, BUT NOT LIMITED\n         TO, PROCUREMENT OF SUBSTITUTE GOODS OR SERVICES; LOSS OF USE, DATA, OR PROFITS; OR BUSINESS\n         INTERRUPTION) HOWEVER CAUSED AND ON ANY THEORY OF LIABILITY, WHETHER IN CONTRACT, STRICT LIABILITY, OR\n         TORT (INCLUDING NEGLIGENCE OR OTHERWISE) ARISING IN ANY WAY OUT OF THE USE OF THIS SOFTWARE, EVEN IF\n         ADVISED OF THE POSSIBILITY OF SUCH DAMAGE.\u003c/p\u003e\n\n      \u003cp\u003eThe views and conclusions contained in the software and documentation are those of the authors and should\n         not be interpreted as representing official policies, either expressed or implied, of the FreeBSD\n         Project.\u003c/p\u003e\n\n    ",
  "deprecatedVersion": "3.10"
}