{
  "isDeprecatedLicenseId": false,
  "licenseText": "License: BSD-4-Clause-Shortened\n\nRedistribution and use in source and binary forms, with or without modification, are permitted provided that:\n\n(1) source code distributions retain the above copyright notice and this paragraph in its entirety,\n(2) distributions including binary code include the above copyright notice and this paragraph in its entirety in the documentation or other materials provided with the distribution, and\n(3) all advertising materials mentioning features or use of this software display the following acknowledgement:\n\n\"This product includes software developed by the University of California, Lawrence Berkeley Laboratory and its contributors.\u0027\u0027\n\nNeither the name of the University nor the names of its contributors may be used to endorse or promote products derived from this software without specific prior written permission.\n\nTHIS SOFTWARE IS PROVIDED \"AS IS\" AND WITHOUT ANY EXPRESS OR IMPLIED WARRANTIES, INCLUDING, WITHOUT LIMITATION, THE IMPLIED WARRANTIES OF MERCHANTABILITY AND FITNESS FOR A PARTICULAR PURPOSE.\n",
  "standardLicenseTemplate": "\u003c\u003cbeginOptional\u003e\u003eLicense: BSD-4-Clause-Shortened\n\n\u003c\u003cendOptional\u003e\u003e\n\nRedistribution and use in source and binary forms, with or without modification, are permitted provided that:\n\n   \u003c\u003cvar;name\u003d\"bullet\";original\u003d\"(1)\";match\u003d\".{0,20}\"\u003e\u003e source code distributions retain the above copyright notice and this paragraph in its entirety,\n\n   \u003c\u003cvar;name\u003d\"bullet\";original\u003d\"(2)\";match\u003d\".{0,20}\"\u003e\u003e distributions including binary code include the above copyright notice and this paragraph in its entirety in the documentation or other materials provided with the distribution, and\n\n   \u003c\u003cvar;name\u003d\"bullet\";original\u003d\"(3)\";match\u003d\".{0,20}\"\u003e\u003e all advertising materials mentioning features or use of this software display the following acknowledgement:\n\n\"This product includes software developed by the University of California, Lawrence Berkeley Laboratory and its contributors.\u0027\u0027\n\nNeither the name of the University nor the names of its contributors may be used to endorse or promote products derived from this software without specific prior written permission.\n\nTHIS SOFTWARE IS PROVIDED \"AS IS\" AND WITHOUT ANY EXPRESS OR IMPLIED WARRANTIES, INCLUDING, WITHOUT LIMITATION, THE IMPLIED WARRANTIES OF MERCHANTABILITY AND FITNESS FOR A PARTICULAR PURPOSE.\n\n",
  "name": "BSD 4 Clause Shortened",
  "licenseId": "BSD-4-Clause-Shortened",
  "crossRef": [
    {
      "match": "N/A",
      "url": "https://metadata.ftp-master.debian.org/changelogs//main/a/arpwatch/arpwatch_2.1a15-7_copyright",
      "isValid": false,
      "isLive": false,
      "timestamp": "2024-08-19T17:37:00Z",
      "isWayBackLink": false,
      "order": 0
    }
  ],
  "seeAlso": [
    "https://metadata.ftp-master.debian.org/changelogs//main/a/arpwatch/arpwatch_2.1a15-7_copyright"
  ],
  "isOsiApproved": false,
  "licenseTextHtml": "\n      \u003cdiv class\u003d\"optional-license-text\"\u003e \n         \u003cp\u003eLicense: BSD-4-Clause-Shortened\u003c/p\u003e\n\n      \u003c/div\u003e\n      \u003cp\u003eRedistribution and use in source and binary forms, with or without modification, are permitted provided that:\u003c/p\u003e\n\n\u003cul style\u003d\"list-style:none\"\u003e\n        \n\u003cli\u003e\n            \u003cvar class\u003d\"replaceable-license-text\"\u003e (1)\u003c/var\u003e\n            source code distributions retain the above copyright notice and this paragraph in its entirety,\n        \u003c/li\u003e\n        \n\u003cli\u003e\n            \u003cvar class\u003d\"replaceable-license-text\"\u003e (2)\u003c/var\u003e\n            distributions including binary code include the above copyright notice and this paragraph in its entirety in the documentation or other materials provided with the distribution, and\n        \u003c/li\u003e\n        \n\u003cli\u003e\n            \u003cvar class\u003d\"replaceable-license-text\"\u003e (3)\u003c/var\u003e\n            all advertising materials mentioning features or use of this software display the following acknowledgement:\n        \u003c/li\u003e\n      \n\u003c/ul\u003e\n      \u003cp\u003e\u0026quot;This product includes software developed by the University of California, Lawrence Berkeley Laboratory and its contributors.\u0026apos;\u0026apos;\u003c/p\u003e\n\n      \u003cp\u003eNeither the name of the University nor the names of its contributors may be used to endorse or promote products derived from this software without specific prior written permission.\u003c/p\u003e\n\n      \u003cp\u003eTHIS SOFTWARE IS PROVIDED \u0026quot;AS IS\u0026quot; AND WITHOUT ANY EXPRESS OR IMPLIED WARRANTIES, INCLUDING, WITHOUT LIMITATION, THE IMPLIED WARRANTIES OF MERCHANTABILITY AND FITNESS FOR A PARTICULAR PURPOSE.\u003c/p\u003e\n\n    "
}