{
  "isDeprecatedLicenseId": false,
  "licenseText": "\nThe person or persons who have associated work with this document (the \"Dedicator\" or \"Certifier\") hereby either (a) certifies that, to the best of his knowledge, the work of authorship identified is in the public domain of the country from which the work is published, or (b) hereby dedicates whatever copyright the dedicators holds in the work of authorship identified below (the \"Work\") to the public domain. A certifier, moreover, dedicates any copyright interest he may have in the associated work, and for these purposes, is described as a \"dedicator\" below.\n\nA certifier has taken reasonable steps to verify the copyright status of this work. Certifier recognizes that his good faith efforts may not shield him from liability if in fact the work certified is not in the public domain.\n\nDedicator makes this dedication for the benefit of the public at large and to the detriment of the Dedicator\u0027s heirs and successors. Dedicator intends this dedication to be an overt act of relinquishment in perpetuity of all present and future rights under copyright law, whether vested or contingent, in the Work. Dedicator understands that such relinquishment of all rights includes the relinquishment of all rights to enforce (by lawsuit or otherwise) those copyrights in the Work.\n\nDedicator recognizes that, once placed in the public domain, the Work may be freely reproduced, distributed, transmitted, used, modified, built upon, or otherwise exploited by anyone for any purpose, commercial or non-commercial, and in any way, including by methods that have not yet been invented or conceived.\n",
  "standardLicenseTemplate": "The person or persons who have associated work with this document (the \"Dedicator\" or \"Certifier\") hereby either (a) certifies that, to the best of his knowledge, the work of authorship identified is in the public domain of the country from which the work is published, or (b) hereby dedicates whatever copyright the dedicators holds in the work of authorship identified below (the \"Work\") to the public domain. A certifier, moreover, dedicates any copyright interest he may have in the associated work, and for these purposes, is described as a \"dedicator\" below.\n\nA certifier has taken reasonable steps to verify the copyright status of this work. Certifier recognizes that his good faith efforts may not shield him from liability if in fact the work certified is not in the public domain.\n\nDedicator makes this dedication for the benefit of the public at large and to the detriment of the Dedicator\u0027s heirs and successors. Dedicator intends this dedication to be an overt act of relinquishment in perpetuity of all present and future rights under copyright law, whether vested or contingent, in the Work. Dedicator understands that such relinquishment of all rights includes the relinquishment of all rights to enforce (by lawsuit or otherwise) those copyrights in the Work.\n\nDedicator recognizes that, once placed in the public domain, the Work may be freely reproduced, distributed, transmitted, used, modified, built upon, or otherwise exploited by anyone for any purpose, commercial or non-commercial, and in any way, including by methods that have not yet been invented or conceived.\n\n",
  "name": "Creative Commons Public Domain Dedication and Certification",
  "licenseId": "CC-PDDC",
  "crossRef": [
    {
      "match": "false",
      "url": "https://creativecommons.org/licenses/publicdomain/",
      "isValid": true,
      "isLive": true,
      "timestamp": "2024-08-19T17:36:17Z",
      "isWayBackLink": false,
      "order": 0
    }
  ],
  "seeAlso": [
    "https://creativecommons.org/licenses/publicdomain/"
  ],
  "isOsiApproved": false,
  "licenseTextHtml": "\n            \u003cp\u003e\nThe person or persons who have associated work with this document\n(the \u0026quot;Dedicator\u0026quot; or \u0026quot;Certifier\u0026quot;) hereby either (a) certifies that, to the best\nof his knowledge, the work of authorship identified is in the public domain of\nthe country from which the work is published, or (b) hereby dedicates whatever\ncopyright the dedicators holds in the work of authorship identified below\n(the \u0026quot;Work\u0026quot;) to the public domain. A certifier, moreover, dedicates any\ncopyright interest he may have in the associated work, and for these purposes,\nis described as a \u0026quot;dedicator\u0026quot; below.\u003c/p\u003e\n\n            \u003cp\u003eA certifier has taken reasonable steps to verify the copyright status of this\nwork. Certifier recognizes that his good faith efforts may not shield him from\nliability if in fact the work certified is not in the public domain.\u003c/p\u003e\n\n            \u003cp\u003eDedicator makes this dedication for the benefit of the public at large and to\nthe detriment of the Dedicator\u0026apos;s heirs and successors. Dedicator intends this\ndedication to be an overt act of relinquishment in perpetuity of all present\nand future rights under copyright law, whether vested or contingent, in the\nWork. Dedicator understands that such relinquishment of all rights includes the\nrelinquishment of all rights to enforce (by lawsuit or otherwise) those\ncopyrights in the Work.\u003c/p\u003e\n\n            \u003cp\u003e\nDedicator recognizes that, once placed in the public domain, the Work may be\nfreely reproduced, distributed, transmitted, used, modified, built upon, or\notherwise exploited by anyone for any purpose, commercial or non-commercial,\nand in any way, including by methods that have not yet been invented or\nconceived.\u003c/p\u003e\n\n        "
}