{
  "isDeprecatedLicenseId": false,
  "licenseText": "# Copyfree Open Innovation License\n\nThis is version 1.0 of the Copyfree Open Innovation License.\n\n## Terms and Conditions\n\nRedistributions, modified or unmodified, in whole or in part, must retain\napplicable notices of copyright or other legal privilege, these conditions, and\nthe following license terms and disclaimer.  Subject to these conditions, each\nholder of copyright or other legal privileges, author or assembler, and\ncontributor of this work, henceforth \"licensor\", hereby grants to any person\nwho obtains a copy of this work in any form:\n\n1. Permission to reproduce, modify, distribute, publish, sell, sublicense, use,\nand/or otherwise deal in the licensed material without restriction.\n\n2. A perpetual, worldwide, non-exclusive, royalty-free, gratis, irrevocable\npatent license to make, have made, provide, transfer, import, use, and/or\notherwise deal in the licensed material without restriction, for any and all\npatents held by such licensor and necessarily infringed by the form of the work\nupon distribution of that licensor\u0027s contribution to the work under the terms\nof this license.\n\nNO WARRANTY OF ANY KIND IS IMPLIED BY, OR SHOULD BE INFERRED FROM, THIS LICENSE\nOR THE ACT OF DISTRIBUTION UNDER THE TERMS OF THIS LICENSE, INCLUDING BUT NOT\nLIMITED TO THE WARRANTIES OF MERCHANTABILITY, FITNESS FOR A PARTICULAR PURPOSE,\nAND NONINFRINGEMENT.  IN NO EVENT SHALL THE AUTHORS, ASSEMBLERS, OR HOLDERS OF\nCOPYRIGHT OR OTHER LEGAL PRIVILEGE BE LIABLE FOR ANY CLAIM, DAMAGES, OR OTHER\nLIABILITY, WHETHER IN ACTION OF CONTRACT, TORT, OR OTHERWISE ARISING FROM, OUT\nOF, OR IN CONNECTION WITH THE WORK OR THE USE OF OR OTHER DEALINGS IN THE WORK.\n",
  "standardLicenseTemplate": "\u003c\u003cbeginOptional\u003e\u003eCopyfree Open Innovation License\n\n\u003c\u003cendOptional\u003e\u003e\n\nThis is version 1.0 of the Copyfree Open Innovation License.\n\nTerms and Conditions\n\nRedistributions, modified or unmodified, in whole or in part, must retain applicable notices of copyright or other legal privilege, these conditions, and the following license terms and disclaimer. Subject to these conditions, each holder of copyright or other legal privileges, author or assembler, and contributor of this work, henceforth \"licensor\", hereby grants to any person who obtains a copy of this work in any form:\n\n   \u003c\u003cvar;name\u003d\"bullet\";original\u003d\"1.\";match\u003d\".{0,20}\"\u003e\u003e Permission to reproduce, modify, distribute, publish, sell, sublicense, use, and/or otherwise deal in the licensed material without restriction.\n\n   \u003c\u003cvar;name\u003d\"bullet\";original\u003d\"2.\";match\u003d\".{0,20}\"\u003e\u003e A perpetual, worldwide, non-exclusive, royalty-free, gratis, irrevocable patent license to make, have made, provide, transfer, import, use, and/or otherwise deal in the licensed material without restriction, for any and all patents held by such licensor and necessarily infringed by the form of the work upon distribution of that licensor\u0027s contribution to the work under the terms of this license.\n\nNO WARRANTY OF ANY KIND IS IMPLIED BY, OR SHOULD BE INFERRED FROM, THIS LICENSE OR THE ACT OF DISTRIBUTION UNDER THE TERMS OF THIS LICENSE, INCLUDING BUT NOT LIMITED TO THE WARRANTIES OF MERCHANTABILITY, FITNESS FOR A PARTICULAR PURPOSE, AND NONINFRINGEMENT. IN NO EVENT SHALL THE AUTHORS, ASSEMBLERS, OR HOLDERS OF COPYRIGHT OR OTHER LEGAL PRIVILEGE BE LIABLE FOR ANY CLAIM, DAMAGES, OR OTHER LIABILITY, WHETHER IN ACTION OF CONTRACT, TORT, OR OTHERWISE ARISING FROM, OUT OF, OR IN CONNECTION WITH THE WORK OR THE USE OF OR OTHER DEALINGS IN THE WORK.\n\n",
  "name": "Copyfree Open Innovation License",
  "licenseId": "COIL-1.0",
  "crossRef": [
    {
      "match": "false",
      "url": "https://coil.apotheon.org/plaintext/01.0.txt",
      "isValid": true,
      "isLive": true,
      "timestamp": "2024-08-19T17:39:39Z",
      "isWayBackLink": false,
      "order": 0
    }
  ],
  "seeAlso": [
    "https://coil.apotheon.org/plaintext/01.0.txt"
  ],
  "isOsiApproved": false,
  "licenseTextHtml": "\n            \u003cdiv class\u003d\"optional-license-text\"\u003e \n                \u003cp\u003eCopyfree Open Innovation License\u003c/p\u003e\n\n            \u003c/div\u003e\n            \u003cp\u003eThis is version 1.0 of the Copyfree Open Innovation License.\u003c/p\u003e\n\n            \u003cbr /\u003e\n\n            \u003cp\u003eTerms and Conditions\u003c/p\u003e\n\n            \u003cbr /\u003e\n\n            \u003cp\u003eRedistributions, modified or unmodified, in whole or in part, must retain\n                applicable notices of copyright or other legal privilege, these conditions, and\n                the following license terms and disclaimer. Subject to these conditions, each\n                holder of copyright or other legal privileges, author or assembler, and\n                contributor of this work, henceforth \u0026quot;licensor\u0026quot;, hereby grants to any person\n                who obtains a copy of this work in any form:\n            \u003c/p\u003e\n\n\u003cul style\u003d\"list-style:none\"\u003e\n                \n\u003cli\u003e\n                    \u003cvar class\u003d\"replaceable-license-text\"\u003e 1.\u003c/var\u003e\n                    Permission to reproduce, modify, distribute, publish, sell, sublicense, use,\n                    and/or otherwise deal in the licensed material without restriction.\n                \u003c/li\u003e\n                \n\u003cli\u003e\n                    \u003cvar class\u003d\"replaceable-license-text\"\u003e 2.\u003c/var\u003e\n                    A perpetual, worldwide, non-exclusive, royalty-free, gratis, irrevocable\n                    patent license to make, have made, provide, transfer, import, use, and/or\n                    otherwise deal in the licensed material without restriction, for any and all\n                    patents held by such licensor and necessarily infringed by the form of the work\n                    upon distribution of that licensor\u0026apos;s contribution to the work under the terms\n                    of this license.\n                \u003c/li\u003e\n            \n\u003c/ul\u003e\n            \u003cp\u003eNO WARRANTY OF ANY KIND IS IMPLIED BY, OR SHOULD BE INFERRED FROM, THIS LICENSE\n                OR THE ACT OF DISTRIBUTION UNDER THE TERMS OF THIS LICENSE, INCLUDING BUT NOT\n                LIMITED TO THE WARRANTIES OF MERCHANTABILITY, FITNESS FOR A PARTICULAR PURPOSE,\n                AND NONINFRINGEMENT. IN NO EVENT SHALL THE AUTHORS, ASSEMBLERS, OR HOLDERS OF\n                COPYRIGHT OR OTHER LEGAL PRIVILEGE BE LIABLE FOR ANY CLAIM, DAMAGES, OR OTHER\n                LIABILITY, WHETHER IN ACTION OF CONTRACT, TORT, OR OTHERWISE ARISING FROM, OUT\n                OF, OR IN CONNECTION WITH THE WORK OR THE USE OF OR OTHER DEALINGS IN THE WORK.\n            \u003c/p\u003e\n\n        "
}