{
  "isDeprecatedLicenseId": false,
  "licenseText": "Copyright 1997 Digital Equipment Corporation.\nAll rights reserved.\n\nThis software is furnished under license and may be used and copied only in\naccordance with the following terms and conditions.  Subject to these\nconditions, you may download, copy, install, use, modify and distribute\nthis software in source and/or binary form. No title or ownership is\ntransferred hereby.\n\n1) Any source code used, modified or distributed must reproduce and retain\n   this copyright notice and list of conditions as they appear in the\n   source file.\n\n2) No right is granted to use any trade name, trademark, or logo of Digital\n   Equipment Corporation. Neither the \"Digital Equipment Corporation\"\n   name nor any trademark or logo of Digital Equipment Corporation may be\n   used to endorse or promote products derived from this software without\n   the prior written permission of Digital Equipment Corporation.\n\n3) This software is provided \"AS-IS\" and any express or implied warranties,\n   including but not limited to, any implied warranties of merchantability,\n   fitness for a particular purpose, or non-infringement are disclaimed.\n   In no event shall DIGITAL be liable for any damages whatsoever, and in\n   particular, DIGITAL shall not be liable for special, indirect,\n   consequential, or incidental damages or damages for lost profits, loss\n   of revenue or loss of use, whether such damages arise in contract,\n   negligence, tort, under statute, in equity, at law or otherwise, even\n   if advised of the possibility of such damage.\n",
  "standardLicenseTemplate": "\u003c\u003cvar;name\u003d\"copyright\";original\u003d\"Copyright 1997 Digital Equipment Corporation.  All rights reserved.\";match\u003d\".{0,5000}\"\u003e\u003e\n\nThis software is furnished under license and may be used and copied only in accordance with the following terms and conditions. Subject to these conditions, you may download, copy, install, use, modify and distribute this software in source and/or binary form. No title or ownership is transferred hereby.\n\n   \u003c\u003cvar;name\u003d\"bullet\";original\u003d\"1)\";match\u003d\".{0,20}\"\u003e\u003e\n\n   Any source code used, modified or distributed must reproduce and retain this copyright notice and list of conditions as they appear in the source file.\n\n   \u003c\u003cvar;name\u003d\"bullet\";original\u003d\"2)\";match\u003d\".{0,20}\"\u003e\u003e\n\n   No right is granted to use any trade name, trademark, or logo of Digital Equipment Corporation. Neither the \"Digital Equipment Corporation\" name nor any trademark or logo of Digital Equipment Corporation may be used to endorse or promote products derived from this software without the prior written permission of Digital Equipment Corporation.\n\n   \u003c\u003cvar;name\u003d\"bullet\";original\u003d\"3)\";match\u003d\".{0,20}\"\u003e\u003e\n\n   This software is provided \"AS-IS\" and any express or implied warranties, including but not limited to, any implied warranties of merchantability, fitness for a particular purpose, or non-infringement are disclaimed. In no event shall DIGITAL be liable for any damages whatsoever, and in particular, DIGITAL shall not be liable for special, indirect, consequential, or incidental damages or damages for lost profits, loss of revenue or loss of use, whether such damages arise in contract, negligence, tort, under statute, in equity, at law or otherwise, even if advised of the possibility of such damage.\n\n   ",
  "name": "DEC 3-Clause License",
  "licenseId": "DEC-3-Clause",
  "crossRef": [
    {
      "match": "false",
      "url": "https://gitlab.freedesktop.org/xorg/xserver/-/blob/master/COPYING?ref_type\u003dheads#L239",
      "isValid": true,
      "isLive": true,
      "timestamp": "2024-08-19T17:44:42Z",
      "isWayBackLink": false,
      "order": 0
    }
  ],
  "seeAlso": [
    "https://gitlab.freedesktop.org/xorg/xserver/-/blob/master/COPYING?ref_type\u003dheads#L239"
  ],
  "isOsiApproved": false,
  "licenseTextHtml": "\n            \u003cvar class\u003d\"replaceable-license-text\"\u003e \n                Copyright 1997 Digital Equipment Corporation.\n                \u003cbr /\u003e\n\nAll rights reserved.\n            \u003c/var\u003e\n            \u003cp\u003e\n                This software is furnished under license and may be used and copied only in\n                accordance with the following terms and conditions.  Subject to these\n                conditions, you may download, copy, install, use, modify and distribute\n                this software in source and/or binary form. No title or ownership is\n                transferred hereby.\n            \u003c/p\u003e\n\n\u003cul style\u003d\"list-style:none\"\u003e\n                \n\u003cli\u003e\n                    \u003cvar class\u003d\"replaceable-license-text\"\u003e 1)\u003c/var\u003e\n                    \u003cp\u003e\n                        Any source code used, modified or distributed must reproduce and retain\n                        this copyright notice and list of conditions as they appear in the\n                        source file.\n                    \u003c/p\u003e\n\n                \u003c/li\u003e\n                \n\u003cli\u003e\n                    \u003cvar class\u003d\"replaceable-license-text\"\u003e 2)\u003c/var\u003e\n                    \u003cp\u003e\n                        No right is granted to use any trade name, trademark, or logo of Digital\n                        Equipment Corporation. Neither the \u0026quot;Digital Equipment Corporation\u0026quot;\n                        name nor any trademark or logo of Digital Equipment Corporation may be\n                        used to endorse or promote products derived from this software without\n                        the prior written permission of Digital Equipment Corporation.\n                    \u003c/p\u003e\n\n                \u003c/li\u003e\n                \n\u003cli\u003e\n                    \u003cvar class\u003d\"replaceable-license-text\"\u003e 3)\u003c/var\u003e\n                    \u003cp\u003e\n                        This software is provided \u0026quot;AS-IS\u0026quot; and any express or implied warranties,\n                        including but not limited to, any implied warranties of merchantability,\n                        fitness for a particular purpose, or non-infringement are disclaimed.\n                        In no event shall DIGITAL be liable for any damages whatsoever, and in\n                        particular, DIGITAL shall not be liable for special, indirect,\n                        consequential, or incidental damages or damages for lost profits, loss\n                        of revenue or loss of use, whether such damages arise in contract,\n                        negligence, tort, under statute, in equity, at law or otherwise, even\n                        if advised of the possibility of such damage.\n                    \u003c/p\u003e\n\n                \u003c/li\u003e\n            \n\u003c/ul\u003e\n        "
}