{
  "isDeprecatedLicenseId": false,
  "licenseText": "Copyright\n---------\nCopyright (C) 1999-2007 Norman Walsh\nCopyright (C) 2003 Jiří Kosek\nCopyright (C) 2004-2007 Steve Ball\nCopyright (C) 2005-2014 The DocBook Project\nCopyright (C) 2011-2012 O\u0027Reilly Media\n\nPermission is hereby granted, free of charge, to any person\nobtaining a copy of this software and associated documentation\nfiles (the ``Software\u0027\u0027), to deal in the Software without\nrestriction, including without limitation the rights to use,\ncopy, modify, merge, publish, distribute, sublicense, and/or\nsell copies of the Software, and to permit persons to whom the\nSoftware is furnished to do so, subject to the following\nconditions:\n\nThe above copyright notice and this permission notice shall be\nincluded in all copies or substantial portions of the Software.\n\nExcept as contained in this notice, the names of individuals\ncredited with contribution to this software shall not be used in\nadvertising or otherwise to promote the sale, use or other\ndealings in this Software without prior written authorization\nfrom the individuals in question.\n\nAny stylesheet derived from this Software that is publically\ndistributed will be identified with a different name and the\nversion strings in any derived Software will be changed so that\nno possibility of confusion between the derived package and this\nSoftware will exist.\n\nWarranty\n--------\nTHE SOFTWARE IS PROVIDED \"AS IS\", WITHOUT WARRANTY OF ANY KIND,\nEXPRESS OR IMPLIED, INCLUDING BUT NOT LIMITED TO THE WARRANTIES\nOF MERCHANTABILITY, FITNESS FOR A PARTICULAR PURPOSE AND\nNONINFRINGEMENT.  IN NO EVENT SHALL NORMAN WALSH OR ANY OTHER\nCONTRIBUTOR BE LIABLE FOR ANY CLAIM, DAMAGES OR OTHER LIABILITY,\nWHETHER IN AN ACTION OF CONTRACT, TORT OR OTHERWISE, ARISING\nFROM, OUT OF OR IN CONNECTION WITH THE SOFTWARE OR THE USE OR\nOTHER DEALINGS IN THE SOFTWARE.\n\nContacting the Author\n---------------------\nThe DocBook XSL stylesheets are maintained by Norman Walsh,\n\u003cndw@nwalsh.com\u003e, and members of the DocBook Project,\n\u003cdocbook-developers@sf.net\u003e\n",
  "standardLicenseTemplate": "\u003c\u003cvar;name\u003d\"copyright\";original\u003d\"Copyright    ---------    Copyright (C) 1999-2007 Norman Walsh  Copyright (C) 2003 Jiří Kosek  Copyright (C) 2004-2007 Steve Ball  Copyright (C) 2005-2014 The DocBook Project  Copyright (C) 2011-2012 O\u0027Reilly Media\";match\u003d\".{0,5000}\"\u003e\u003e\n\nPermission is hereby granted, free of charge, to any person obtaining a copy of this software and associated documentation files (the ``Software\u0027\u0027), to deal in the Software without restriction, including without limitation the rights to use, copy, modify, merge, publish, distribute, sublicense, and/or sell copies of the Software, and to permit persons to whom the Software is furnished to do so, subject to the following conditions:\n\nThe above copyright notice and this permission notice shall be included in all copies or substantial portions of the Software.\n\nExcept as contained in this notice, the names of individuals credited with contribution to this software shall not be used in advertising or otherwise to promote the sale, use or other dealings in this Software without prior written authorization from the individuals in question.\n\nAny stylesheet derived from this Software that is publically distributed will be identified with a different name and the version strings in any derived Software will be changed so that no possibility of confusion between the derived package and this Software will exist.\n\nWarranty\n\n--------\n\nTHE SOFTWARE IS PROVIDED \"AS IS\", WITHOUT WARRANTY OF ANY KIND, EXPRESS OR IMPLIED, INCLUDING BUT NOT LIMITED TO THE WARRANTIES OF MERCHANTABILITY, FITNESS FOR A PARTICULAR PURPOSE AND NONINFRINGEMENT. IN NO EVENT SHALL NORMAN WALSH OR ANY OTHER CONTRIBUTOR BE LIABLE FOR ANY CLAIM, DAMAGES OR OTHER LIABILITY, WHETHER IN AN ACTION OF CONTRACT, TORT OR OTHERWISE, ARISING FROM, OUT OF OR IN CONNECTION WITH THE SOFTWARE OR THE USE OR OTHER DEALINGS IN THE SOFTWARE.\n\n\u003c\u003cbeginOptional\u003e\u003eContacting the Author\n\n---------------------\n\nThe DocBook XSL stylesheets are maintained by Norman Walsh, \u003cndw@nwalsh.com\u003e, and members of the DocBook Project, \u003cdocbook-developers@sf.net\u003e\n\n\u003c\u003cendOptional\u003e\u003e",
  "name": "DocBook XML License",
  "licenseId": "DocBook-XML",
  "crossRef": [
    {
      "match": "false",
      "url": "https://github.com/docbook/xslt10-stylesheets/blob/efd62655c11cc8773708df7a843613fa1e932bf8/xsl/COPYING#L27",
      "isValid": true,
      "isLive": true,
      "timestamp": "2024-08-19T17:44:02Z",
      "isWayBackLink": false,
      "order": 0
    }
  ],
  "seeAlso": [
    "https://github.com/docbook/xslt10-stylesheets/blob/efd62655c11cc8773708df7a843613fa1e932bf8/xsl/COPYING#L27"
  ],
  "isOsiApproved": false,
  "licenseTextHtml": "\n         \u003cvar class\u003d\"replaceable-license-text\"\u003e \n            Copyright\u003cbr /\u003e\n\n           \u003cbr /\u003e\n\n ---------\u003cbr /\u003e\n\n           \u003cbr /\u003e\n\n Copyright (C) 1999-2007 Norman Walsh\n           \u003cbr /\u003e\n\n Copyright (C) 2003 Jiří Kosek\n           \u003cbr /\u003e\n\n Copyright (C) 2004-2007 Steve Ball\n           \u003cbr /\u003e\n\n Copyright (C) 2005-2014 The DocBook Project\n           \u003cbr /\u003e\n\n Copyright (C) 2011-2012 O\u0026apos;Reilly Media\n         \u003c/var\u003e\n         \u003cp\u003e\n            Permission is hereby granted, free of charge, to any person\n            obtaining a copy of this software and associated documentation\n            files (the ``Software\u0026apos;\u0026apos;), to deal in the Software without\n            restriction, including without limitation the rights to use,\n            copy, modify, merge, publish, distribute, sublicense, and/or sell\n            copies of the Software, and to permit persons to whom the Software\n            is furnished to do so, subject to the following conditions:\n         \u003c/p\u003e\n\n         \u003cp\u003e\n            The above copyright notice and this permission notice shall be\n            included in all copies or substantial portions of the Software.\n         \u003c/p\u003e\n\n         \u003cp\u003e\n            Except as contained in this notice, the names of individuals\n            credited with contribution to this software shall not\n            be used in advertising or otherwise to promote the sale,\n            use or other dealings in this Software without prior\n            written authorization from the individuals in question.\n         \u003c/p\u003e\n\n         \u003cp\u003e\n            Any stylesheet derived from this Software that is\n            publically distributed will be identified with a different\n            name and the version strings in any derived Software\n            will be changed so that no possibility of confusion\n            between the derived package and this Software will exist.\n         \u003c/p\u003e\n\n         \u003cp\u003e\n            Warranty\n            \u003cbr /\u003e\n\n--------\n           \u003cbr /\u003e\n\n THE SOFTWARE IS PROVIDED \u0026quot;AS IS\u0026quot;, WITHOUT WARRANTY OF ANY\n            KIND, EXPRESS OR IMPLIED, INCLUDING BUT NOT LIMITED TO THE\n            WARRANTIES OF MERCHANTABILITY, FITNESS FOR A PARTICULAR\n            PURPOSE AND NONINFRINGEMENT. IN NO EVENT SHALL NORMAN WALSH\n            OR ANY OTHER CONTRIBUTOR BE LIABLE FOR ANY CLAIM, DAMAGES\n            OR OTHER LIABILITY, WHETHER IN AN ACTION OF CONTRACT, TORT\n            OR OTHERWISE, ARISING FROM, OUT OF OR IN CONNECTION WITH\n            THE SOFTWARE OR THE USE OR OTHER DEALINGS IN THE SOFTWARE.\n         \u003c/p\u003e\n\n         \u003cdiv class\u003d\"optional-license-text\"\u003e \n            \u003cp\u003eContacting the Author\n            \u003cbr /\u003e\n\n---------------------\n            \u003cbr /\u003e\n\nThe DocBook XSL stylesheets are maintained by\n            Norman Walsh, \u0026lt;ndw@nwalsh.com\u0026gt;, and members of\n            the DocBook Project, \u0026lt;docbook-developers@sf.net\u0026gt; \u003c/p\u003e\n\n         \u003c/div\u003e\n      "
}