{
  "isDeprecatedLicenseId": false,
  "licenseText": "Detection Rule License (DRL) 1.1\n\nPermission is hereby granted, free of charge, to any person obtaining a copy of this rule set and associated documentation files (the \"Rules\"), to deal in the Rules without restriction, including without limitation the rights to use, copy, modify, merge, publish, distribute, sublicense, and/or sell copies of the Rules, and to permit persons to whom the Rules are furnished to do so, subject to the following conditions:\n\nIf you share the Rules (including in modified form), you must retain the following if it is supplied within the Rules:\n\nidentification of the authors(s) (\"author\" field) of the Rule and any others designated to receive attribution, in any reasonable manner requested by the Rule author (including by pseudonym if designated).\n\na URI or hyperlink to the Rule set or explicit Rule to the extent reasonably practicable\n\nindicate the Rules are licensed under this Detection Rule License, and include the text of, or the URI or hyperlink to, this Detection Rule License to the extent reasonably practicable\n\nIf you use the Rules (including in modified form) on data, messages based on matches with the Rules must retain the following if it is supplied within the Rules:\n\nidentification of the authors(s) (\"author\" field) of the Rule and any others designated to receive attribution, in any reasonable manner requested by the Rule author (including by pseudonym if designated).\n\nTHE RULES ARE PROVIDED \"AS IS\", WITHOUT WARRANTY OF ANY KIND, EXPRESS OR IMPLIED, INCLUDING BUT NOT LIMITED TO THE WARRANTIES OF MERCHANTABILITY, FITNESS FOR A PARTICULAR PURPOSE AND NONINFRINGEMENT. IN NO EVENT SHALL THE AUTHORS OR COPYRIGHT HOLDERS BE LIABLE FOR ANY CLAIM, DAMAGES OR OTHER LIABILITY, WHETHER IN AN ACTION OF CONTRACT, TORT OR OTHERWISE, ARISING FROM, OUT OF OR IN CONNECTION WITH THE RULES OR THE USE OR OTHER DEALINGS IN THE RULES.\n",
  "standardLicenseTemplate": "\u003c\u003cbeginOptional\u003e\u003eDetection Rule License (DRL) 1.1\u003c\u003cendOptional\u003e\u003e\n\nPermission is hereby granted, free of charge, to any person obtaining a copy of this rule set and associated documentation files (the \"Rules\"), to deal in the Rules without restriction, including without limitation the rights to use, copy, modify, merge, publish, distribute, sublicense, and/or sell copies of the Rules, and to permit persons to whom the Rules are furnished to do so, subject to the following conditions:\n\nIf you share the Rules (including in modified form), you must retain the following if it is supplied within the Rules:\n\n   \u003c\u003cvar;name\u003d\"bullet\";original\u003d\"1.\";match\u003d\".{0,20}\"\u003e\u003e identification of the authors(s) (\"author\" field) of the Rule and any others designated to receive attribution, in any reasonable manner requested by the Rule author (including by pseudonym if designated).\n\n   \u003c\u003cvar;name\u003d\"bullet\";original\u003d\"2.\";match\u003d\".{0,20}\"\u003e\u003e a URI or hyperlink to the Rule set or explicit Rule to the extent reasonably practicable\n\n   \u003c\u003cvar;name\u003d\"bullet\";original\u003d\"3.\";match\u003d\".{0,20}\"\u003e\u003e indicate the Rules are licensed under this Detection Rule License, and include the text of, or the URI or hyperlink to, this Detection Rule License to the extent reasonably practicable\n\nIf you use the Rules (including in modified form) on data, messages based on matches with the Rules must retain the following if it is supplied within the Rules:\n\n   \u003c\u003cvar;name\u003d\"bullet\";original\u003d\"1.\";match\u003d\".{0,20}\"\u003e\u003e identification of the authors(s) (\"author\" field) of the Rule and any others designated to receive attribution, in any reasonable manner requested by the Rule author (including by pseudonym if designated).\n\nTHE RULES ARE PROVIDED \"AS IS\", WITHOUT WARRANTY OF ANY KIND, EXPRESS OR IMPLIED, INCLUDING BUT NOT LIMITED TO THE WARRANTIES OF MERCHANTABILITY, FITNESS FOR A PARTICULAR PURPOSE AND NONINFRINGEMENT. IN NO EVENT SHALL THE AUTHORS OR COPYRIGHT HOLDERS BE LIABLE FOR ANY CLAIM, DAMAGES OR OTHER LIABILITY, WHETHER IN AN ACTION OF CONTRACT, TORT OR OTHERWISE, ARISING FROM, OUT OF OR IN CONNECTION WITH THE RULES OR THE USE OR OTHER DEALINGS IN THE RULES.\n\n",
  "name": "Detection Rule License 1.1",
  "licenseId": "DRL-1.1",
  "crossRef": [
    {
      "match": "true",
      "url": "https://github.com/SigmaHQ/Detection-Rule-License/blob/6ec7fbde6101d101b5b5d1fcb8f9b69fbc76c04a/LICENSE.Detection.Rules.md",
      "isValid": true,
      "isLive": true,
      "timestamp": "2024-08-19T17:37:53Z",
      "isWayBackLink": false,
      "order": 0
    }
  ],
  "seeAlso": [
    "https://github.com/SigmaHQ/Detection-Rule-License/blob/6ec7fbde6101d101b5b5d1fcb8f9b69fbc76c04a/LICENSE.Detection.Rules.md"
  ],
  "isOsiApproved": false,
  "licenseTextHtml": "\n    \u003cvar class\u003d\"optional-license-text\"\u003e Detection Rule License (DRL) 1.1\u003c/var\u003e\n\n\u003cp\u003ePermission is hereby granted, free of charge, to any person obtaining a copy of this rule set and associated documentation files (the \u0026quot;Rules\u0026quot;), to deal in the Rules without restriction, including without limitation the rights to use, copy, modify, merge, publish, distribute, sublicense, and/or sell copies of the Rules, and to permit persons to whom the Rules are furnished to do so, subject to the following conditions:\u003c/p\u003e\n\n\u003cp\u003eIf you share the Rules (including in modified form), you must retain the following if it is supplied within the Rules:\u003c/p\u003e\n\n\u003cul style\u003d\"list-style:none\"\u003e\n\t\n\u003cli\u003e\u003cvar class\u003d\"replaceable-license-text\"\u003e 1.\u003c/var\u003e\n    identification of the authors(s) (\u0026quot;author\u0026quot; field) of the Rule and any others designated to receive attribution, in any reasonable manner requested by the Rule author (including by pseudonym if designated).\u003c/li\u003e\n    \n\u003cli\u003e\u003cvar class\u003d\"replaceable-license-text\"\u003e 2.\u003c/var\u003e\n    a URI or hyperlink to the Rule set or explicit Rule to the extent reasonably practicable\u003c/li\u003e\n    \n\u003cli\u003e\u003cvar class\u003d\"replaceable-license-text\"\u003e 3.\u003c/var\u003eindicate the Rules are licensed under this Detection Rule License, and include the text of, or the URI or hyperlink to, this Detection Rule License to the extent reasonably practicable\u003c/li\u003e\n\n\u003c/ul\u003e\n\u003cp\u003eIf you use the Rules (including in modified form) on data, messages based on matches with the Rules must retain the following if it is supplied within the Rules:\u003c/p\u003e\n\n\u003cul style\u003d\"list-style:none\"\u003e\n\t\n\u003cli\u003e\u003cvar class\u003d\"replaceable-license-text\"\u003e 1.\u003c/var\u003e\n    identification of the authors(s) (\u0026quot;author\u0026quot; field) of the Rule and any others designated to receive attribution, in any reasonable manner requested by the Rule author (including by pseudonym if designated).\u003c/li\u003e\n\n\u003c/ul\u003e\n\u003cp\u003eTHE RULES ARE PROVIDED \u0026quot;AS IS\u0026quot;, WITHOUT WARRANTY OF ANY KIND, EXPRESS OR IMPLIED, INCLUDING BUT NOT LIMITED TO THE WARRANTIES OF MERCHANTABILITY, FITNESS FOR A PARTICULAR PURPOSE AND NONINFRINGEMENT. IN NO EVENT SHALL THE AUTHORS OR COPYRIGHT HOLDERS BE LIABLE FOR ANY CLAIM, DAMAGES OR OTHER LIABILITY, WHETHER IN AN ACTION OF CONTRACT, TORT OR OTHERWISE, ARISING FROM, OUT OF OR IN CONNECTION WITH THE RULES OR THE USE OR OTHER DEALINGS IN THE RULES.\u003c/p\u003e\n\n"
}