{
  "isDeprecatedLicenseId": false,
  "licenseText": "Portions Copyright 1999-2008 Howard Y.H. Chu.\nPortions Copyright 1999-2008 Symas Corporation.\nPortions Copyright 1998-2003 Hallvard B. Furuseth.\nPortions Copyright 2007-2011 Gavin Henry.\nPortions Copyright 2007-2011 Suretec Systems Ltd.\nAll rights reserved.\n\nRedistribution and use in source and binary forms, with or without\nmodification, are permitted provided that this notice is preserved.\nThe names of the copyright holders may not be used to endorse or\npromote products derived from this software without their specific\nprior written permission.  This software is provided ``as is\u0027\u0027\nwithout express or implied warranty.\n",
  "standardLicenseTemplate": "\u003c\u003cvar;name\u003d\"copyright\";original\u003d\"Portions Copyright 1999-2008 Howard Y.H. Chu.  Portions Copyright 1999-2008 Symas Corporation.  Portions Copyright 1998-2003 Hallvard B. Furuseth.  Portions Copyright 2007-2011 Gavin Henry.  Portions Copyright 2007-2011 Suretec Systems Ltd. All rights reserved.\";match\u003d\".{0,5000}\"\u003e\u003e\n\nRedistribution and use in source and binary forms, with or without modification, are permitted provided that this notice is preserved. The names of the copyright holders may not be used to endorse or promote products derived from this software without their specific prior written permission. This software is provided ``as is\u0027\u0027 without express or implied warranty.\n\n",
  "name": "Furuseth License",
  "licenseId": "Furuseth",
  "crossRef": [
    {
      "match": "false",
      "url": "https://git.openldap.org/openldap/openldap/-/blob/master/COPYRIGHT?ref_type\u003dheads#L39-51",
      "isValid": true,
      "isLive": true,
      "timestamp": "2024-08-19T17:38:01Z",
      "isWayBackLink": false,
      "order": 0
    }
  ],
  "seeAlso": [
    "https://git.openldap.org/openldap/openldap/-/blob/master/COPYRIGHT?ref_type\u003dheads#L39-51"
  ],
  "isOsiApproved": false,
  "licenseTextHtml": "\n         \u003cvar class\u003d\"replaceable-license-text\"\u003e \n            Portions Copyright 1999-2008 Howard Y.H. Chu.\u003cbr /\u003e\n\n            Portions Copyright 1999-2008 Symas Corporation.\u003cbr /\u003e\n\n            Portions Copyright 1998-2003 Hallvard B. Furuseth.\u003cbr /\u003e\n\n            Portions Copyright 2007-2011 Gavin Henry.\u003cbr /\u003e\n\n            Portions Copyright 2007-2011 Suretec\n            Systems Ltd. All rights reserved.\n         \u003c/var\u003e\n         \u003cp\u003e\n            Redistribution and use in source and binary forms, with or\n            without modification, are permitted provided that this notice\n            is preserved. The names of the copyright holders may not be\n            used to endorse or promote products derived from this software\n            without their specific prior written permission. This software\n            is provided ``as is\u0026apos;\u0026apos; without express or implied warranty.\n         \u003c/p\u003e\n\n      "
}