{
  "isDeprecatedLicenseId": true,
  "licenseText": "insert GPL v2 license text here\n\nClass Path Exception\n\nLinking this library statically or dynamically with other modules is making a combined work based on this library. Thus, the terms and conditions of the GNU General Public License cover the whole combination.\n\nAs a special exception, the copyright holders of this library give you permission to link this library with independent modules to produce an executable, regardless of the license terms of these independent modules, and to copy and distribute the resulting executable under terms of your choice, provided that you also meet, for each linked independent module, the terms and conditions of the license of that module. An independent module is a module which is not derived from or based on this library. If you modify this library, you may extend this exception to your version of the library, but you are not obligated to do so. If you do not wish to do so, delete this exception statement from your version.\n\n",
  "standardLicenseTemplate": "insert GPL v2 license text here\n\nClass Path Exception\n\nLinking this library statically or dynamically with other modules is making a combined work based on this library. Thus, the terms and conditions of the GNU General Public License cover the whole combination.\n\nAs a special exception, the copyright holders of this library give you permission to link this library with independent modules to produce an executable, regardless of the license terms of these independent modules, and to copy and distribute the resulting executable under terms of your choice, provided that you also meet, for each linked independent module, the terms and conditions of the license of that module. An independent module is a module which is not derived from or based on this library. If you modify this library, you may extend this exception to your version of the library, but you are not obligated to do so. If you do not wish to do so, delete this exception statement from your version.\n\n",
  "name": "GNU General Public License v2.0 w/Classpath exception",
  "licenseComments": "DEPRECATED: Use license expression including main license, \"WITH\" operator, and identifier: Classpath-exception-2.0",
  "licenseId": "GPL-2.0-with-classpath-exception",
  "crossRef": [
    {
      "match": "false",
      "url": "https://www.gnu.org/software/classpath/license.html",
      "isValid": true,
      "isLive": true,
      "timestamp": "2024-08-19T17:36:02Z",
      "isWayBackLink": false,
      "order": 0
    }
  ],
  "seeAlso": [
    "https://www.gnu.org/software/classpath/license.html"
  ],
  "isOsiApproved": false,
  "licenseTextHtml": "\n\t     \u003cp\u003einsert GPL v2 license text here\u003c/p\u003e\n\n\t     \u003cp\u003eClass Path Exception\u003c/p\u003e\n\n\t     \u003cp\u003eLinking this library statically or dynamically with other modules is making a combined work based on this library. Thus, the terms and conditions of the GNU General Public License cover the whole combination.\u003c/p\u003e\n\n\t     \u003cp\u003eAs a special exception, the copyright holders of this library give you permission to link this library with independent modules to produce an executable, regardless of the license terms of these independent modules, and to copy and distribute the resulting executable under terms of your choice, provided that you also meet, for each linked independent module, the terms and conditions of the license of that module. An independent module is a module which is not derived from or based on this library. If you modify this library, you may extend this exception to your version of the library, but you are not obligated to do so. If you do not wish to do so, delete this exception statement from your version.\u003c/p\u003e\n\n    ",
  "deprecatedVersion": "2.0rc2"
}