{
  "isDeprecatedLicenseId": true,
  "licenseText": "Bison Exception\n\nAs a special exception, you may create a larger work that contains part or all of the Bison parser skeleton and distribute that work under terms of your choice, so long as that work isn\u0027t itself a parser generator using the skeleton or a modified version thereof as a parser skeleton. Alternatively, if you modify or redistribute the parser skeleton itself, you may (at your option) remove this special exception, which will cause the skeleton and the resulting Bison output files to be licensed under the GNU General Public License without this special exception.\n\nThis special exception was added by the Free Software Foundation in version 2.2 of Bison.\n\n",
  "standardLicenseTemplate": "\u003c\u003cbeginOptional\u003e\u003eBison Exception\u003c\u003cendOptional\u003e\u003e\n\nAs a special exception, you may create a larger work that contains part or all of the Bison parser skeleton and distribute that work under terms of your choice, so long as that work isn\u0027t itself a parser generator using the skeleton or a modified version thereof as a parser skeleton. Alternatively, if you modify or redistribute the parser skeleton itself, you may (at your option) remove this special exception, which will cause the skeleton and the resulting Bison output files to be licensed under the GNU General Public License without this special exception.\n\nThis special exception was added by the Free Software Foundation in version 2.2 of Bison.\n\n",
  "name": "GNU General Public License v2.0 w/Bison exception",
  "licenseComments": "DEPRECATED: Use license expression including main license, \"WITH\" operator, and identifier: Bison-exception-2.2",
  "licenseId": "GPL-2.0-with-bison-exception",
  "crossRef": [
    {
      "match": "true",
      "url": "http://git.savannah.gnu.org/cgit/bison.git/tree/data/yacc.c?id\u003d193d7c7054ba7197b0789e14965b739162319b5e#n141",
      "isValid": true,
      "isLive": true,
      "timestamp": "2024-08-19T17:43:56Z",
      "isWayBackLink": false,
      "order": 0
    }
  ],
  "seeAlso": [
    "http://git.savannah.gnu.org/cgit/bison.git/tree/data/yacc.c?id\u003d193d7c7054ba7197b0789e14965b739162319b5e#n141"
  ],
  "isOsiApproved": false,
  "licenseTextHtml": "\n\t     \u003cvar class\u003d\"optional-license-text\"\u003e Bison Exception\u003c/var\u003e\n\n\t     \u003cp\u003eAs a special exception, you may create a larger work that contains part or all of the Bison parser skeleton and distribute that work under terms of your choice, so long as that work isn\u0026apos;t itself a parser generator using the skeleton or a modified version thereof as a parser skeleton. Alternatively, if you modify or redistribute the parser skeleton itself, you may (at your option) remove this special exception, which will cause the skeleton and the resulting Bison output files to be licensed under the GNU General Public License without this special exception.\u003c/p\u003e\n\n\t     \u003cp\u003eThis special exception was added by the Free Software Foundation in version 2.2 of Bison.\u003c/p\u003e\n\n    ",
  "deprecatedVersion": "2.0rc2"
}