{
  "isDeprecatedLicenseId": false,
  "licenseText": "Copyright 1993 by OpenVision Technologies, Inc.\n\nPermission to use, copy, modify, distribute, and sell this software\nand its documentation for any purpose is hereby granted without fee,\nprovided that the above copyright notice appears in all copies and\nthat both that copyright notice and this permission notice appear in\nsupporting documentation, and that the name of OpenVision not be used\nin advertising or publicity pertaining to distribution of the software\nwithout specific, written prior permission. OpenVision makes no\nrepresentations about the suitability of this software for any\npurpose.  It is provided \"as is\" without express or implied warranty.\n\nOPENVISION DISCLAIMS ALL WARRANTIES WITH REGARD TO THIS SOFTWARE,\nINCLUDING ALL IMPLIED WARRANTIES OF MERCHANTABILITY AND FITNESS, IN NO\nEVENT SHALL OPENVISION BE LIABLE FOR ANY SPECIAL, INDIRECT OR\nCONSEQUENTIAL DAMAGES OR ANY DAMAGES WHATSOEVER RESULTING FROM LOSS OF\nUSE, DATA OR PROFITS, WHETHER IN AN ACTION OF CONTRACT, NEGLIGENCE OR\nOTHER TORTIOUS ACTION, ARISING OUT OF OR IN CONNECTION WITH THE USE OR\nPERFORMANCE OF THIS SOFTWARE.\n",
  "standardLicenseTemplate": "\u003c\u003cvar;name\u003d\"copyright\";original\u003d\"\u003ccopyright notice\u003e  \";match\u003d\".{0,5000}\"\u003e\u003e\n\nPermission to use, copy, modify, distribute\u003c\u003cbeginOptional\u003e\u003e,\u003c\u003cendOptional\u003e\u003eand sell this software and its documentation for any purpose is hereby granted without fee, provided that the above copyright notice \u003c\u003cvar;name\u003d\"appear\";original\u003d\"appears\";match\u003d\"appear|appears\"\u003e\u003e in all copies\u003c\u003cbeginOptional\u003e\u003e, \u003c\u003cendOptional\u003e\u003e\u003c\u003cbeginOptional\u003e\u003e and\u003c\u003cendOptional\u003e\u003e that both \u003c\u003cvar;name\u003d\"that\";original\u003d\"that\";match\u003d\"that|the\"\u003e\u003e copyright notice and this permission notice appear in supporting documentation\u003c\u003cbeginOptional\u003e\u003e, and that the \u003c\u003cvar;name\u003d\"name\";original\u003d\"name\";match\u003d\"name|names\"\u003e\u003e\u003c\u003cbeginOptional\u003e\u003e of\u003c\u003cendOptional\u003e\u003e \u003c\u003cvar;name\u003d\"copyrightHolder0\";original\u003d\"\u003ccopyright holder\u003e\";match\u003d\".*\"\u003e\u003e \u003c\u003cvar;name\u003d\"orRelated\";original\u003d\"\u003cor related entities\u003e\";match\u003d\".*\"\u003e\u003e\u003c\u003cbeginOptional\u003e\u003e is\u003c\u003cendOptional\u003e\u003e not be used in advertising or publicity pertaining to distribution of the software without specific, written prior permission \u003c\u003cendOptional\u003e\u003e .\u003c\u003cbeginOptional\u003e\u003e \u003c\u003cvar;name\u003d\"copyrightHolder1\";original\u003d\"\u003ccopyright holder\u003e\";match\u003d\".*\"\u003e\u003e \u003c\u003cvar;name\u003d\"make\";original\u003d\"makes\";match\u003d\"make|makes\"\u003e\u003e no representations about the suitability of this software for any purpose. It is provided \"as is\" without express or implied warranty.\u003c\u003cendOptional\u003e\u003e\n\n\u003c\u003cbeginOptional\u003e\u003e\u003c\u003cvar;name\u003d\"copyrightHolder2\";original\u003d\"\u003ccopyright holder\u003e\";match\u003d\".*\"\u003e\u003e \u003c\u003cvar;name\u003d\"disclaim\";original\u003d\"DISCLAIMS\";match\u003d\"DISCLAIM|DISCLAIMS\"\u003e\u003e ALL WARRANTIES WITH REGARD TO THIS SOFTWARE, INCLUDING ALL IMPLIED WARRANTIES OF MERCHANTABILITY AND FITNESS \u003c\u003cvar;name\u003d\"period\";original\u003d\".\";match\u003d\"[.,]*\"\u003e\u003e IN NO EVENT SHALL \u003c\u003cvar;name\u003d\"copyrightHolder3\";original\u003d\"\u003ccopyright holder\u003e\";match\u003d\".*\"\u003e\u003e BE LIABLE FOR ANY SPECIAL, INDIRECT OR CONSEQUENTIAL DAMAGES OR ANY DAMAGES WHATSOEVER RESULTING FROM LOSS OF USE, DATA OR PROFITS, WHETHER IN AN ACTION OF CONTRACT, NEGLIGENCE OR OTHER TORTIOUS ACTION, ARISING OUT OF OR IN CONNECTION WITH THE USE OR PERFORMANCE OF THIS SOFTWARE.\n\n\u003c\u003cendOptional\u003e\u003e",
  "name": "Historical Permission Notice and Disclaimer - sell variant",
  "licenseComments": "This license is a variant of HPND (https://spdx.org/licenses/HPND.html). This variant explicitly includes the permission to \"sell\" the software, which is not explicitly referenced in the HPND template, and makes a few other minor changes. It otherwise retains the optional templated formatting from HPND.",
  "licenseId": "HPND-sell-variant",
  "crossRef": [
    {
      "match": "false",
      "url": "https://git.kernel.org/pub/scm/linux/kernel/git/torvalds/linux.git/tree/net/sunrpc/auth_gss/gss_generic_token.c?h\u003dv4.19",
      "isValid": true,
      "isLive": true,
      "timestamp": "2024-08-19T17:43:42Z",
      "isWayBackLink": false,
      "order": 0
    }
  ],
  "seeAlso": [
    "https://git.kernel.org/pub/scm/linux/kernel/git/torvalds/linux.git/tree/net/sunrpc/auth_gss/gss_generic_token.c?h\u003dv4.19"
  ],
  "isOsiApproved": false,
  "licenseTextHtml": "\n      \u003cdiv class\u003d\"replaceable-license-text\"\u003e \n         \u003cp\u003e\u0026lt;copyright notice\u0026gt;\u003c/p\u003e\n\n      \u003c/div\u003e\n\n      \u003cp\u003ePermission to use, copy, modify, distribute\u003cvar class\u003d\"optional-license-text\"\u003e,\u003c/var\u003e and sell this software and its documentation for any purpose\n         is hereby granted without fee, provided that the above copyright notice  \u003cvar class\u003d\"replaceable-license-text\"\u003e appears\u003c/var\u003e in all copies\u003cvar class\u003d\"optional-license-text\"\u003e, \u003c/var\u003e\n         \u003cvar class\u003d\"optional-license-text\"\u003e and\u003c/var\u003e that both \u003cvar class\u003d\"replaceable-license-text\"\u003e that\u003c/var\u003e copyright notice\n         and this permission notice appear in supporting documentation\u003cvar class\u003d\"optional-license-text\"\u003e, and that the \u003cvar class\u003d\"replaceable-license-text\"\u003e name\u003c/var\u003e \u003cvar class\u003d\"optional-license-text\"\u003e of\u003c/var\u003e\n            \u003cvar class\u003d\"replaceable-license-text\"\u003e \u0026lt;copyright holder\u0026gt;\u003c/var\u003e\n            \u003cvar class\u003d\"replaceable-license-text\"\u003e \u0026lt;or related entities\u0026gt;\u003c/var\u003e\n         \u003cvar class\u003d\"optional-license-text\"\u003e is\u003c/var\u003e not be used in advertising or publicity pertaining to distribution of the software without specific, written\n         prior permission \u003c/var\u003e. \u003cvar class\u003d\"optional-license-text\"\u003e \n            \u003cvar class\u003d\"replaceable-license-text\"\u003e \u0026lt;copyright holder\u0026gt;\u003c/var\u003e \u003cvar class\u003d\"replaceable-license-text\"\u003e makes\u003c/var\u003e no representations\n         about the suitability of this software for any purpose. It is provided \u0026quot;as is\u0026quot; without express or implied warranty.\u003c/var\u003e\n      \u003c/p\u003e\n\n      \u003cdiv class\u003d\"optional-license-text\"\u003e \n        \u003cp\u003e\n            \u003cvar class\u003d\"replaceable-license-text\"\u003e \u0026lt;copyright holder\u0026gt;\u003c/var\u003e \u003cvar class\u003d\"replaceable-license-text\"\u003e DISCLAIMS\u003c/var\u003e ALL WARRANTIES WITH REGARD TO THIS SOFTWARE, INCLUDING\n           ALL IMPLIED WARRANTIES OF MERCHANTABILITY AND FITNESS\u003cvar class\u003d\"replaceable-license-text\"\u003e .\u003c/var\u003e IN NO EVENT SHALL\n           \u003cvar class\u003d\"replaceable-license-text\"\u003e \u0026lt;copyright holder\u0026gt;\u003c/var\u003e BE LIABLE FOR ANY SPECIAL, INDIRECT OR CONSEQUENTIAL DAMAGES\n           OR ANY DAMAGES WHATSOEVER RESULTING FROM LOSS OF USE, DATA OR PROFITS, WHETHER IN AN ACTION OF CONTRACT,\n           NEGLIGENCE OR OTHER TORTIOUS ACTION, ARISING OUT OF OR IN CONNECTION WITH THE USE OR PERFORMANCE OF THIS SOFTWARE.\u003c/p\u003e\n\n      \u003c/div\u003e\n    "
}