{
  "isDeprecatedLicenseId": false,
  "licenseText": "Copyright (C) 2003-2012 Daniel Veillard. \nPermission to use, copy,\nmodify, and distribute this software for any purpose with or\nwithout fee is hereby granted, provided that the above copyright\nnotice and this permission notice appear in all copies. THIS\nSOFTWARE IS PROVIDED \"AS IS\" AND WITHOUT ANY EXPRESS OR IMPLIED\nWARRANTIES, INCLUDING, WITHOUT LIMITATION, THE IMPLIED WARRANTIES\nOF MERCHANTABILITY AND FITNESS FOR A PARTICULAR PURPOSE. THE AUTHORS\nAND CONTRIBUTORS ACCEPT NO RESPONSIBILITY IN ANY CONCEIVABLE MANNER.\n",
  "standardLicenseTemplate": "\u003c\u003cvar;name\u003d\"copyright\";original\u003d\"Copyright (C) 2003-2012 Daniel Veillard.\";match\u003d\".{0,5000}\"\u003e\u003e\n\nPermission to use, copy, modify, and distribute this software for any purpose with or without fee is hereby granted, provided that the above copyright notice and this permission notice appear in all copies. THIS SOFTWARE IS PROVIDED \"AS IS\" AND WITHOUT ANY EXPRESS OR IMPLIED WARRANTIES, INCLUDING, WITHOUT LIMITATION, THE IMPLIED WARRANTIES OF MERCHANTABILITY AND FITNESS FOR A PARTICULAR PURPOSE. THE AUTHORS AND CONTRIBUTORS ACCEPT NO RESPONSIBILITY IN ANY CONCEIVABLE MANNER.\n\n",
  "name": "ISC Veillard variant",
  "licenseComments": "This license uses the same grant as ISC, but a different disclaimer paragraph. It appears to originate from the Trio printf library.",
  "licenseId": "ISC-Veillard",
  "crossRef": [
    {
      "match": "false",
      "url": "https://github.com/GNOME/libxml2/blob/master/dict.c",
      "isValid": true,
      "isLive": true,
      "timestamp": "2024-08-19T17:46:25Z",
      "isWayBackLink": false,
      "order": 1
    },
    {
      "match": "false",
      "url": "https://raw.githubusercontent.com/GNOME/libxml2/4c2e7c651f6c2f0d1a74f350cbda95f7df3e7017/hash.c",
      "isValid": true,
      "isLive": true,
      "timestamp": "2024-08-19T17:46:25Z",
      "isWayBackLink": false,
      "order": 0
    },
    {
      "match": "false",
      "url": "https://sourceforge.net/p/ctrio/git/ci/master/tree/README",
      "isValid": true,
      "isLive": true,
      "timestamp": "2024-08-19T17:46:25Z",
      "isWayBackLink": false,
      "order": 2
    }
  ],
  "seeAlso": [
    "https://raw.githubusercontent.com/GNOME/libxml2/4c2e7c651f6c2f0d1a74f350cbda95f7df3e7017/hash.c",
    "https://github.com/GNOME/libxml2/blob/master/dict.c",
    "https://sourceforge.net/p/ctrio/git/ci/master/tree/README"
  ],
  "isOsiApproved": false,
  "licenseTextHtml": "\n         \u003cvar class\u003d\"replaceable-license-text\"\u003e \n             Copyright (C) 2003-2012 Daniel Veillard.\n        \u003c/var\u003e\n        \u003cp\u003e\n            Permission to use, copy,\n            modify, and distribute this software for any purpose with or\n            without fee is hereby granted, provided that the above copyright\n            notice and this permission notice appear in all copies. THIS\n            SOFTWARE IS PROVIDED \u0026quot;AS IS\u0026quot; AND WITHOUT ANY EXPRESS OR IMPLIED\n            WARRANTIES, INCLUDING, WITHOUT LIMITATION, THE IMPLIED WARRANTIES\n            OF MERCHANTABILITY AND FITNESS FOR A PARTICULAR PURPOSE. THE AUTHORS\n            AND CONTRIBUTORS ACCEPT NO RESPONSIBILITY IN ANY CONCEIVABLE MANNER.\n         \u003c/p\u003e\n\n      "
}