{
  "isDeprecatedLicenseId": false,
  "licenseText": "License is hereby granted to use this software and distribute it freely,\nas long as this copyright notice is retained and modifications are\nclearly marked.\n\nALL WARRANTIES ARE HEREBY DISCLAIMED.\n",
  "standardLicenseTemplate": "\u003c\u003cvar;name\u003d\"copyright\";original\u003d\"Copyright 1993-2014 Christopher Seiwald and Perforce Software, Inc.  \";match\u003d\".{0,5000}\"\u003e\u003e\n\nLicense is hereby granted to use this software and distribute it freely, as long as this copyright notice is retained and modifications are clearly marked.\n\nALL WARRANTIES ARE HEREBY DISCLAIMED.\n\n",
  "name": "Jam License",
  "licenseId": "Jam",
  "crossRef": [
    {
      "match": "N/A",
      "url": "https://web.archive.org/web/20160330173339/https://swarm.workshop.perforce.com/files/guest/perforce_software/jam/src/README",
      "isValid": false,
      "isLive": false,
      "timestamp": "2024-08-19T17:39:33Z",
      "isWayBackLink": false,
      "order": 1
    },
    {
      "match": "false",
      "url": "https://www.boost.org/doc/libs/1_35_0/doc/html/jam.html",
      "isValid": true,
      "isLive": true,
      "timestamp": "2024-08-19T17:39:33Z",
      "isWayBackLink": false,
      "order": 0
    }
  ],
  "seeAlso": [
    "https://www.boost.org/doc/libs/1_35_0/doc/html/jam.html",
    "https://web.archive.org/web/20160330173339/https://swarm.workshop.perforce.com/files/guest/perforce_software/jam/src/README"
  ],
  "isOsiApproved": true,
  "licenseTextHtml": "\n        \u003cdiv class\u003d\"replaceable-license-text\"\u003e \n\t    \u003cp\u003eCopyright 1993-2014 Christopher Seiwald and Perforce Software, Inc.\u003c/p\u003e\n\n        \u003c/div\u003e\n\n\t\u003cp\u003e\n            License is hereby granted to use this software and distribute it\n            freely, as long as this copyright notice is retained and modifications\n            are clearly marked.\n\t\u003c/p\u003e\n\n\t\u003cp\u003e\n            ALL WARRANTIES ARE HEREBY DISCLAIMED.\n\t\u003c/p\u003e\n\n    "
}