{
  "isDeprecatedLicenseId": false,
  "licenseText": "Copyright @copyright{} 1989, 1992, 1993, 1994, 1995, 1996, 2014 Free Software\nFoundation, Inc.\n\nCopyright @copyright{} 1995, 1996 Joseph Arceneaux.\n\nCopyright @copyright{} 1999, Carlo Wood.\n\nCopyright @copyright{} 2001, David Ingamells.\n\nCopyright @copyright{} 2013, Łukasz Stelmach.\n\nCopyright @copyright{} 2015, Tim Hentenaar.\n\nPermission is granted to make and distribute verbatim copies of\nthis manual provided the copyright notice and this permission notice\nare preserved on all copies.\n\nPermission is granted to copy and distribute modified versions of this\nmanual under the conditions for verbatim copying, provided that the entire\nresulting derived work is distributed under the terms of a permission\nnotice identical to this one.\n\nPermission is granted to copy and distribute translations of this manual\ninto another language, under the above conditions for modified versions,\nexcept that this permission notice may be stated in a translation approved\nby the Foundation.\n",
  "standardLicenseTemplate": "\u003c\u003cvar;name\u003d\"copyright\";original\u003d\"Copyright @copyright{} 1989, 1992, 1993, 1994, 1995, 1996, 2014 Free Software Foundation, Inc.    Copyright @copyright{} 1995, 1996 Joseph Arceneaux.    Copyright @copyright{} 1999, Carlo Wood.    Copyright @copyright{} 2001, David Ingamells.    Copyright @copyright{} 2013, Łukasz Stelmach.  \";match\u003d\".{0,5000}\"\u003e\u003e\n\nPermission is granted to make and distribute verbatim copies of this manual provided the copyright notice and this permission notice are preserved on all copies.\n\nPermission is granted to copy and distribute modified versions of this manual under the conditions for verbatim copying, provided that the entire resulting derived work is distributed under the terms of a permission notice identical to this one.\n\nPermission is granted to copy and distribute translations of this manual into another language, under the above conditions for modified versions, except that this permission notice may be stated in a translation approved by the Foundation.\n\n",
  "name": "Latex2e with translated notice permission",
  "licenseComments": "The last section differs from Latex2e license.",
  "licenseId": "Latex2e-translated-notice",
  "crossRef": [
    {
      "match": "false",
      "url": "https://git.savannah.gnu.org/cgit/indent.git/tree/doc/indent.texi?id\u003da74c6b4ee49397cf330b333da1042bffa60ed14f#n74",
      "isValid": true,
      "isLive": true,
      "timestamp": "2024-08-19T17:35:38Z",
      "isWayBackLink": false,
      "order": 0
    }
  ],
  "seeAlso": [
    "https://git.savannah.gnu.org/cgit/indent.git/tree/doc/indent.texi?id\u003da74c6b4ee49397cf330b333da1042bffa60ed14f#n74"
  ],
  "isOsiApproved": false,
  "licenseTextHtml": "\n         \u003cdiv class\u003d\"replaceable-license-text\"\u003e \n            \u003cp\u003e\n               Copyright @copyright{} 1989, 1992, 1993, 1994, 1995, 1996, 2014 Free Software\n               Foundation, Inc.\n            \u003c/p\u003e\n\n            \u003cp\u003e\n               Copyright @copyright{} 1995, 1996 Joseph Arceneaux.\n            \u003c/p\u003e\n\n            \u003cp\u003e\n               Copyright @copyright{} 1999, Carlo Wood.\n            \u003c/p\u003e\n\n            \u003cp\u003e\n               Copyright @copyright{} 2001, David Ingamells.\n            \u003c/p\u003e\n\n            \u003cp\u003e\n               Copyright @copyright{} 2013, Łukasz Stelmach.\n            \u003c/p\u003e\n\n         \u003c/div\u003e\n         \u003cp\u003e\n            Permission is granted to make and distribute verbatim copies of\n            this manual provided the copyright notice and this permission notice\n            are preserved on all copies.\n         \u003c/p\u003e\n\n         \u003cp\u003e\n            Permission is granted to copy and distribute modified versions of this\n            manual under the conditions for verbatim copying, provided that the entire\n            resulting derived work is distributed under the terms of a permission\n            notice identical to this one.\n         \u003c/p\u003e\n\n         \u003cp\u003e\n            Permission is granted to copy and distribute translations of this manual\n            into another language, under the above conditions for modified versions,\n            except that this permission notice may be stated in a translation approved\n            by the Foundation.\n         \u003c/p\u003e\n\n      "
}