{
  "isDeprecatedLicenseId": false,
  "licenseText": "Minpack Copyright Notice (1999) University of Chicago.  All rights reserved\n\nRedistribution and use in source and binary forms, with or\nwithout modification, are permitted provided that the\nfollowing conditions are met:\n\n1. Redistributions of source code must retain the above\ncopyright notice, this list of conditions and the following\ndisclaimer.\n\n2. Redistributions in binary form must reproduce the above\ncopyright notice, this list of conditions and the following\ndisclaimer in the documentation and/or other materials\nprovided with the distribution.\n\n3. The end-user documentation included with the\nredistribution, if any, must include the following\nacknowledgment:\n\n   \"This product includes software developed by the\n   University of Chicago, as Operator of Argonne National\n   Laboratory.\n\nAlternately, this acknowledgment may appear in the software\nitself, if and wherever such third-party acknowledgments\nnormally appear.\n\n4. WARRANTY DISCLAIMER. THE SOFTWARE IS SUPPLIED \"AS IS\"\nWITHOUT WARRANTY OF ANY KIND. THE COPYRIGHT HOLDER, THE\nUNITED STATES, THE UNITED STATES DEPARTMENT OF ENERGY, AND\nTHEIR EMPLOYEES: (1) DISCLAIM ANY WARRANTIES, EXPRESS OR\nIMPLIED, INCLUDING BUT NOT LIMITED TO ANY IMPLIED WARRANTIES\nOF MERCHANTABILITY, FITNESS FOR A PARTICULAR PURPOSE, TITLE\nOR NON-INFRINGEMENT, (2) DO NOT ASSUME ANY LEGAL LIABILITY\nOR RESPONSIBILITY FOR THE ACCURACY, COMPLETENESS, OR\nUSEFULNESS OF THE SOFTWARE, (3) DO NOT REPRESENT THAT USE OF\nTHE SOFTWARE WOULD NOT INFRINGE PRIVATELY OWNED RIGHTS, (4)\nDO NOT WARRANT THAT THE SOFTWARE WILL FUNCTION\nUNINTERRUPTED, THAT IT IS ERROR-FREE OR THAT ANY ERRORS WILL\nBE CORRECTED.\n\n5. LIMITATION OF LIABILITY. IN NO EVENT WILL THE COPYRIGHT\nHOLDER, THE UNITED STATES, THE UNITED STATES DEPARTMENT OF\nENERGY, OR THEIR EMPLOYEES: BE LIABLE FOR ANY INDIRECT,\nINCIDENTAL, CONSEQUENTIAL, SPECIAL OR PUNITIVE DAMAGES OF\nANY KIND OR NATURE, INCLUDING BUT NOT LIMITED TO LOSS OF\nPROFITS OR LOSS OF DATA, FOR ANY REASON WHATSOEVER, WHETHER\nSUCH LIABILITY IS ASSERTED ON THE BASIS OF CONTRACT, TORT\n(INCLUDING NEGLIGENCE OR STRICT LIABILITY), OR OTHERWISE,\nEVEN IF ANY OF SAID PARTIES HAS BEEN WARNED OF THE\nPOSSIBILITY OF SUCH LOSS OR DAMAGES.\n",
  "standardLicenseTemplate": "Minpack Copyright Notice (1999) University of Chicago. All rights reserved\n\nRedistribution and use in source and binary forms, with or without modification, are permitted provided that the following conditions are met:\n\n   \u003c\u003cvar;name\u003d\"bullet\";original\u003d\"1.\";match\u003d\".{0,20}\"\u003e\u003e\n\n   Redistributions of source code must retain the above copyright notice, this list of conditions and the following disclaimer.\n\n   \u003c\u003cvar;name\u003d\"bullet\";original\u003d\"2.\";match\u003d\".{0,20}\"\u003e\u003e\n\n   Redistributions in binary form must reproduce the above copyright notice, this list of conditions and the following disclaimer in the documentation and/or other materials provided with the distribution.\n\n   \u003c\u003cvar;name\u003d\"bullet\";original\u003d\"3.\";match\u003d\".{0,20}\"\u003e\u003e\n\n   The end-user documentation included with the redistribution, if any, must include the following acknowledgment:\n\n   \"This product includes software developed by the University of Chicago, as Operator of Argonne National Laboratory.\n\n   Alternately, this acknowledgment may appear in the software itself, if and wherever such third-party acknowledgments normally appear.\n\n   \u003c\u003cvar;name\u003d\"bullet\";original\u003d\"4.\";match\u003d\".{0,20}\"\u003e\u003e\n\n   WARRANTY DISCLAIMER. THE SOFTWARE IS SUPPLIED \"AS IS\" WITHOUT WARRANTY OF ANY KIND. THE COPYRIGHT HOLDER, THE UNITED STATES, THE UNITED STATES DEPARTMENT OF ENERGY, AND THEIR EMPLOYEES: (1) DISCLAIM ANY WARRANTIES, EXPRESS OR IMPLIED, INCLUDING BUT NOT LIMITED TO ANY IMPLIED WARRANTIES OF MERCHANTABILITY, FITNESS FOR A PARTICULAR PURPOSE, TITLE OR NON-INFRINGEMENT, (2) DO NOT ASSUME ANY LEGAL LIABILITY OR RESPONSIBILITY FOR THE ACCURACY, COMPLETENESS, OR USEFULNESS OF THE SOFTWARE, (3) DO NOT REPRESENT THAT USE OF THE SOFTWARE WOULD NOT INFRINGE PRIVATELY OWNED RIGHTS, (4) DO NOT WARRANT THAT THE SOFTWARE WILL FUNCTION UNINTERRUPTED, THAT IT IS ERROR-FREE OR THAT ANY ERRORS WILL BE CORRECTED.\n\n   \u003c\u003cvar;name\u003d\"bullet\";original\u003d\"5.\";match\u003d\".{0,20}\"\u003e\u003e\n\n   LIMITATION OF LIABILITY. IN NO EVENT WILL THE COPYRIGHT HOLDER, THE UNITED STATES, THE UNITED STATES DEPARTMENT OF ENERGY, OR THEIR EMPLOYEES: BE LIABLE FOR ANY INDIRECT, INCIDENTAL, CONSEQUENTIAL, SPECIAL OR PUNITIVE DAMAGES OF ANY KIND OR NATURE, INCLUDING BUT NOT LIMITED TO LOSS OF PROFITS OR LOSS OF DATA, FOR ANY REASON WHATSOEVER, WHETHER SUCH LIABILITY IS ASSERTED ON THE BASIS OF CONTRACT, TORT (INCLUDING NEGLIGENCE OR STRICT LIABILITY), OR OTHERWISE, EVEN IF ANY OF SAID PARTIES HAS BEEN WARNED OF THE POSSIBILITY OF SUCH LOSS OR DAMAGES.\n\n   ",
  "name": "Minpack License",
  "licenseId": "Minpack",
  "crossRef": [
    {
      "match": "false",
      "url": "https://gitlab.com/libeigen/eigen/-/blob/master/COPYING.MINPACK",
      "isValid": true,
      "isLive": true,
      "timestamp": "2024-08-19T17:42:03Z",
      "isWayBackLink": false,
      "order": 1
    },
    {
      "match": "false",
      "url": "http://www.netlib.org/minpack/disclaimer",
      "isValid": true,
      "isLive": true,
      "timestamp": "2024-08-19T17:42:04Z",
      "isWayBackLink": false,
      "order": 0
    }
  ],
  "seeAlso": [
    "http://www.netlib.org/minpack/disclaimer",
    "https://gitlab.com/libeigen/eigen/-/blob/master/COPYING.MINPACK"
  ],
  "isOsiApproved": false,
  "licenseTextHtml": "\n         \u003cp\u003e\n            Minpack Copyright Notice (1999)\n            University of Chicago. All rights reserved\n         \u003c/p\u003e\n\n         \u003cp\u003e\n            Redistribution and use in source and binary\n            forms, with or without modification, are permitted\n            provided that the following conditions are met:\n         \u003c/p\u003e\n\n\u003cul style\u003d\"list-style:none\"\u003e\n            \n\u003cli\u003e\n               \u003cvar class\u003d\"replaceable-license-text\"\u003e 1.\u003c/var\u003e\n               \u003cp\u003e\n                  Redistributions of source code must retain the above copyright\n                  notice, this list of conditions and the following disclaimer.\n               \u003c/p\u003e\n\n            \u003c/li\u003e\n            \n\u003cli\u003e\n               \u003cvar class\u003d\"replaceable-license-text\"\u003e 2.\u003c/var\u003e\n               \u003cp\u003e\n                  Redistributions in binary form must reproduce the\n                  above copyright notice, this list of conditions and\n                  the following disclaimer in the documentation and/or\n                  other materials provided with the distribution.\n               \u003c/p\u003e\n\n            \u003c/li\u003e\n            \n\u003cli\u003e\n               \u003cvar class\u003d\"replaceable-license-text\"\u003e 3.\u003c/var\u003e\n               \u003cp\u003e\n                  The end-user documentation included with the redistribution,\n                  if any, must include the following acknowledgment:\n               \u003c/p\u003e\n\n               \u003cp\u003e\n                  \u0026quot;This product includes software developed by the University\n                  of Chicago, as Operator of Argonne National Laboratory.\n               \u003c/p\u003e\n\n            \u003cp\u003e\n               Alternately, this acknowledgment may appear\n               in the software itself, if and wherever such\n               third-party acknowledgments normally appear.\n            \u003c/p\u003e\n\n            \u003c/li\u003e\n            \n\u003cli\u003e\n               \u003cvar class\u003d\"replaceable-license-text\"\u003e 4.\u003c/var\u003e\n               \u003cp\u003e\n                  WARRANTY DISCLAIMER. THE SOFTWARE IS SUPPLIED \u0026quot;AS IS\u0026quot; WITHOUT\n                  WARRANTY OF ANY KIND. THE COPYRIGHT HOLDER, THE UNITED\n                  STATES, THE UNITED STATES DEPARTMENT OF ENERGY, AND THEIR\n                  EMPLOYEES: (1) DISCLAIM ANY WARRANTIES, EXPRESS OR IMPLIED,\n                  INCLUDING BUT NOT LIMITED TO ANY IMPLIED WARRANTIES OF\n                  MERCHANTABILITY, FITNESS FOR A PARTICULAR PURPOSE, TITLE OR\n                  NON-INFRINGEMENT, (2) DO NOT ASSUME ANY LEGAL LIABILITY OR\n                  RESPONSIBILITY FOR THE ACCURACY, COMPLETENESS, OR USEFULNESS\n                  OF THE SOFTWARE, (3) DO NOT REPRESENT THAT USE OF THE\n                  SOFTWARE WOULD NOT INFRINGE PRIVATELY OWNED RIGHTS, (4) DO\n                  NOT WARRANT THAT THE SOFTWARE WILL FUNCTION UNINTERRUPTED,\n                  THAT IT IS ERROR-FREE OR THAT ANY ERRORS WILL BE CORRECTED.\n               \u003c/p\u003e\n\n            \u003c/li\u003e\n            \n\u003cli\u003e\n               \u003cvar class\u003d\"replaceable-license-text\"\u003e 5.\u003c/var\u003e\n               \u003cp\u003e\n                  LIMITATION OF LIABILITY. IN NO EVENT WILL THE COPYRIGHT\n                  HOLDER, THE UNITED STATES, THE UNITED STATES DEPARTMENT\n                  OF ENERGY, OR THEIR EMPLOYEES: BE LIABLE FOR ANY\n                  INDIRECT, INCIDENTAL, CONSEQUENTIAL, SPECIAL OR PUNITIVE\n                  DAMAGES OF ANY KIND OR NATURE, INCLUDING BUT NOT LIMITED\n                  TO LOSS OF PROFITS OR LOSS OF DATA, FOR ANY REASON\n                  WHATSOEVER, WHETHER SUCH LIABILITY IS ASSERTED ON THE\n                  BASIS OF CONTRACT, TORT (INCLUDING NEGLIGENCE OR STRICT\n                  LIABILITY), OR OTHERWISE, EVEN IF ANY OF SAID PARTIES HAS\n                  BEEN WARNED OF THE POSSIBILITY OF SUCH LOSS OR DAMAGES.\n               \u003c/p\u003e\n\n            \u003c/li\u003e\n         \n\u003c/ul\u003e\n      "
}