{
  "isDeprecatedLicenseId": false,
  "isFsfLibre": true,
  "licenseText": "MIT License\n\nCopyright (c) \u003cyear\u003e \u003ccopyright holders\u003e\n\nPermission is hereby granted, free of charge, to any person obtaining a copy of this software and associated documentation files (the \"Software\"), to deal in the Software without restriction, including without limitation the rights to use, copy, modify, merge, publish, distribute, sublicense, and/or sell copies of the Software, and to permit persons to whom the Software is furnished to do so, subject to the following conditions:\n\nThe above copyright notice and this permission notice shall be included in all copies or substantial portions of the Software.\n\nTHE SOFTWARE IS PROVIDED \"AS IS\", WITHOUT WARRANTY OF ANY KIND, EXPRESS OR IMPLIED, INCLUDING BUT NOT LIMITED TO THE WARRANTIES OF MERCHANTABILITY, FITNESS FOR A PARTICULAR PURPOSE AND NONINFRINGEMENT. IN NO EVENT SHALL THE AUTHORS OR COPYRIGHT HOLDERS BE LIABLE FOR ANY CLAIM, DAMAGES OR OTHER LIABILITY, WHETHER IN AN ACTION OF CONTRACT, TORT OR OTHERWISE, ARISING FROM, OUT OF OR IN CONNECTION WITH THE SOFTWARE OR THE USE OR OTHER DEALINGS IN THE SOFTWARE.\n",
  "standardLicenseTemplate": "\u003c\u003cbeginOptional\u003e\u003eMIT License\n\n\u003c\u003cendOptional\u003e\u003e \u003c\u003cvar;name\u003d\"copyright\";original\u003d\"Copyright (c) \u003cyear\u003e \u003ccopyright holders\u003e  \";match\u003d\".{0,5000}\"\u003e\u003e\n\nPermission is hereby granted, free of charge, to any person obtaining a copy of \u003c\u003cvar;name\u003d\"software\";original\u003d\"this software and associated documentation files\";match\u003d\"this\\s+software\\s+and\\s+associated\\s+documentation\\s+files|this\\s+source\\s+file\"\u003e\u003e (the \"Software\"), to deal in the Software without restriction, including without limitation the rights to use, copy, modify, merge, publish, distribute, sublicense, and/or sell copies of the Software, and to permit persons to whom the Software is furnished to do so, subject to the following conditions:\n\nThe above copyright notice and this permission notice\u003c\u003cbeginOptional\u003e\u003e (including the next paragraph)\u003c\u003cendOptional\u003e\u003e shall be included in all copies or substantial portions of the Software.\n\nTHE SOFTWARE IS PROVIDED \"AS IS\", WITHOUT WARRANTY OF ANY KIND, EXPRESS OR IMPLIED, INCLUDING BUT NOT LIMITED TO THE WARRANTIES OF MERCHANTABILITY, FITNESS FOR A PARTICULAR PURPOSE AND NONINFRINGEMENT. IN NO EVENT SHALL \u003c\u003cvar;name\u003d\"copyrightHolder\";original\u003d\"THE AUTHORS OR COPYRIGHT HOLDERS\";match\u003d\".+\"\u003e\u003e BE LIABLE FOR ANY CLAIM, DAMAGES OR OTHER LIABILITY, WHETHER IN AN ACTION OF CONTRACT, TORT OR OTHERWISE, ARISING FROM, OUT OF OR IN CONNECTION WITH THE SOFTWARE OR THE USE OR OTHER DEALINGS IN THE SOFTWARE.\n\n",
  "name": "MIT License",
  "licenseId": "MIT",
  "crossRef": [
    {
      "match": "false",
      "url": "https://opensource.org/license/mit/",
      "isValid": true,
      "isLive": true,
      "timestamp": "2024-08-19T17:48:12Z",
      "isWayBackLink": false,
      "order": 0
    }
  ],
  "seeAlso": [
    "https://opensource.org/license/mit/"
  ],
  "isOsiApproved": true,
  "licenseTextHtml": "\n      \u003cdiv class\u003d\"optional-license-text\"\u003e \n         \u003cp\u003eMIT License\u003c/p\u003e\n\n      \u003c/div\u003e\n      \u003cdiv class\u003d\"replaceable-license-text\"\u003e \n         \u003cp\u003eCopyright (c) \u0026lt;year\u0026gt; \u0026lt;copyright holders\u0026gt;\n         \u003c/p\u003e\n\n      \u003c/div\u003e\n\n      \u003cp\u003ePermission is hereby granted, free of charge, to any person obtaining a copy of \u003cvar class\u003d\"replaceable-license-text\"\u003e this software and\n         associated documentation files\u003c/var\u003e (the \u0026quot;Software\u0026quot;), to deal in the Software without restriction,\n         including without limitation the rights to use, copy, modify, merge, publish, distribute, sublicense,\n         and/or sell copies of the Software, and to permit persons to whom the Software is furnished to do so,\n         subject to the following conditions:\u003c/p\u003e\n\n      \u003cp\u003eThe above copyright notice and this permission notice\n         \u003cvar class\u003d\"optional-license-text\"\u003e (including the next paragraph)\u003c/var\u003e\n         shall be included in all copies or substantial\n         portions of the Software.\u003c/p\u003e\n\n      \u003cp\u003eTHE SOFTWARE IS PROVIDED \u0026quot;AS IS\u0026quot;, WITHOUT WARRANTY OF ANY KIND, EXPRESS OR IMPLIED, INCLUDING BUT NOT\n         LIMITED TO THE WARRANTIES OF MERCHANTABILITY, FITNESS FOR A PARTICULAR PURPOSE AND NONINFRINGEMENT. IN\n         NO EVENT SHALL \u003cvar class\u003d\"replaceable-license-text\"\u003e THE AUTHORS OR COPYRIGHT HOLDERS\u003c/var\u003e BE LIABLE FOR ANY CLAIM, DAMAGES OR OTHER LIABILITY,\n         WHETHER IN AN ACTION OF CONTRACT, TORT OR OTHERWISE, ARISING FROM, OUT OF OR IN CONNECTION WITH THE\n         SOFTWARE OR THE USE OR OTHER DEALINGS IN THE SOFTWARE.\u003c/p\u003e\n\n    "
}