{
  "isDeprecatedLicenseId": false,
  "licenseText": "Copyright (c) 2004 the University Corporation for Atmospheric\nResearch (\"UCAR\"). All rights reserved. Developed by NCAR\u0027s\nComputational and Information Systems Laboratory, UCAR,\nwww.cisl.ucar.edu.\n\nRedistribution and use of the Software in source and binary forms,\nwith or without modification, is permitted provided that the\nfollowing conditions are met:\n\n- Neither the names of NCAR\u0027s Computational and Information Systems\nLaboratory, the University Corporation for Atmospheric Research,\nnor the names of its sponsors or contributors may be used to\nendorse or promote products derived from this Software without\nspecific prior written permission.\n\n- Redistributions of source code must retain the above copyright\nnotices, this list of conditions, and the disclaimer below.\n\n- Redistributions in binary form must reproduce the above copyright\nnotice, this list of conditions, and the disclaimer below in the\ndocumentation and/or other materials provided with the\ndistribution.\n\nTHIS SOFTWARE IS PROVIDED \"AS IS\", WITHOUT WARRANTY OF ANY KIND,\nEXPRESS OR IMPLIED, INCLUDING, BUT NOT LIMITED TO THE WARRANTIES OF\nMERCHANTABILITY, FITNESS FOR A PARTICULAR PURPOSE AND\nNONINFRINGEMENT. IN NO EVENT SHALL THE CONTRIBUTORS OR COPYRIGHT\nHOLDERS BE LIABLE FOR ANY CLAIM, INDIRECT, INCIDENTAL, SPECIAL,\nEXEMPLARY, OR CONSEQUENTIAL DAMAGES OR OTHER LIABILITY, WHETHER IN AN\nACTION OF CONTRACT, TORT OR OTHERWISE, ARISING FROM, OUT OF OR IN\nCONNECTION WITH THE SOFTWARE OR THE USE OR OTHER DEALINGS WITH THE\nSOFTWARE.\n",
  "standardLicenseTemplate": "\u003c\u003cvar;name\u003d\"copyright\";original\u003d\"Copyright (c) 2004 the University Corporation for Atmospheric Research (\"UCAR\"). All rights reserved. Developed by NCAR\u0027s Computational and Information Systems Laboratory, UCAR, www.cisl.ucar.edu.  \";match\u003d\".{0,5000}\"\u003e\u003e\n\nRedistribution and use\u003c\u003cbeginOptional\u003e\u003e of the Software\u003c\u003cendOptional\u003e\u003e in source and binary forms, with or without modification, \u003c\u003cvar;name\u003d\"is\";original\u003d\"is\";match\u003d\"is|are\"\u003e\u003e permitted provided that the following conditions are met:\n\n   \u003c\u003cvar;name\u003d\"bullet\";original\u003d\"-\";match\u003d\".{0,20}\"\u003e\u003e\n\n   Neither the names of NCAR\u0027s Computational and Information Systems Laboratory, the University Corporation for Atmospheric Research, nor the names of its\u003c\u003cbeginOptional\u003e\u003e sponsors or\u003c\u003cendOptional\u003e\u003e contributors may be used to endorse or promote products derived from this Software without specific prior written permission.\n\n   \u003c\u003cvar;name\u003d\"bullet\";original\u003d\"-\";match\u003d\".{0,20}\"\u003e\u003e\n\n   Redistributions of source code must retain the above copyright notices, this list of conditions, and the disclaimer below.\n\n   \u003c\u003cvar;name\u003d\"bullet\";original\u003d\"-\";match\u003d\".{0,20}\"\u003e\u003e\n\n   Redistributions in binary form must reproduce the above copyright notice, this list of conditions, and the disclaimer below in the documentation and/or other materials provided with the distribution.\n\nTHIS SOFTWARE IS PROVIDED \"AS IS\", WITHOUT WARRANTY OF ANY KIND, EXPRESS OR IMPLIED, INCLUDING, BUT NOT LIMITED TO THE WARRANTIES OF MERCHANTABILITY, FITNESS FOR A PARTICULAR PURPOSE AND NONINFRINGEMENT. IN NO EVENT SHALL THE CONTRIBUTORS OR COPYRIGHT HOLDERS BE LIABLE FOR ANY CLAIM, INDIRECT, INCIDENTAL, SPECIAL, EXEMPLARY, OR CONSEQUENTIAL DAMAGES OR OTHER LIABILITY, WHETHER IN AN ACTION OF CONTRACT, TORT OR OTHERWISE, ARISING FROM, OUT OF OR IN CONNECTION WITH THE SOFTWARE OR THE USE OR OTHER DEALINGS WITH THE SOFTWARE.\n\n",
  "name": "NCL Source Code License",
  "licenseId": "NCL",
  "crossRef": [
    {
      "match": "false",
      "url": "https://gitlab.freedesktop.org/pipewire/pipewire/-/blob/master/src/modules/module-filter-chain/pffft.c?ref_type\u003dheads#L1-52",
      "isValid": true,
      "isLive": true,
      "timestamp": "2024-08-19T17:44:50Z",
      "isWayBackLink": false,
      "order": 0
    }
  ],
  "seeAlso": [
    "https://gitlab.freedesktop.org/pipewire/pipewire/-/blob/master/src/modules/module-filter-chain/pffft.c?ref_type\u003dheads#L1-52"
  ],
  "isOsiApproved": false,
  "licenseTextHtml": "\n         \u003cdiv class\u003d\"replaceable-license-text\"\u003e \n            \u003cp\u003e\n            Copyright (c) 2004 the University Corporation for\n            Atmospheric Research (\u0026quot;UCAR\u0026quot;). All rights reserved.\n            Developed by NCAR\u0026apos;s Computational and Information\n            Systems Laboratory, UCAR, www.cisl.ucar.edu.\n            \u003c/p\u003e\n\n         \u003c/div\u003e\n         \u003cp\u003e\n            Redistribution and use \u003cvar class\u003d\"optional-license-text\"\u003e of the Software\u003c/var\u003e in source and\n            binary forms, with or without modification, \u003cvar class\u003d\"replaceable-license-text\"\u003e is\u003c/var\u003e permitted\n            provided that the following conditions are met:\n         \u003c/p\u003e\n\n\u003cul style\u003d\"list-style:none\"\u003e\n            \n\u003cli\u003e\n               \u003cvar class\u003d\"replaceable-license-text\"\u003e -\u003c/var\u003e\n               \u003cp\u003e\n                  Neither the names of NCAR\u0026apos;s Computational and Information\n                  Systems Laboratory, the University Corporation for Atmospheric\n                  Research, nor the names of its \u003cvar class\u003d\"optional-license-text\"\u003e sponsors or\u003c/var\u003e contributors\n                  may be used to endorse or promote products derived from\n                  this Software without specific prior written permission.\n               \u003c/p\u003e\n\n            \u003c/li\u003e\n            \n\u003cli\u003e\n               \u003cvar class\u003d\"replaceable-license-text\"\u003e -\u003c/var\u003e\n               \u003cp\u003e\n                  Redistributions of source code must retain the above copyright\n                  notices, this list of conditions, and the disclaimer below.\n               \u003c/p\u003e\n\n            \u003c/li\u003e\n            \n\u003cli\u003e\n               \u003cvar class\u003d\"replaceable-license-text\"\u003e -\u003c/var\u003e\n               \u003cp\u003e\n                  Redistributions in binary form must reproduce the\n                  above copyright notice, this list of conditions,\n                  and the disclaimer below in the documentation and/or\n                  other materials provided with the distribution.\n               \u003c/p\u003e\n\n            \u003c/li\u003e\n         \n\u003c/ul\u003e\n         \u003cp\u003e\n            THIS SOFTWARE IS PROVIDED \u0026quot;AS IS\u0026quot;, WITHOUT WARRANTY OF ANY\n            KIND, EXPRESS OR IMPLIED, INCLUDING, BUT NOT LIMITED TO\n            THE WARRANTIES OF MERCHANTABILITY, FITNESS FOR A PARTICULAR\n            PURPOSE AND NONINFRINGEMENT. IN NO EVENT SHALL THE\n            CONTRIBUTORS OR COPYRIGHT HOLDERS BE LIABLE FOR ANY CLAIM,\n            INDIRECT, INCIDENTAL, SPECIAL, EXEMPLARY, OR CONSEQUENTIAL\n            DAMAGES OR OTHER LIABILITY, WHETHER IN AN ACTION OF CONTRACT,\n            TORT OR OTHERWISE, ARISING FROM, OUT OF OR IN CONNECTION WITH\n            THE SOFTWARE OR THE USE OR OTHER DEALINGS WITH THE SOFTWARE.\n         \u003c/p\u003e\n\n      "
}