{
  "isDeprecatedLicenseId": false,
  "licenseText": "Conditions of Use\n\nThis software was developed by employees of the National Institute of Standards and Technology (NIST), an agency of the Federal Government and is being made available as a public service. Pursuant to title 17 United States Code Section 105, works of NIST employees are not subject to copyright protection in the United States. This software may be subject to foreign copyright. Permission in the United States and in foreign countries, to the extent that NIST may hold copyright, to use, copy, modify, create derivative works, and distribute this software and its documentation without fee is hereby granted on a non-exclusive basis, provided that this notice and disclaimer of warranty appears in all copies.\n\nTHE SOFTWARE IS PROVIDED \"AS IS\" WITHOUT ANY WARRANTY OF ANY KIND, EITHER EXPRESSED, IMPLIED, OR STATUTORY, INCLUDING, BUT NOT LIMITED TO, ANY WARRANTY THAT THE SOFTWARE WILL CONFORM TO SPECIFICATIONS, ANY IMPLIED WARRANTIES OF MERCHANTABILITY, FITNESS FOR A PARTICULAR PURPOSE, AND FREEDOM FROM INFRINGEMENT, AND ANY WARRANTY THAT THE DOCUMENTATION WILL CONFORM TO THE SOFTWARE, OR ANY WARRANTY THAT THE SOFTWARE WILL BE ERROR FREE. IN NO EVENT SHALL NIST BE LIABLE FOR ANY DAMAGES, INCLUDING, BUT NOT LIMITED TO, DIRECT, INDIRECT, SPECIAL OR CONSEQUENTIAL DAMAGES, ARISING OUT OF, RESULTING FROM, OR IN ANY WAY CONNECTED WITH THIS SOFTWARE, WHETHER OR NOT BASED UPON WARRANTY, CONTRACT, TORT, OR OTHERWISE, WHETHER OR NOT INJURY WAS SUSTAINED BY PERSONS OR PROPERTY OR OTHERWISE, AND WHETHER OR NOT LOSS WAS SUSTAINED FROM, OR AROSE OUT OF THE RESULTS OF, OR USE OF, THE SOFTWARE OR SERVICES PROVIDED HEREUNDER.\n",
  "standardLicenseTemplate": "\u003c\u003cbeginOptional\u003e\u003e\u003c\u003cvar;name\u003d\"title\";original\u003d\"Conditions of Use\";match\u003d\"(Conditions|Terms) [oO]f [uU]se\"\u003e\u003e\n\n\u003c\u003cendOptional\u003e\u003e\n\nThis software was developed by employees of the National Institute of Standards and Technology (NIST), an agency of the Federal Government and is being made available as a public service. Pursuant to title 17 United States Code Section 105, works of NIST employees are not subject to copyright protection in the United States. This software may be subject to foreign copyright. Permission in the United States and in foreign countries, to the extent that NIST may hold copyright, to use, copy, modify, create derivative works, and distribute this software and its documentation without fee is hereby granted on a non-exclusive basis, provided that this notice and disclaimer of warranty appears in all copies.\n\nTHE SOFTWARE IS PROVIDED \"AS IS\" WITHOUT ANY WARRANTY OF ANY KIND, EITHER EXPRESSED, IMPLIED, OR STATUTORY, INCLUDING, BUT NOT LIMITED TO, ANY WARRANTY THAT THE SOFTWARE WILL CONFORM TO SPECIFICATIONS, ANY IMPLIED WARRANTIES OF MERCHANTABILITY, FITNESS FOR A PARTICULAR PURPOSE, AND FREEDOM FROM INFRINGEMENT, AND ANY WARRANTY THAT THE DOCUMENTATION WILL CONFORM TO THE SOFTWARE, OR ANY WARRANTY THAT THE SOFTWARE WILL BE ERROR FREE. IN NO EVENT SHALL NIST BE LIABLE FOR ANY DAMAGES, INCLUDING, BUT NOT LIMITED TO, DIRECT, INDIRECT, SPECIAL OR CONSEQUENTIAL DAMAGES, ARISING OUT OF, RESULTING FROM, OR IN ANY WAY CONNECTED WITH THIS SOFTWARE, WHETHER OR NOT BASED UPON WARRANTY, CONTRACT, TORT, OR OTHERWISE, WHETHER OR NOT INJURY WAS SUSTAINED BY PERSONS OR PROPERTY OR OTHERWISE, AND WHETHER OR NOT LOSS WAS SUSTAINED FROM, OR AROSE OUT OF THE RESULTS OF, OR USE OF, THE SOFTWARE OR SERVICES PROVIDED HEREUNDER.\n\n",
  "name": "NIST Public Domain Notice with license fallback",
  "licenseId": "NIST-PD-fallback",
  "crossRef": [
    {
      "match": "false",
      "url": "https://github.com/usnistgov/fipy/blob/86aaa5c2ba2c6f1be19593c5986071cf6568cc34/LICENSE.rst",
      "isValid": true,
      "isLive": true,
      "timestamp": "2024-08-19T17:37:04Z",
      "isWayBackLink": false,
      "order": 1
    },
    {
      "match": "false",
      "url": "https://github.com/usnistgov/jsip/blob/59700e6926cbe96c5cdae897d9a7d2656b42abe3/LICENSE",
      "isValid": true,
      "isLive": true,
      "timestamp": "2024-08-19T17:37:04Z",
      "isWayBackLink": false,
      "order": 0
    }
  ],
  "seeAlso": [
    "https://github.com/usnistgov/jsip/blob/59700e6926cbe96c5cdae897d9a7d2656b42abe3/LICENSE",
    "https://github.com/usnistgov/fipy/blob/86aaa5c2ba2c6f1be19593c5986071cf6568cc34/LICENSE.rst"
  ],
  "isOsiApproved": false,
  "licenseTextHtml": "\n      \u003cdiv class\u003d\"optional-license-text\"\u003e \n        \u003cp\u003e\u003cvar class\u003d\"replaceable-license-text\"\u003e Conditions of Use\u003c/var\u003e\u003c/p\u003e\n\n      \u003c/div\u003e\n      \u003cp\u003e\n        This software was developed by employees of the National Institute of\n        Standards and Technology (NIST), an agency of the Federal Government and\n        is being made available as a public service. Pursuant to title 17 United\n        States Code Section 105, works of NIST employees are not subject to\n        copyright protection in the United States. This software may be subject\n        to foreign copyright. Permission in the United States and in foreign\n        countries, to the extent that NIST may hold copyright, to use, copy,\n        modify, create derivative works, and distribute this software and its\n        documentation without fee is hereby granted on a non-exclusive basis,\n        provided that this notice and disclaimer of warranty appears in all\n        copies.\n      \u003c/p\u003e\n\n      \u003cp\u003e\n        THE SOFTWARE IS PROVIDED \u0026quot;AS IS\u0026quot; WITHOUT ANY WARRANTY OF ANY KIND,\n        EITHER EXPRESSED, IMPLIED, OR STATUTORY, INCLUDING, BUT NOT LIMITED TO,\n        ANY WARRANTY THAT THE SOFTWARE WILL CONFORM TO SPECIFICATIONS, ANY\n        IMPLIED WARRANTIES OF MERCHANTABILITY, FITNESS FOR A PARTICULAR PURPOSE,\n        AND FREEDOM FROM INFRINGEMENT, AND ANY WARRANTY THAT THE DOCUMENTATION\n        WILL CONFORM TO THE SOFTWARE, OR ANY WARRANTY THAT THE SOFTWARE WILL BE\n        ERROR FREE. IN NO EVENT SHALL NIST BE LIABLE FOR ANY DAMAGES, INCLUDING,\n        BUT NOT LIMITED TO, DIRECT, INDIRECT, SPECIAL OR CONSEQUENTIAL DAMAGES,\n        ARISING OUT OF, RESULTING FROM, OR IN ANY WAY CONNECTED WITH THIS\n        SOFTWARE, WHETHER OR NOT BASED UPON WARRANTY, CONTRACT, TORT, OR\n        OTHERWISE, WHETHER OR NOT INJURY WAS SUSTAINED BY PERSONS OR PROPERTY OR\n        OTHERWISE, AND WHETHER OR NOT LOSS WAS SUSTAINED FROM, OR AROSE OUT OF\n        THE RESULTS OF, OR USE OF, THE SOFTWARE OR SERVICES PROVIDED HEREUNDER.\n      \u003c/p\u003e\n\n    "
}