{
  "isDeprecatedLicenseId": false,
  "licenseText": "COPYRIGHT (c) 1989-2013, 2015.\nOn-Line Applications Research Corporation (OAR).\n\nPermission to use, copy, modify, and distribute this software for any\npurpose without fee is hereby granted, provided that this entire notice\nis included in all copies of any software which is or includes a copy\nor modification of this software.\n\nTHIS SOFTWARE IS BEING PROVIDED \"AS IS\", WITHOUT ANY EXPRESS OR IMPLIED\nWARRANTY.  IN PARTICULAR,  THE AUTHOR MAKES NO REPRESENTATION\nOR WARRANTY OF ANY KIND CONCERNING THE MERCHANTABILITY OF THIS\nSOFTWARE OR ITS FITNESS FOR ANY PARTICULAR PURPOSE.\n",
  "standardLicenseTemplate": "\u003c\u003cvar;name\u003d\"copyright\";original\u003d\"Written by Joel Sherrill \u003cjoel.sherrill@OARcorp.com\u003e.    COPYRIGHT (c) 2010, 2017.  On-Line Applications Research Corporation (OAR).\";match\u003d\".{0,5000}\"\u003e\u003e\n\nPermission to use, copy, modify, and distribute this software for any purpose without fee is hereby granted, provided that this entire notice is included in all copies of any software which is or includes a copy or modification of this software.\n\nTHIS SOFTWARE IS BEING PROVIDED \"AS IS\", WITHOUT ANY EXPRESS OR IMPLIED WARRANTY. IN PARTICULAR, THE AUTHOR MAKES NO REPRESENTATION OR WARRANTY OF ANY KIND CONCERNING THE MERCHANTABILITY OF THIS SOFTWARE OR ITS FITNESS FOR ANY PARTICULAR PURPOSE.\n\n",
  "name": "OAR License",
  "licenseId": "OAR",
  "crossRef": [
    {
      "match": "false",
      "url": "https://sourceware.org/git/?p\u003dnewlib-cygwin.git;a\u003dblob;f\u003dnewlib/libc/string/strsignal.c;hb\u003dHEAD#l35",
      "isValid": true,
      "isLive": true,
      "timestamp": "2024-08-19T17:35:37Z",
      "isWayBackLink": false,
      "order": 0
    }
  ],
  "seeAlso": [
    "https://sourceware.org/git/?p\u003dnewlib-cygwin.git;a\u003dblob;f\u003dnewlib/libc/string/strsignal.c;hb\u003dHEAD#l35"
  ],
  "isOsiApproved": false,
  "licenseTextHtml": "\n         \u003cvar class\u003d\"replaceable-license-text\"\u003e \n            Written by Joel Sherrill \u0026lt;joel.sherrill@OARcorp.com\u0026gt;.\u003cbr /\u003e\n\n            \u003cbr /\u003e\n\n            COPYRIGHT (c) 2010, 2017. \u003cbr /\u003e\n\n            On-Line Applications Research Corporation (OAR).\n         \u003c/var\u003e\n         \u003cp\u003e\n            Permission to use, copy, modify, and distribute this software for any\n            purpose without fee is hereby granted, provided that this entire notice\n            is included in all copies of any software which is or includes a copy\n            or modification of this software.\n         \u003c/p\u003e\n\n         \u003cp\u003e\n            THIS SOFTWARE IS BEING PROVIDED \u0026quot;AS IS\u0026quot;, WITHOUT ANY EXPRESS OR IMPLIED\n            WARRANTY.  IN PARTICULAR,  THE AUTHOR MAKES NO REPRESENTATION\n            OR WARRANTY OF ANY KIND CONCERNING THE MERCHANTABILITY OF THIS\n            SOFTWARE OR ITS FITNESS FOR ANY PARTICULAR PURPOSE.\n         \u003c/p\u003e\n\n      "
}