{
  "isDeprecatedLicenseId": false,
  "licenseText": "Open CASCADE Technology Public License\nVersion 6.6, April 2013\n\nOPEN CASCADE releases and makes publicly available the source code of the software Open CASCADE Technology to the free software development community under the terms and conditions of this license.\n\nIt is not the purpose of this license to induce you to infringe any patents or other property right claims or to contest validity of any such claims; this license has the sole purpose of protecting the integrity of the free software distribution system, which is implemented by public license practices. Many people have made generous contributions to the wide range of software distributed through that system in reliance on consistent application of that system; it is up to the author/donor to decide if he or she is willing to distribute software through any other system and a licensee cannot impose that choice.\n\nPlease read this license carefully and completely before downloading this software. By downloading, using, modifying, distributing and sublicensing this software, you indicate your acceptance to be bound by the terms and conditions of this license. If you do not want to accept or cannot accept for any reasons the terms and conditions of this license, please do not download or use in any manner this software.\n \n1. Definitions\n\nUnless there is something in the subject matter or in the context inconsistent therewith, the capitalized terms used in this License shall have the following meaning.\n\n\"Applicable Intellectual Property Rights\" means (a) with respect to the Initial Developer, any rights under patents or patents applications or other intellectual property rights that are now or hereafter acquired, owned by or assigned to the Initial Developer and that cover subject matter contained in the Original Code, but only to the extent necessary to use, reproduce, modify, distribute or sublicense the Original Code without infringement; and (b) with respect to You or any Contributor, any rights under patents or patents applications or other intellectual property rights that are now or hereafter acquired, owned by or assigned to You or to such Contributor and that cover subject matter contained in Your Modifications or in such Contributor\u0027s Modifications, taken alone or in combination with Original Code.\n\n\"Contributor\" means each individual or legal entity that creates or contributes to the creation of any Modification, including the Initial Developer.\n\n\"Derivative Program\": means a new program combining the Software or portions thereof with other source code not governed by the terms of this License.\n\n\"Initial Developer\": means OPEN CASCADE, with main offices at 1, place des Frères Montgolfier, 78280, Guyancourt, France.\n\n\"Modifications\": mean any addition to, deletion from or change to the substance or the structure of the Software. When source code of the Software is released as a series of files, a Modification is: (a) any addition to, deletion from or change to the contents of a file containing the Software or (b) any new file or other representation of computer program statements that contains any part of the Software. By way of example, Modifications include any debug of, or improvement to, the Original Code or any of its components or portions as well as its next versions or releases thereof.\n\n\"Original Code\": means (a) the source code of the software Open CASCADE Technology originally made available by the Initial Developer under this License, including the source code of any updates or upgrades of the Original Code and (b) the object code compiled from such source code and originally made available by Initial Developer under this License.\n\n\"Software\": means the Original Code, the Modifications, the combination of Original Code and any Modifications or any respective portions thereof.\n\n\"You\" or \"Your\": means an individual or a legal entity exercising rights under this License\n \n2. Acceptance of license\nBy using, reproducing, modifying, distributing or sublicensing the Software or any portion thereof, You expressly indicate Your acceptance of the terms and conditions of this License and undertake to act in accordance with all the provisions of this License applicable to You.\n \n3. Scope and purpose\nThis License applies to the Software and You may not use, reproduce, modify, distribute, sublicense or circulate the Software, or any portion thereof, except as expressly provided under this License. Any attempt to otherwise use, reproduce, modify, distribute or sublicense the Software is void and will automatically terminate Your rights under this License.\n \n4. Contributor license\nSubject to the terms and conditions of this License, the Initial Developer and each of the Contributors hereby grant You a world-wide, royalty-free, irrevocable and non-exclusive license under the Applicable Intellectual Property Rights they own or control, to use, reproduce, modify, distribute and sublicense the Software provided that:\n\n     You reproduce in all copies of the Software the copyright and other proprietary notices and disclaimers of the Initial Developer as they appear in the Original Code and attached hereto as Schedule \"A\" and any other notices or disclaimers attached to the Software and keep intact all notices in the Original Code that refer to this License and to the absence of any warranty;\n\n     You include a copy of this License with every copy of the Software You distribute;\n\n     If you distribute or sublicense the Software (as modified by You or on Your behalf as the case may be), You cause such Software to be licensed as a whole, at no charge, to all third parties, under the terms and conditions of the License, making in particular available to all third parties the source code of the Software;\n\n     You document all Your Modifications, indicate the date of each such Modification, designate the version of the Software You used, prominently include a file carrying such information with respect to the Modifications and duplicate the copyright and other proprietary notices and disclaimers attached hereto as Schedule \"B\" or any other notices or disclaimers attached to the Software with your Modifications.\n\nFor greater certainty, it is expressly understood that You may freely create Derivative Programs (without any obligation to publish such Derivative Program) and distribute same as a single product. In such case, You must ensure that all the requirements of this License are fulfilled for the Software or any portion thereof.\n\n5. Your license\nYou hereby grant all Contributors and anyone who becomes a party under this License a world-wide, non-exclusive, royalty-free and irrevocable license under the Applicable Intellectual Property Rights owned or controlled by You, to use, reproduce, modify, distribute and sublicense all Your Modifications under the terms and conditions of this License.\n\n6. Software subject to license\nYour Modifications shall be governed by the terms and conditions of this License. You are not authorized to impose any other terms or conditions than those prevailing under this License when You distribute and/or sublicense the Software, save and except as permitted under Section 7 hereof.\n\n7. Additional terms\nYou may choose to offer, on a non-exclusive basis, and to charge a fee for any warranty, support, maintenance, liability obligations or other rights consistent with the scope of this License with respect to the Software (the \"Additional Terms\") to the recipients of the Software. However, You may do so only on Your own behalf and on Your sole and exclusive responsibility. You must obtain the recipient\u0027s agreement that any such Additional Terms are offered by You alone, and You hereby agree to indemnify, defend and hold the Initial Developer and any Contributor harmless for any liability incurred by or claims asserted against the Initial Developer or any Contributors with respect to any such Additional Terms.\n\n8. Disclaimer of warranty\nThe Software is provided under this License on an \"as is\" basis, without warranty of any kind, including without limitation, warranties that the Software is free of defects, merchantable, fit for a particular purpose or non-infringing. The entire risk as to the quality and performance of the Software is with You.\n\n9. Liability\nUnder no circumstances shall You, the Initial Developer or any Contributor be liable to any person for any direct or indirect damages of any kind including, without limitation, damages for loss of goodwill, loss of data, work stoppage, computer failure or malfunction or any and all other commercial damages or losses resulting from or relating to this License or indirectly to the use of the Software.\n\n10. Trademark\nThis License does not grant any rights to use the trademarks, trade names and domain names \"MATRA\", \"EADS Matra Datavision\", \"CAS.CADE\", \"Open CASCADE\", \"opencascade.com\" and \"opencascade.org\" or any other trademarks, trade names or domain names used or owned by the Initial Developer.\n\n11. Copyright\nThe Initial Developer retains all rights, title and interest in and to the Original Code. You may not remove the copyright © notice which appears when You download the Software.\n\n12. Term\nThis License is granted to You for a term equal to the remaining period of protection covered by the intellectual property rights applicable to the Original Code.\n\n13. Termination\nIn case of termination, as provided in Section 3 above, You agree to immediately stop any further use, reproduction, modification, distribution and sublicensing of the Software and to destroy all copies of the Software that are in Your possession or control. All sublicenses of the Software which have been properly granted prior to termination shall survive any termination of this License. In addition, Sections 5, 8 to 11, 13.2 and 15.2 of this License, in reason of their nature, shall survive the termination of this License for a period of fifteen (15) years.\n\n14. Versions of the license\nThe Initial Developer may publish new versions of this License from time to time. Once Original Code has been published under a particular version of this License, You may choose to continue to use it under the terms and conditions of that version or use the Original Code under the terms of any subsequent version of this License published by the Initial Developer.\n\n15. Miscellaneous\n     15.1 Relationship of the Parties This License will not be construed as creating an agency, partnership, joint venture or any other form of legal association between You and the Initial Developer, and You will not represent to the contrary, whether expressly, by implication or otherwise.\n\n     15.2 Independent Development Nothing in this License will impair the Initial Developer\u0027s right to acquire, license, develop, have others develop for it, market or distribute technology or products that perform the same or similar functions as, or otherwise compete with, Modifications, Derivative Programs, technology or products that You may develop, produce, market or distribute.\n\n     15.3 Severability If for any reason a court of competent jurisdiction finds any provision of this License, or portion thereof, to be unenforceable, that provision of the License will be enforced to the maximum extent permissible so as to effect the economic benefits and intent of the parties, and the remainder of this License will continue in full force and extent.\n\nEND OF THE TERMS AND CONDITIONS OF THIS LICENSE\n\nOPEN CASCADE is a French société par actions simplifiée having its registered head office at 1, place des Frères Montgolfier, 78280, Guyancourt, France and main offices at 1, place des Frères Montgolfier, 78280, Guyancourt, France. Its web site is located at the following address opencascade.com\n\nOpen CASCADE Technology Public License\nSchedule \"A\"\n\n     The content of this file is subject to the Open CASCADE Technology Public License (the \"License\"). You may not use the content of this file except in compliance with the License. Please obtain a copy of the License at opencascade.com and read it completely before using this file.\n\n     The Initial Developer of the Original Code is OPEN CASCADE, with main offices at 1, place des Frères Montgolfier, 78280, Guyancourt, France. The Original Code is copyright © OPEN CASCADE SAS, 2001. All rights reserved. \"The Original Code and all software distributed under the License are distributed on an \"AS IS\" basis, without warranty of any kind, and the Initial Developer hereby disclaims all such warranties, including without limitation, any warranties of merchantability, fitness for a particular purpose or non-infringement.\n\n     Please see the License for the specific terms and conditions governing rights and limitations under the License\".\n     End of Schedule \"A\"\n\nOpen CASCADE Technology Public License\nSchedule \"B\"\n\n     \"The content of this file is subject to the Open CASCADE Technology Public License (the \"License\"). You may not use the content of this file except in compliance with the License. Please obtain a copy of the License at opencascade.com and read it completely before using this file.\n\n     The Initial Developer of the Original Code is OPEN CASCADE, with main offices at 1, place des Frères Montgolfier, 78280, Guyancourt, France. The Original Code is copyright © Open CASCADE SAS, 2001. All rights reserved.\n\n     Modifications to the Original Code have been made by ________________________. Modifications are copyright © [Year to be included]. All rights reserved.\n\n     The software Open CASCADE Technology and all software distributed under the License are distributed on an \"AS IS\" basis, without warranty of any kind, and the Initial Developer hereby disclaims all such warranties, including without limitation, any warranties of merchantability, fitness for a particular purpose or non-infringement.\n\n     Please see the License for the specific terms and conditions governing rights and limitations under the License\"\n     End of Schedule \"B\"\n",
  "standardLicenseTemplate": "\u003c\u003cbeginOptional\u003e\u003eOpen CASCADE Technology Public License\n\nVersion 6.6, April 2013\n\n\u003c\u003cendOptional\u003e\u003e\n\nOPEN CASCADE releases and makes publicly available the source code of the software Open CASCADE Technology to the free software development community under the terms and conditions of this license.\n\nIt is not the purpose of this license to induce you to infringe any patents or other property right claims or to contest validity of any such claims; this license has the sole purpose of protecting the integrity of the free software distribution system, which is implemented by public license practices. Many people have made generous contributions to the wide range of software distributed through that system in reliance on consistent application of that system; it is up to the author/donor to decide if he or she is willing to distribute software through any other system and a licensee cannot impose that choice.\n\nPlease read this license carefully and completely before downloading this software. By downloading, using, modifying, distributing and sublicensing this software, you indicate your acceptance to be bound by the terms and conditions of this license. If you do not want to accept or cannot accept for any reasons the terms and conditions of this license, please do not download or use in any manner this software.\n\n   \u003c\u003cvar;name\u003d\"bullet\";original\u003d\"1.\";match\u003d\".{0,20}\"\u003e\u003e Definitions\n\n   Unless there is something in the subject matter or in the context inconsistent therewith, the capitalized terms used in this License shall have the following meaning.\n\n   \"Applicable Intellectual Property Rights\" means (a) with respect to the Initial Developer, any rights under patents or patents applications or other intellectual property rights that are now or hereafter acquired, owned by or assigned to the Initial Developer and that cover subject matter contained in the Original Code, but only to the extent necessary to use, reproduce, modify, distribute or sublicense the Original Code without infringement; and (b) with respect to You or any Contributor, any rights under patents or patents applications or other intellectual property rights that are now or hereafter acquired, owned by or assigned to You or to such Contributor and that cover subject matter contained in Your Modifications or in such Contributor\u0027s Modifications, taken alone or in combination with Original Code.\n\n   \"Contributor\" means each individual or legal entity that creates or contributes to the creation of any Modification, including the Initial Developer.\n\n   \"Derivative Program\": means a new program combining the Software or portions thereof with other source code not governed by the terms of this License.\n\n   \"Initial Developer\": means OPEN CASCADE, with main offices at 1, place des Frères Montgolfier, 78280, Guyancourt, France.\n\n   \"Modifications\": mean any addition to, deletion from or change to the substance or the structure of the Software. When source code of the Software is released as a series of files, a Modification is: (a) any addition to, deletion from or change to the contents of a file containing the Software or (b) any new file or other representation of computer program statements that contains any part of the Software. By way of example, Modifications include any debug of, or improvement to, the Original Code or any of its components or portions as well as its next versions or releases thereof.\n\n   \"Original Code\": means (a) the source code of the software Open CASCADE Technology originally made available by the Initial Developer under this License, including the source code of any updates or upgrades of the Original Code and (b) the object code compiled from such source code and originally made available by Initial Developer under this License.\n\n   \"Software\": means the Original Code, the Modifications, the combination of Original Code and any Modifications or any respective portions thereof.\n\n   \"You\" or \"Your\": means an individual or a legal entity exercising rights under this License\n\n   \u003c\u003cvar;name\u003d\"bullet\";original\u003d\"2.\";match\u003d\".{0,20}\"\u003e\u003e Acceptance of license\n\n   By using, reproducing, modifying, distributing or sublicensing the Software or any portion thereof, You expressly indicate Your acceptance of the terms and conditions of this License and undertake to act in accordance with all the provisions of this License applicable to You.\n\n   \u003c\u003cvar;name\u003d\"bullet\";original\u003d\"3.\";match\u003d\".{0,20}\"\u003e\u003e Scope and purpose\n\n   This License applies to the Software and You may not use, reproduce, modify, distribute, sublicense or circulate the Software, or any portion thereof, except as expressly provided under this License. Any attempt to otherwise use, reproduce, modify, distribute or sublicense the Software is void and will automatically terminate Your rights under this License.\n\n   \u003c\u003cvar;name\u003d\"bullet\";original\u003d\"4.\";match\u003d\".{0,20}\"\u003e\u003e Contributor license\n\n   Subject to the terms and conditions of this License, the Initial Developer and each of the Contributors hereby grant You a world-wide, royalty-free, irrevocable and non-exclusive license under the Applicable Intellectual Property Rights they own or control, to use, reproduce, modify, distribute and sublicense the Software provided that:\n\n   You reproduce in all copies of the Software the copyright and other proprietary notices and disclaimers of the Initial Developer as they appear in the Original Code and attached hereto as Schedule \"A\" and any other notices or disclaimers attached to the Software and keep intact all notices in the Original Code that refer to this License and to the absence of any warranty;\n\n   You include a copy of this License with every copy of the Software You distribute;\n\n   If you distribute or sublicense the Software (as modified by You or on Your behalf as the case may be), You cause such Software to be licensed as a whole, at no charge, to all third parties, under the terms and conditions of the License, making in particular available to all third parties the source code of the Software;\n\n   You document all Your Modifications, indicate the date of each such Modification, designate the version of the Software You used, prominently include a file carrying such information with respect to the Modifications and duplicate the copyright and other proprietary notices and disclaimers attached hereto as Schedule \"B\" or any other notices or disclaimers attached to the Software with your Modifications.\n\n   For greater certainty, it is expressly understood that You may freely create Derivative Programs (without any obligation to publish such Derivative Program) and distribute same as a single product. In such case, You must ensure that all the requirements of this License are fulfilled for the Software or any portion thereof.\n\n   \u003c\u003cvar;name\u003d\"bullet\";original\u003d\"5.\";match\u003d\".{0,20}\"\u003e\u003e Your license\n\n   You hereby grant all Contributors and anyone who becomes a party under this License a world-wide, non-exclusive, royalty-free and irrevocable license under the Applicable Intellectual Property Rights owned or controlled by You, to use, reproduce, modify, distribute and sublicense all Your Modifications under the terms and conditions of this License.\n\n   \u003c\u003cvar;name\u003d\"bullet\";original\u003d\"6.\";match\u003d\".{0,20}\"\u003e\u003e Software subject to license\n\n   Your Modifications shall be governed by the terms and conditions of this License. You are not authorized to impose any other terms or conditions than those prevailing under this License when You distribute and/or sublicense the Software, save and except as permitted under Section 7 hereof.\n\n   \u003c\u003cvar;name\u003d\"bullet\";original\u003d\"7.\";match\u003d\".{0,20}\"\u003e\u003e Additional terms\n\n   You may choose to offer, on a non-exclusive basis, and to charge a fee for any warranty, support, maintenance, liability obligations or other rights consistent with the scope of this License with respect to the Software (the \"Additional Terms\") to the recipients of the Software. However, You may do so only on Your own behalf and on Your sole and exclusive responsibility. You must obtain the recipient\u0027s agreement that any such Additional Terms are offered by You alone, and You hereby agree to indemnify, defend and hold the Initial Developer and any Contributor harmless for any liability incurred by or claims asserted against the Initial Developer or any Contributors with respect to any such Additional Terms.\n\n   \u003c\u003cvar;name\u003d\"bullet\";original\u003d\"8.\";match\u003d\".{0,20}\"\u003e\u003e Disclaimer of warranty\n\n   The Software is provided under this License on an \"as is\" basis, without warranty of any kind, including without limitation, warranties that the Software is free of defects, merchantable, fit for a particular purpose or non-infringing. The entire risk as to the quality and performance of the Software is with You.\n\n   \u003c\u003cvar;name\u003d\"bullet\";original\u003d\"9.\";match\u003d\".{0,20}\"\u003e\u003e Liability\n\n   Under no circumstances shall You, the Initial Developer or any Contributor be liable to any person for any direct or indirect damages of any kind including, without limitation, damages for loss of goodwill, loss of data, work stoppage, computer failure or malfunction or any and all other commercial damages or losses resulting from or relating to this License or indirectly to the use of the Software.\n\n   \u003c\u003cvar;name\u003d\"bullet\";original\u003d\"10.\";match\u003d\".{0,20}\"\u003e\u003e Trademark\n\n   This License does not grant any rights to use the trademarks, trade names and domain names \"MATRA\", \"EADS Matra Datavision\", \"CAS.CADE\", \"Open CASCADE\", \"opencascade.com\" and \"opencascade.org\" or any other trademarks, trade names or domain names used or owned by the Initial Developer.\n\n   \u003c\u003cvar;name\u003d\"bullet\";original\u003d\"11.\";match\u003d\".{0,20}\"\u003e\u003e Copyright\n\n   The Initial Developer retains all rights, title and interest in and to the Original Code. You may not remove the copyright © notice which appears when You download the Software.\n\n   \u003c\u003cvar;name\u003d\"bullet\";original\u003d\"12.\";match\u003d\".{0,20}\"\u003e\u003e Term\n\n   This License is granted to You for a term equal to the remaining period of protection covered by the intellectual property rights applicable to the Original Code.\n\n   \u003c\u003cvar;name\u003d\"bullet\";original\u003d\"13.\";match\u003d\".{0,20}\"\u003e\u003e Termination\n\n   In case of termination, as provided in Section 3 above, You agree to immediately stop any further use, reproduction, modification, distribution and sublicensing of the Software and to destroy all copies of the Software that are in Your possession or control. All sublicenses of the Software which have been properly granted prior to termination shall survive any termination of this License. In addition, Sections 5, 8 to 11, 13.2 and 15.2 of this License, in reason of their nature, shall survive the termination of this License for a period of fifteen (15) years.\n\n   \u003c\u003cvar;name\u003d\"bullet\";original\u003d\"14.\";match\u003d\".{0,20}\"\u003e\u003e Versions of the license\n\n   The Initial Developer may publish new versions of this License from time to time. Once Original Code has been published under a particular version of this License, You may choose to continue to use it under the terms and conditions of that version or use the Original Code under the terms of any subsequent version of this License published by the Initial Developer.\n\n   \u003c\u003cvar;name\u003d\"bullet\";original\u003d\"15.\";match\u003d\".{0,20}\"\u003e\u003e Miscellaneous\n\n      \u003c\u003cvar;name\u003d\"bullet\";original\u003d\"15.1\";match\u003d\".{0,20}\"\u003e\u003e Relationship of the Parties This License will not be construed as creating an agency, partnership, joint venture or any other form of legal association between You and the Initial Developer, and You will not represent to the contrary, whether expressly, by implication or otherwise.\n\n      \u003c\u003cvar;name\u003d\"bullet\";original\u003d\"15.2\";match\u003d\".{0,20}\"\u003e\u003e Independent Development Nothing in this License will impair the Initial Developer\u0027s right to acquire, license, develop, have others develop for it, market or distribute technology or products that perform the same or similar functions as, or otherwise compete with, Modifications, Derivative Programs, technology or products that You may develop, produce, market or distribute.\n\n      \u003c\u003cvar;name\u003d\"bullet\";original\u003d\"15.3\";match\u003d\".{0,20}\"\u003e\u003e Severability If for any reason a court of competent jurisdiction finds any provision of this License, or portion thereof, to be unenforceable, that provision of the License will be enforced to the maximum extent permissible so as to effect the economic benefits and intent of the parties, and the remainder of this License will continue in full force and extent.\u003c\u003cbeginOptional\u003e\u003e END OF THE TERMS AND CONDITIONS OF THIS LICENSE\n\nOPEN CASCADE is a French société par actions simplifiée having its registered head office at 1, place des Frères Montgolfier, 78280, Guyancourt, France and main offices at 1, place des Frères Montgolfier, 78280, Guyancourt, France. Its web site is located at the following address opencascade.com\n\nOpen CASCADE Technology Public License\n\nSchedule \"A\"\n\nThe content of this file is subject to the Open CASCADE Technology Public License (the \"License\"). You may not use the content of this file except in compliance with the License. Please obtain a copy of the License at opencascade.com and read it completely before using this file.\n\nThe Initial Developer of the Original Code is OPEN CASCADE, with main offices at 1, place des Frères Montgolfier, 78280, Guyancourt, France. The Original Code is copyright © OPEN CASCADE SAS, 2001. All rights reserved. \"The Original Code and all software distributed under the License are distributed on an \"AS IS\" basis, without warranty of any kind, and the Initial Developer hereby disclaims all such warranties, including without limitation, any warranties of merchantability, fitness for a particular purpose or non-infringement.\n\nPlease see the License for the specific terms and conditions governing rights and limitations under the License\".\n\nEnd of Schedule \"A\"\n\nOpen CASCADE Technology Public License\n\nSchedule \"B\"\n\n\"The content of this file is subject to the Open CASCADE Technology Public License (the \"License\"). You may not use the content of this file except in compliance with the License. Please obtain a copy of the License at opencascade.com and read it completely before using this file.\n\nThe Initial Developer of the Original Code is OPEN CASCADE, with main offices at 1, place des Frères Montgolfier, 78280, Guyancourt, France. The Original Code is copyright © Open CASCADE SAS, 2001. All rights reserved.\n\nModifications to the Original Code have been made by ________________________. Modifications are copyright © [Year to be included]. All rights reserved.\n\nThe software Open CASCADE Technology and all software distributed under the License are distributed on an \"AS IS\" basis, without warranty of any kind, and the Initial Developer hereby disclaims all such warranties, including without limitation, any warranties of merchantability, fitness for a particular purpose or non-infringement.\n\nPlease see the License for the specific terms and conditions governing rights and limitations under the License\"\n\nEnd of Schedule \"B\"\n\n\u003c\u003cendOptional\u003e\u003e",
  "name": "Open CASCADE Technology Public License",
  "licenseId": "OCCT-PL",
  "crossRef": [
    {
      "match": "false",
      "url": "http://www.opencascade.com/content/occt-public-license",
      "isValid": true,
      "isLive": true,
      "timestamp": "2024-08-19T17:41:25Z",
      "isWayBackLink": false,
      "order": 0
    }
  ],
  "seeAlso": [
    "http://www.opencascade.com/content/occt-public-license"
  ],
  "isOsiApproved": false,
  "licenseTextHtml": "\n      \u003cdiv class\u003d\"optional-license-text\"\u003e \n         \u003cp\u003eOpen CASCADE Technology Public License\n        \u003cbr /\u003e\n\nVersion 6.6, April 2013\n      \u003c/p\u003e\n\n      \u003c/div\u003e\n      \u003cp\u003eOPEN CASCADE releases and makes publicly available the source code of the software Open CASCADE\n         Technology to the free software development community under the terms and conditions of this\n         license.\u003c/p\u003e\n\n      \u003cp\u003eIt is not the purpose of this license to induce you to infringe any patents or other property right\n         claims or to contest validity of any such claims; this license has the sole purpose of protecting the\n         integrity of the free software distribution system, which is implemented by public license practices.\n         Many people have made generous contributions to the wide range of software distributed through that\n         system in reliance on consistent application of that system; it is up to the author/donor to decide if\n         he or she is willing to distribute software through any other system and a licensee cannot impose that\n         choice.\u003c/p\u003e\n\n      \u003cp\u003ePlease read this license carefully and completely before downloading this software. By downloading,\n         using, modifying, distributing and sublicensing this software, you indicate your acceptance to be\n         bound by the terms and conditions of this license. If you do not want to accept or cannot accept for\n         any reasons the terms and conditions of this license, please do not download or use in any manner this\n         software.\u003c/p\u003e\n\n\u003cul style\u003d\"list-style:none\"\u003e\n        \n\u003cli\u003e\n            \u003cvar class\u003d\"replaceable-license-text\"\u003e 1.\u003c/var\u003e\n          Definitions\n          \u003cp\u003eUnless there is something in the subject matter or in the context inconsistent therewith, the\n             capitalized terms used in this License shall have the following meaning.\u003c/p\u003e\n\n            \u003cp\u003e\u0026quot;Applicable Intellectual Property Rights\u0026quot; means (a) with respect to the Initial\n             Developer, any rights under patents or patents applications or other intellectual property\n             rights that are now or hereafter acquired, owned by or assigned to the Initial Developer and\n             that cover subject matter contained in the Original Code, but only to the extent necessary to\n             use, reproduce, modify, distribute or sublicense the Original Code without infringement; and\n             (b) with respect to You or any Contributor, any rights under patents or patents applications\n             or other intellectual property rights that are now or hereafter acquired, owned by or assigned\n             to You or to such Contributor and that cover subject matter contained in Your Modifications or\n             in such Contributor\u0026apos;s Modifications, taken alone or in combination with Original\n             Code.\u003c/p\u003e\n\n            \u003cp\u003e\u0026quot;Contributor\u0026quot; means each individual or legal entity that creates or contributes to the\n             creation of any Modification, including the Initial Developer.\u003c/p\u003e\n\n            \u003cp\u003e\u0026quot;Derivative Program\u0026quot;: means a new program combining the Software or portions thereof\n             with other source code not governed by the terms of this License.\u003c/p\u003e\n\n            \u003cp\u003e\u0026quot;Initial Developer\u0026quot;: means OPEN CASCADE, with main offices at 1, place des Frères\n             Montgolfier, 78280, Guyancourt, France.\u003c/p\u003e\n\n            \u003cp\u003e\u0026quot;Modifications\u0026quot;: mean any addition to, deletion from or change to the substance or the\n             structure of the Software. When source code of the Software is released as a series of files,\n             a Modification is: (a) any addition to, deletion from or change to the contents of a file\n             containing the Software or (b) any new file or other representation of computer program\n             statements that contains any part of the Software. By way of example, Modifications include\n             any debug of, or improvement to, the Original Code or any of its components or portions as\n             well as its next versions or releases thereof.\u003c/p\u003e\n\n            \u003cp\u003e\u0026quot;Original Code\u0026quot;: means (a) the source code of the software Open CASCADE Technology\n             originally made available by the Initial Developer under this License, including the source\n             code of any updates or upgrades of the Original Code and (b) the object code compiled from\n             such source code and originally made available by Initial Developer under this License.\u003c/p\u003e\n\n            \u003cp\u003e\u0026quot;Software\u0026quot;: means the Original Code, the Modifications, the combination of Original\n             Code and any Modifications or any respective portions thereof.\u003c/p\u003e\n\n            \u003cp\u003e\u0026quot;You\u0026quot; or \u0026quot;Your\u0026quot;: means an individual or a legal entity exercising rights\n             under this License\u003c/p\u003e\n\n        \u003c/li\u003e\n        \n\u003cli\u003e\n            \u003cvar class\u003d\"replaceable-license-text\"\u003e 2.\u003c/var\u003e\n          Acceptance of license\n            \u003cbr /\u003e\n\n   By using, reproducing, modifying, distributing or sublicensing the Software or any portion\n                 thereof, You expressly indicate Your acceptance of the terms and conditions of this\n                 License and undertake to act in accordance with all the provisions of this License\n                 applicable to You.\n\n        \u003c/li\u003e\n        \n\u003cli\u003e\n            \u003cvar class\u003d\"replaceable-license-text\"\u003e 3.\u003c/var\u003e\n          Scope and purpose\n            \u003cbr /\u003e\n\n   This License applies to the Software and You may not use, reproduce, modify, distribute,\n                 sublicense or circulate the Software, or any portion thereof, except as expressly\n                 provided under this License. Any attempt to otherwise use, reproduce, modify,\n                 distribute or sublicense the Software is void and will automatically terminate Your\n                 rights under this License.\n\n        \u003c/li\u003e\n        \n\u003cli\u003e\n            \u003cvar class\u003d\"replaceable-license-text\"\u003e 4.\u003c/var\u003e\n          Contributor license\n            \u003cbr /\u003e\n\n   Subject to the terms and conditions of this License, the Initial Developer and each of the\n                 Contributors hereby grant You a world-wide, royalty-free, irrevocable and\n                 non-exclusive license under the Applicable Intellectual Property Rights they own or\n                 control, to use, reproduce, modify, distribute and sublicense the Software provided\n                 that:\n\n          \u003cp\u003eYou reproduce in all copies of the Software the copyright and other proprietary notices and\n             disclaimers of the Initial Developer as they appear in the Original Code and attached hereto\n             as Schedule \u0026quot;A\u0026quot; and any other notices or disclaimers attached to the Software and\n             keep intact all notices in the Original Code that refer to this License and to the absence of\n             any warranty;\u003c/p\u003e\n\n            \u003cp\u003eYou include a copy of this License with every copy of the Software You distribute;\u003c/p\u003e\n\n            \u003cp\u003eIf you distribute or sublicense the Software (as modified by You or on Your behalf as the case\n             may be), You cause such Software to be licensed as a whole, at no charge, to all third\n             parties, under the terms and conditions of the License, making in particular available to all\n             third parties the source code of the Software;\u003c/p\u003e\n\n            \u003cp\u003eYou document all Your Modifications, indicate the date of each such Modification, designate the\n             version of the Software You used, prominently include a file carrying such information with\n             respect to the Modifications and duplicate the copyright and other proprietary notices and\n             disclaimers attached hereto as Schedule \u0026quot;B\u0026quot; or any other notices or disclaimers\n             attached to the Software with your Modifications.\u003c/p\u003e\n\n            \u003cp\u003eFor greater certainty, it is expressly understood that You may freely create Derivative Programs\n             (without any obligation to publish such Derivative Program) and distribute same as a single\n             product. In such case, You must ensure that all the requirements of this License are fulfilled\n             for the Software or any portion thereof.\u003c/p\u003e\n\n        \u003c/li\u003e\n        \n\u003cli\u003e\n            \u003cvar class\u003d\"replaceable-license-text\"\u003e 5.\u003c/var\u003e\n          Your license\n            \u003cbr /\u003e\n\n   You hereby grant all Contributors and anyone who becomes a party under this License a\n                 world-wide, non-exclusive, royalty-free and irrevocable license under the Applicable\n                 Intellectual Property Rights owned or controlled by You, to use, reproduce, modify,\n                 distribute and sublicense all Your Modifications under the terms and conditions of\n                 this License.\n\n        \u003c/li\u003e\n        \n\u003cli\u003e\n            \u003cvar class\u003d\"replaceable-license-text\"\u003e 6.\u003c/var\u003e\n          Software subject to license\n            \u003cbr /\u003e\n\n   Your Modifications shall be governed by the terms and conditions of this License. You are\n                 not authorized to impose any other terms or conditions than those prevailing under\n                 this License when You distribute and/or sublicense the Software, save and except as\n                 permitted under Section 7 hereof.\n\n        \u003c/li\u003e\n        \n\u003cli\u003e\n            \u003cvar class\u003d\"replaceable-license-text\"\u003e 7.\u003c/var\u003e\n          Additional terms\n            \u003cbr /\u003e\n\n   You may choose to offer, on a non-exclusive basis, and to charge a fee for any warranty,\n                 support, maintenance, liability obligations or other rights consistent with the scope\n                 of this License with respect to the Software (the \u0026quot;Additional Terms\u0026quot;) to the\n                 recipients of the Software. However, You may do so only on Your own behalf and on Your\n                 sole and exclusive responsibility. You must obtain the recipient\u0026apos;s agreement that\n                 any such Additional Terms are offered by You alone, and You hereby agree to indemnify,\n                 defend and hold the Initial Developer and any Contributor harmless for any liability\n                 incurred by or claims asserted against the Initial Developer or any Contributors with\n                 respect to any such Additional Terms.\n\n        \u003c/li\u003e\n        \n\u003cli\u003e\n            \u003cvar class\u003d\"replaceable-license-text\"\u003e 8.\u003c/var\u003e\n          Disclaimer of warranty\n            \u003cbr /\u003e\n\n   The Software is provided under this License on an \u0026quot;as is\u0026quot; basis, without warranty\n                 of any kind, including without limitation, warranties that the Software is free of\n                 defects, merchantable, fit for a particular purpose or non-infringing. The entire risk\n                 as to the quality and performance of the Software is with You.\n\n        \u003c/li\u003e\n        \n\u003cli\u003e\n            \u003cvar class\u003d\"replaceable-license-text\"\u003e 9.\u003c/var\u003e\n          Liability\n            \u003cbr /\u003e\n\n   Under no circumstances shall You, the Initial Developer or any Contributor be liable to any\n                 person for any direct or indirect damages of any kind including, without limitation,\n                 damages for loss of goodwill, loss of data, work stoppage, computer failure or\n                 malfunction or any and all other commercial damages or losses resulting from or\n                 relating to this License or indirectly to the use of the Software.\n\n        \u003c/li\u003e\n        \n\u003cli\u003e\n            \u003cvar class\u003d\"replaceable-license-text\"\u003e 10.\u003c/var\u003e\n          Trademark\n            \u003cbr /\u003e\n\n   This License does not grant any rights to use the trademarks, trade names and domain names\n                 \u0026quot;MATRA\u0026quot;, \u0026quot;EADS Matra Datavision\u0026quot;, \u0026quot;CAS.CADE\u0026quot;, \u0026quot;Open\n                 CASCADE\u0026quot;, \u0026quot;opencascade.com\u0026quot; and \u0026quot;opencascade.org\u0026quot; or any\n                 other trademarks, trade names or domain names used or owned by the Initial Developer.\n\n        \u003c/li\u003e\n        \n\u003cli\u003e\n            \u003cvar class\u003d\"replaceable-license-text\"\u003e 11.\u003c/var\u003e\n          Copyright\n            \u003cbr /\u003e\n\n   The Initial Developer retains all rights, title and interest in and to the Original Code.\n                 You may not remove the copyright © notice which appears when You download the\n                 Software.\n\n        \u003c/li\u003e\n        \n\u003cli\u003e\n            \u003cvar class\u003d\"replaceable-license-text\"\u003e 12.\u003c/var\u003e\n          Term\n            \u003cbr /\u003e\n\n   This License is granted to You for a term equal to the remaining period of protection\n                 covered by the intellectual property rights applicable to the Original Code.\n\n        \u003c/li\u003e\n        \n\u003cli\u003e\n            \u003cvar class\u003d\"replaceable-license-text\"\u003e 13.\u003c/var\u003e\n          Termination\n            \u003cbr /\u003e\n\n   In case of termination, as provided in Section 3 above, You agree to immediately stop any\n                 further use, reproduction, modification, distribution and sublicensing of the Software\n                 and to destroy all copies of the Software that are in Your possession or control. All\n                 sublicenses of the Software which have been properly granted prior to termination\n                 shall survive any termination of this License. In addition, Sections 5, 8 to 11, 13.2\n                 and 15.2 of this License, in reason of their nature, shall survive the termination of\n                 this License for a period of fifteen (15) years.\n\n        \u003c/li\u003e\n        \n\u003cli\u003e\n            \u003cvar class\u003d\"replaceable-license-text\"\u003e 14.\u003c/var\u003e\n          Versions of the license\n            \u003cbr /\u003e\n\n   The Initial Developer may publish new versions of this License from time to time. Once\n                 Original Code has been published under a particular version of this License, You may\n                 choose to continue to use it under the terms and conditions of that version or use the\n                 Original Code under the terms of any subsequent version of this License published by\n                 the Initial Developer.\n\n        \u003c/li\u003e\n        \n\u003cli\u003e\n            \u003cvar class\u003d\"replaceable-license-text\"\u003e 15.\u003c/var\u003e\n          Miscellaneous\n        \n\u003cul style\u003d\"list-style:none\"\u003e\n               \n\u003cli\u003e\n                  \u003cvar class\u003d\"replaceable-license-text\"\u003e 15.1\u003c/var\u003e\n            Relationship of the Parties This License will not be construed as creating an agency,\n               partnership, joint venture or any other form of legal association between You and the\n               Initial Developer, and You will not represent to the contrary, whether expressly, by\n               implication or otherwise.\n          \u003c/li\u003e\n               \n\u003cli\u003e\n                  \u003cvar class\u003d\"replaceable-license-text\"\u003e 15.2\u003c/var\u003e\n            Independent Development Nothing in this License will impair the Initial Developer\u0026apos;s\n               right to acquire, license, develop, have others develop for it, market or distribute\n               technology or products that perform the same or similar functions as, or otherwise compete\n               with, Modifications, Derivative Programs, technology or products that You may develop,\n               produce, market or distribute.\n          \u003c/li\u003e\n               \n\u003cli\u003e\n                  \u003cvar class\u003d\"replaceable-license-text\"\u003e 15.3\u003c/var\u003e\n            Severability If for any reason a court of competent jurisdiction finds any provision of this\n               License, or portion thereof, to be unenforceable, that provision of the License will be\n               enforced to the maximum extent permissible so as to effect the economic benefits and\n               intent of the parties, and the remainder of this License will continue in full force and\n               extent.\n          \u003c/li\u003e\n            \n\u003c/ul\u003e\n        \u003c/li\u003e\n      \n\u003c/ul\u003e\n\n      \u003cdiv class\u003d\"optional-license-text\"\u003e \n         \u003cp\u003eEND OF THE TERMS AND CONDITIONS OF THIS LICENSE\u003c/p\u003e\n\n         \u003cp\u003eOPEN CASCADE is a French société par actions simplifiée having its registered head office\n         at 1, place des Frères Montgolfier, 78280, Guyancourt, France and main offices at 1, place des\n         Frères Montgolfier, 78280, Guyancourt, France. Its web site is located at the following address\n         opencascade.com\u003c/p\u003e\n\n         \u003cp\u003eOpen CASCADE Technology Public License\n        \u003cbr /\u003e\n\nSchedule \u0026quot;A\u0026quot;\n      \u003c/p\u003e\n\n         \u003cp\u003eThe content of this file is subject to the Open CASCADE Technology Public License (the\n         \u0026quot;License\u0026quot;). You may not use the content of this file except in compliance with the License.\n         Please obtain a copy of the License at opencascade.com and read it completely before using this\n         file.\u003c/p\u003e\n\n         \u003cp\u003eThe Initial Developer of the Original Code is OPEN CASCADE, with main offices at 1, place des Frères\n         Montgolfier, 78280, Guyancourt, France. The Original Code is copyright © OPEN CASCADE SAS, 2001.\n         All rights reserved. \u0026quot;The Original Code and all software distributed under the License are\n         distributed on an \u0026quot;AS IS\u0026quot; basis, without warranty of any kind, and the Initial Developer\n         hereby disclaims all such warranties, including without limitation, any warranties of merchantability,\n         fitness for a particular purpose or non-infringement.\u003c/p\u003e\n\n         \u003cp\u003ePlease see the License for the specific terms and conditions governing rights and limitations under the\n         License\u0026quot;.\n        \u003cbr /\u003e\n\nEnd of Schedule \u0026quot;A\u0026quot;\n      \u003c/p\u003e\n\n         \u003cp\u003eOpen CASCADE Technology Public License\n        \u003cbr /\u003e\n\nSchedule \u0026quot;B\u0026quot;\n      \u003c/p\u003e\n\n         \u003cp\u003e\u0026quot;The content of this file is subject to the Open CASCADE Technology Public License (the\n         \u0026quot;License\u0026quot;). You may not use the content of this file except in compliance with the License.\n         Please obtain a copy of the License at opencascade.com and read it completely before using this\n         file.\u003c/p\u003e\n\n         \u003cp\u003eThe Initial Developer of the Original Code is OPEN CASCADE, with main offices at 1, place des Frères\n         Montgolfier, 78280, Guyancourt, France. The Original Code is copyright © Open CASCADE SAS, 2001.\n         All rights reserved.\u003c/p\u003e\n\n         \u003cp\u003eModifications to the Original Code have been made by ________________________. Modifications are\n         copyright © [Year to be included]. All rights reserved.\u003c/p\u003e\n\n         \u003cp\u003eThe software Open CASCADE Technology and all software distributed under the License are distributed on an\n         \u0026quot;AS IS\u0026quot; basis, without warranty of any kind, and the Initial Developer hereby disclaims all\n         such warranties, including without limitation, any warranties of merchantability, fitness for a\n         particular purpose or non-infringement.\u003c/p\u003e\n\n         \u003cp\u003ePlease see the License for the specific terms and conditions governing rights and limitations under the\n         License\u0026quot;\n        \u003cbr /\u003e\n\nEnd of Schedule \u0026quot;B\u0026quot;\n      \u003c/p\u003e\n\n      \u003c/div\u003e\n    "
}