{
  "isDeprecatedLicenseId": false,
  "isFsfLibre": true,
  "licenseText": "The OpenLDAP Public License\nVersion 2.7, 7 September 2001\n\nRedistribution and use of this software and associated documentation (\"Software\"), with or without modification, are permitted provided that the following conditions are met:\n\n1. Redistributions of source code must retain copyright statements and notices,\n\n2. Redistributions in binary form must reproduce applicable copyright statements and notices, this list of conditions, and the following disclaimer in the documentation and/or other materials provided with the distribution, and\n\n3. Redistributions must contain a verbatim copy of this document.\n\nThe OpenLDAP Foundation may revise this license from time to time. Each revision is distinguished by a version number. You may use this Software under terms of this license revision or under the terms of any subsequent revision of the license.\n\nTHIS SOFTWARE IS PROVIDED BY THE OPENLDAP FOUNDATION AND ITS CONTRIBUTORS ``AS IS\u0027\u0027 AND ANY EXPRESSED OR IMPLIED WARRANTIES, INCLUDING, BUT NOT LIMITED TO, THE IMPLIED WARRANTIES OF MERCHANTABILITY AND FITNESS FOR A PARTICULAR PURPOSE ARE DISCLAIMED. IN NO EVENT SHALL THE OPENLDAP FOUNDATION, ITS CONTRIBUTORS, OR THE AUTHOR(S) OR OWNER(S) OF THE SOFTWARE BE LIABLE FOR ANY DIRECT, INDIRECT, INCIDENTAL, SPECIAL, EXEMPLARY, OR CONSEQUENTIAL DAMAGES (INCLUDING, BUT NOT LIMITED TO, PROCUREMENT OF SUBSTITUTE GOODS OR SERVICES; LOSS OF USE, DATA, OR PROFITS; OR BUSINESS INTERRUPTION) HOWEVER CAUSED AND ON ANY THEORY OF LIABILITY, WHETHER IN CONTRACT, STRICT LIABILITY, OR TORT (INCLUDING NEGLIGENCE OR OTHERWISE) ARISING IN ANY WAY OUT OF THE USE OF THIS SOFTWARE, EVEN IF ADVISED OF THE POSSIBILITY OF SUCH DAMAGE.\n\nThe names of the authors and copyright holders must not be used in advertising or otherwise to promote the sale, use or other dealing in this Software without specific, written prior permission. Title to copyright in this Software shall at all times remain with copyright holders.\n\nOpenLDAP is a registered trademark of the OpenLDAP Foundation.\n\nCopyright 1999-2001 The OpenLDAP Foundation, Redwood City, California, USA. All Rights Reserved. Permission to copy and distribute verbatim copies of this document is granted.\n",
  "standardLicenseTemplate": "\u003c\u003cbeginOptional\u003e\u003eThe OpenLDAP Public License\n\nVersion 2.7, 7 September 2001\n\n\u003c\u003cendOptional\u003e\u003e\n\nRedistribution and use of this software and associated documentation (\"Software\"), with or without modification, are permitted provided that the following conditions are met:\n\n   \u003c\u003cvar;name\u003d\"bullet\";original\u003d\"1.\";match\u003d\".{0,20}\"\u003e\u003e Redistributions of source code must retain copyright statements and notices,\n\n   \u003c\u003cvar;name\u003d\"bullet\";original\u003d\"2.\";match\u003d\".{0,20}\"\u003e\u003e Redistributions in binary form must reproduce applicable copyright statements and notices, this list of conditions, and the following disclaimer in the documentation and/or other materials provided with the distribution, and\n\n   \u003c\u003cvar;name\u003d\"bullet\";original\u003d\"3.\";match\u003d\".{0,20}\"\u003e\u003e Redistributions must contain a verbatim copy of this document.\n\nThe OpenLDAP Foundation may revise this license from time to time. Each revision is distinguished by a version number. You may use this Software under terms of this license revision or under the terms of any subsequent revision of the license.\n\nTHIS SOFTWARE IS PROVIDED BY THE OPENLDAP FOUNDATION AND ITS CONTRIBUTORS ``AS IS\u0027\u0027 AND ANY EXPRESSED OR IMPLIED WARRANTIES, INCLUDING, BUT NOT LIMITED TO, THE IMPLIED WARRANTIES OF MERCHANTABILITY AND FITNESS FOR A PARTICULAR PURPOSE ARE DISCLAIMED. IN NO EVENT SHALL THE OPENLDAP FOUNDATION, ITS CONTRIBUTORS, OR THE AUTHOR(S) OR OWNER(S) OF THE SOFTWARE BE LIABLE FOR ANY DIRECT, INDIRECT, INCIDENTAL, SPECIAL, EXEMPLARY, OR CONSEQUENTIAL DAMAGES (INCLUDING, BUT NOT LIMITED TO, PROCUREMENT OF SUBSTITUTE GOODS OR SERVICES; LOSS OF USE, DATA, OR PROFITS; OR BUSINESS INTERRUPTION) HOWEVER CAUSED AND ON ANY THEORY OF LIABILITY, WHETHER IN CONTRACT, STRICT LIABILITY, OR TORT (INCLUDING NEGLIGENCE OR OTHERWISE) ARISING IN ANY WAY OUT OF THE USE OF THIS SOFTWARE, EVEN IF ADVISED OF THE POSSIBILITY OF SUCH DAMAGE.\n\nThe names of the authors and copyright holders must not be used in advertising or otherwise to promote the sale, use or other dealing in this Software without specific, written prior permission. Title to copyright in this Software shall at all times remain with copyright holders.\n\nOpenLDAP is a registered trademark of the OpenLDAP Foundation.\n\n\u003c\u003cvar;name\u003d\"copyright\";original\u003d\"Copyright 1999-2001 The OpenLDAP Foundation, Redwood City, California, USA. All Rights Reserved.\";match\u003d\".{0,5000}\"\u003e\u003e Permission to copy and distribute verbatim copies of this document is granted.\n\n",
  "name": "Open LDAP Public License v2.7",
  "licenseComments": "This license was released 7 September 2001.",
  "licenseId": "OLDAP-2.7",
  "crossRef": [
    {
      "match": "false",
      "url": "http://www.openldap.org/devel/gitweb.cgi?p\u003dopenldap.git;a\u003dblob;f\u003dLICENSE;hb\u003d47c2415c1df81556eeb39be6cad458ef87c534a2",
      "isValid": true,
      "isLive": true,
      "timestamp": "2024-08-19T17:35:28Z",
      "isWayBackLink": false,
      "order": 0
    }
  ],
  "seeAlso": [
    "http://www.openldap.org/devel/gitweb.cgi?p\u003dopenldap.git;a\u003dblob;f\u003dLICENSE;hb\u003d47c2415c1df81556eeb39be6cad458ef87c534a2"
  ],
  "isOsiApproved": false,
  "licenseTextHtml": "\n      \u003cdiv class\u003d\"optional-license-text\"\u003e \n         \u003cp\u003eThe OpenLDAP Public License\n        \u003cbr /\u003e\n\nVersion 2.7, 7 September 2001\n      \u003c/p\u003e\n\n      \u003c/div\u003e\n\n      \u003cp\u003eRedistribution and use of this software and associated documentation (\u0026quot;Software\u0026quot;), with or without\n         modification, are permitted provided that the following conditions are met:\u003c/p\u003e\n\n\u003cul style\u003d\"list-style:none\"\u003e\n        \n\u003cli\u003e\n            \u003cvar class\u003d\"replaceable-license-text\"\u003e 1.\u003c/var\u003e\n          Redistributions of source code must retain copyright statements and notices,\n        \u003c/li\u003e\n        \n\u003cli\u003e\n            \u003cvar class\u003d\"replaceable-license-text\"\u003e 2.\u003c/var\u003e\n          Redistributions in binary form must reproduce applicable copyright statements and notices, this\n             list of conditions, and the following disclaimer in the documentation and/or other materials\n             provided with the distribution, and\n        \u003c/li\u003e\n        \n\u003cli\u003e\n            \u003cvar class\u003d\"replaceable-license-text\"\u003e 3.\u003c/var\u003e\n          Redistributions must contain a verbatim copy of this document.\n        \u003c/li\u003e\n      \n\u003c/ul\u003e\n      \u003cp\u003eThe OpenLDAP Foundation may revise this license from time to time. Each revision is distinguished by a\n         version number. You may use this Software under terms of this license revision or under the terms of\n         any subsequent revision of the license.\u003c/p\u003e\n\n      \u003cp\u003eTHIS SOFTWARE IS PROVIDED BY THE OPENLDAP FOUNDATION AND ITS CONTRIBUTORS ``AS IS\u0026apos;\u0026apos; AND ANY EXPRESSED OR\n         IMPLIED WARRANTIES, INCLUDING, BUT NOT LIMITED TO, THE IMPLIED WARRANTIES OF MERCHANTABILITY AND\n         FITNESS FOR A PARTICULAR PURPOSE ARE DISCLAIMED. IN NO EVENT SHALL THE OPENLDAP FOUNDATION, ITS\n         CONTRIBUTORS, OR THE AUTHOR(S) OR OWNER(S) OF THE SOFTWARE BE LIABLE FOR ANY DIRECT, INDIRECT,\n         INCIDENTAL, SPECIAL, EXEMPLARY, OR CONSEQUENTIAL DAMAGES (INCLUDING, BUT NOT LIMITED TO, PROCUREMENT\n         OF SUBSTITUTE GOODS OR SERVICES; LOSS OF USE, DATA, OR PROFITS; OR BUSINESS INTERRUPTION) HOWEVER\n         CAUSED AND ON ANY THEORY OF LIABILITY, WHETHER IN CONTRACT, STRICT LIABILITY, OR TORT (INCLUDING\n         NEGLIGENCE OR OTHERWISE) ARISING IN ANY WAY OUT OF THE USE OF THIS SOFTWARE, EVEN IF ADVISED OF THE\n         POSSIBILITY OF SUCH DAMAGE.\u003c/p\u003e\n\n      \u003cp\u003eThe names of the authors and copyright holders must not be used in advertising or otherwise to promote\n         the sale, use or other dealing in this Software without specific, written prior permission. Title to\n         copyright in this Software shall at all times remain with copyright holders.\u003c/p\u003e\n\n      \u003cp\u003eOpenLDAP is a registered trademark of the OpenLDAP Foundation.\u003c/p\u003e\n\n      \u003cp\u003e\n        \u003cvar class\u003d\"replaceable-license-text\"\u003e Copyright 1999-2001 The OpenLDAP Foundation, Redwood City, California, USA. All Rights Reserved.\u003c/var\u003e\n        Permission to copy and distribute verbatim copies of this document is granted.\n      \u003c/p\u003e\n\n    "
}