{
  "isDeprecatedLicenseId": false,
  "licenseText": "Copyright (c) 2003, The Regents of the University of California, through Lawrence Berkeley National Laboratory (subject to receipt of any required approvals from the U.S. Dept. of Energy). All rights reserved. Redistribution and use in source and binary forms, with or without modification, are permitted provided that the following conditions are met:\n\n(1) Redistributions of source code must retain the above copyright notice, this list of conditions and the following disclaimer.\n\n(2) Redistributions in binary form must reproduce the above copyright notice, this list of conditions and the following disclaimer in the documentation and/or other materials provided with the distribution.\n\n(3) Neither the name of the University of California, Lawrence Berkeley National Laboratory, U.S. Dept. of Energy nor the names of its contributors may be used to endorse or promote products derived from this software without specific prior written permission.\n\nTHIS SOFTWARE IS PROVIDED BY THE COPYRIGHT HOLDERS AND CONTRIBUTORS \"AS IS\" AND ANY EXPRESS OR IMPLIED WARRANTIES, INCLUDING, BUT NOT LIMITED TO, THE IMPLIED WARRANTIES OF MERCHANTABILITY AND FITNESS FOR A PARTICULAR PURPOSE ARE DISCLAIMED. IN NO EVENT SHALL THE COPYRIGHT OWNER OR CONTRIBUTORS BE LIABLE FOR ANY DIRECT, INDIRECT, INCIDENTAL, SPECIAL, EXEMPLARY, OR CONSEQUENTIAL DAMAGES (INCLUDING, BUT NOT LIMITED TO, PROCUREMENT OF SUBSTITUTE GOODS OR SERVICES; LOSS OF USE, DATA, OR PROFITS; OR BUSINESS INTERRUPTION) HOWEVER CAUSED AND ON ANY THEORY OF LIABILITY, WHETHER IN CONTRACT, STRICT\nLIABILITY, OR TORT (INCLUDING NEGLIGENCE OR OTHERWISE) ARISING IN ANY WAY OUT OF THE USE OF THIS SOFTWARE, EVEN IF ADVISED OF THE POSSIBILITY OF SUCH DAMAGE.\n\nYou are under no obligation whatsoever to provide any bug fixes, patches, or upgrades to the features, functionality or performance of the source code (\"Enhancements\") to anyone; however, if you choose to make your Enhancements available either publicly, or directly to Lawrence Berkeley National Laboratory, without imposing a separate written license agreement for such Enhancements, then you hereby grant the following license: a non-exclusive, royalty-free perpetual license to install, use, modify, prepare derivative works, incorporate into other computer software, distribute, and sublicense such Enhancements or derivative works thereof, in binary and source code form.\n",
  "standardLicenseTemplate": "\u003c\u003cvar;name\u003d\"copyright\";original\u003d\"Copyright (c) 2003, The Regents of the University of California, through Lawrence Berkeley National Laboratory (subject to receipt of any required approvals from the U.S. Dept. of Energy). All rights reserved.  \";match\u003d\".{0,5000}\"\u003e\u003e\nRedistribution and use in source and binary forms, with or without modification, are permitted provided that the following conditions are met:\n\n   \u003c\u003cvar;name\u003d\"bullet\";original\u003d\"(1)\";match\u003d\".{0,20}\"\u003e\u003e Redistributions of source code must retain the above copyright notice, this list of conditions and the following disclaimer.\n   \u003c\u003cvar;name\u003d\"bullet\";original\u003d\"(2)\";match\u003d\".{0,20}\"\u003e\u003e Redistributions in binary form must reproduce the above copyright notice, this list of conditions and the following disclaimer in the documentation and/or other materials provided with the distribution.\n   \u003c\u003cvar;name\u003d\"bullet\";original\u003d\"(3)\";match\u003d\".{0,20}\"\u003e\u003e \u003c\u003cvar;name\u003d\"organizationClause3\";original\u003d\"Neither the name of the University of California, Lawrence Berkeley National Laboratory, U.S. Dept. of Energy nor the names of its contributors may\";match\u003d\"(The name of.+may not)|(Neither the name of.+nor the names of its contributors may)\"\u003e\u003e be used to endorse or promote products derived from this software without specific prior written permission.\nTHIS SOFTWARE IS PROVIDED BY THE COPYRIGHT HOLDERS AND CONTRIBUTORS \"AS IS\" AND ANY EXPRESS OR IMPLIED WARRANTIES, INCLUDING, BUT NOT LIMITED TO, THE IMPLIED WARRANTIES OF MERCHANTABILITY AND FITNESS FOR A PARTICULAR PURPOSE ARE DISCLAIMED. IN NO EVENT SHALL THE COPYRIGHT OWNER\u003c\u003cbeginOptional\u003e\u003e , THE UNITED STATES GOVERNMENT,\u003c\u003cendOptional\u003e\u003e OR CONTRIBUTORS BE LIABLE FOR ANY DIRECT, INDIRECT, INCIDENTAL, SPECIAL, EXEMPLARY, OR CONSEQUENTIAL DAMAGES (INCLUDING, BUT NOT LIMITED TO, PROCUREMENT OF SUBSTITUTE GOODS OR SERVICES; LOSS OF USE, DATA, OR PROFITS; OR BUSINESS INTERRUPTION) HOWEVER CAUSED AND ON ANY THEORY OF LIABILITY, WHETHER IN CONTRACT, STRICT LIABILITY, OR TORT (INCLUDING NEGLIGENCE OR OTHERWISE) ARISING IN ANY WAY OUT OF THE USE OF THIS SOFTWARE, EVEN IF ADVISED OF THE POSSIBILITY OF SUCH DAMAGE.\n\nYou are under no obligation whatsoever to provide any bug fixes, patches, or upgrades to the features, functionality or performance of the source code (\"Enhancements\") to anyone; however, if you choose to make your Enhancements available either publicly, or directly to \u003c\u003cvar;name\u003d\"copyrightHolderEnhancements\";original\u003d\"Lawrence Berkeley National Laboratory\";match\u003d\".+\"\u003e\u003e , without imposing a separate written license agreement for such Enhancements, then you hereby grant the following license: a non-exclusive, royalty-free perpetual license to install, use, modify, prepare derivative works, incorporate into other computer software, distribute, and sublicense such Enhancements or derivative works thereof, in binary and source code form.\n\n",
  "name": "Lawrence Berkeley National Labs BSD variant license",
  "licenseComments": "This license is the same as BSD-3-Clause, but with an additional default contribution licensing clause",
  "comment": "This license is the same as BSD-3-Clause, but with an additional default contribution licensing clause",
  "licenseId": "BSD-3-Clause-LBNL",
  "crossRef": [
    {
      "match": "true",
      "url": "https://fedoraproject.org/wiki/Licensing/LBNLBSD",
      "isValid": true,
      "isLive": true,
      "timestamp": "2025-07-01T14:54:17Z",
      "isWayBackLink": false,
      "order": 0
    }
  ],
  "seeAlso": [
    "https://fedoraproject.org/wiki/Licensing/LBNLBSD"
  ],
  "isOsiApproved": true,
  "licenseTextHtml": "\n      \u003cdiv class\u003d\"replaceable-license-text\"\u003e\u003cspan title\u003d\"can be replaced with the pattern .{0,5000}\"\u003e \n         \u003cp\u003eCopyright (c) 2003, The Regents of the University of California, through Lawrence Berkeley National\n         Laboratory (subject to receipt of any required approvals from the U.S. Dept. of Energy). All rights\n         reserved.\u003c/p\u003e\n\n      \u003c/span\u003e\u003c/div\u003e\n      \n      \u003cp\u003eRedistribution and use in source and binary forms, with or without modification, are\n         permitted provided that the following conditions are met:\u003c/p\u003e\n\n\u003cul style\u003d\"list-style:none\"\u003e\n        \n\u003cli\u003e\n            \u003cvar class\u003d\"replaceable-license-text\"\u003e\u003cspan title\u003d\"can be replaced with the pattern .{0,20}\"\u003e (1)\u003c/span\u003e\u003c/var\u003e\n          Redistributions of source code must retain the above copyright notice, this list of conditions\n             and the following disclaimer.\n        \u003c/li\u003e\n        \n\u003cli\u003e\n            \u003cvar class\u003d\"replaceable-license-text\"\u003e\u003cspan title\u003d\"can be replaced with the pattern .{0,20}\"\u003e (2)\u003c/span\u003e\u003c/var\u003e\n          Redistributions in binary form must reproduce the above copyright notice, this list of conditions\n             and the following disclaimer in the documentation and/or other materials provided with the\n             distribution.\n        \u003c/li\u003e\n        \n\u003cli\u003e\n            \u003cvar class\u003d\"replaceable-license-text\"\u003e\u003cspan title\u003d\"can be replaced with the pattern .{0,20}\"\u003e (3)\u003c/span\u003e\u003c/var\u003e\n            \u003cvar class\u003d\"replaceable-license-text\"\u003e\u003cspan title\u003d\"can be replaced with the pattern (The name of.+may not)|(Neither the name of.+nor the names of its contributors may)\"\u003e \n            Neither the name of the University of California, Lawrence Berkeley National Laboratory, U.S.\n             Dept. of Energy nor the names of its contributors may\u003c/span\u003e\u003c/var\u003e be used to endorse or promote products\n             derived from this software without specific prior written permission.\n        \u003c/li\u003e\n      \n\u003c/ul\u003e\n      \u003cp\u003eTHIS SOFTWARE IS PROVIDED BY THE COPYRIGHT HOLDERS AND CONTRIBUTORS \u0026quot;AS IS\u0026quot; AND ANY EXPRESS OR IMPLIED\n         WARRANTIES, INCLUDING, BUT NOT LIMITED TO, THE IMPLIED WARRANTIES OF MERCHANTABILITY AND FITNESS FOR A\n         PARTICULAR PURPOSE ARE DISCLAIMED. IN NO EVENT SHALL THE COPYRIGHT OWNER\u003cvar class\u003d\"optional-license-text\"\u003e , THE UNITED STATES GOVERNMENT,\u003c/var\u003e OR CONTRIBUTORS BE LIABLE FOR\n         ANY DIRECT, INDIRECT, INCIDENTAL, SPECIAL, EXEMPLARY, OR CONSEQUENTIAL DAMAGES (INCLUDING, BUT NOT\n         LIMITED TO, PROCUREMENT OF SUBSTITUTE GOODS OR SERVICES; LOSS OF USE, DATA, OR PROFITS; OR BUSINESS\n         INTERRUPTION) HOWEVER CAUSED AND ON ANY THEORY OF LIABILITY, WHETHER IN CONTRACT, STRICT\n         LIABILITY, OR TORT (INCLUDING NEGLIGENCE OR OTHERWISE) ARISING IN ANY WAY OUT OF THE USE OF THIS\n         SOFTWARE, EVEN IF ADVISED OF THE POSSIBILITY OF SUCH DAMAGE.\n      \u003c/p\u003e\n\n      \u003cp\u003eYou are under no obligation whatsoever to provide any bug fixes, patches, or upgrades to the features,\n         functionality or performance of the source code (\u0026quot;Enhancements\u0026quot;) to anyone; however, if you choose to\n         make your Enhancements available either publicly, or directly to \n         \u003cvar class\u003d\"replaceable-license-text\"\u003e\u003cspan title\u003d\"can be replaced with the pattern .+\"\u003e Lawrence Berkeley National\n         Laboratory\u003c/span\u003e\u003c/var\u003e,\n         without imposing a separate written license agreement for such Enhancements, then you\n         hereby grant the following license: a non-exclusive, royalty-free perpetual license to install, use,\n         modify, prepare derivative works, incorporate into other computer software, distribute, and sublicense\n         such Enhancements or derivative works thereof, in binary and source code form.\u003c/p\u003e\n\n    "
}