{
  "isDeprecatedLicenseId": false,
  "licenseText": "Copyright (C) 2002 Naval Research Laboratory (NRL/CCS)\n\nPermission to use, copy, modify and distribute this software and\nits documentation is hereby granted, provided that both the\ncopyright notice and this permission notice appear in all copies of\nthe software, derivative works or modified versions, and any\nportions thereof.\n\nNRL ALLOWS FREE USE OF THIS SOFTWARE IN ITS \"AS IS\" CONDITION AND\nDISCLAIMS ANY LIABILITY OF ANY KIND FOR ANY DAMAGES WHATSOEVER\nRESULTING FROM THE USE OF THIS SOFTWARE.\n",
  "standardLicenseTemplate": "\u003c\u003cvar;name\u003d\"copyright\";original\u003d\"Copyright (C) 2002 Naval Research Laboratory (NRL/CCS)\";match\u003d\".{0,5000}\"\u003e\u003e\nPermission to use, copy, modify and distribute this software and its documentation is hereby granted, provided that both the copyright notice and this permission notice appear in all copies of the software, derivative works or modified versions, and any portions thereof.\n\nNRL ALLOWS FREE USE OF THIS SOFTWARE IN ITS \"AS IS\" CONDITION AND DISCLAIMS ANY LIABILITY OF ANY KIND FOR ANY DAMAGES WHATSOEVER RESULTING FROM THE USE OF THIS SOFTWARE.\n\n",
  "name": "CMU    Mach - no notices-in-documentation variant",
  "licenseComments": "This is similar to CMU-Mach but omits the obligation that both notices appear in supporting documentation and omits the request to return improvements or extensions back to the copyright holder.",
  "comment": "This is similar to CMU-Mach but omits the obligation that both notices appear in supporting documentation and omits the request to return improvements or extensions back to the copyright holder.",
  "licenseId": "CMU-Mach-nodoc",
  "crossRef": [
    {
      "match": "true",
      "url": "https://web.mit.edu/kerberos/krb5-1.21/doc/mitK5license.html",
      "isValid": true,
      "isLive": true,
      "timestamp": "2025-07-01T14:55:39Z",
      "isWayBackLink": false,
      "order": 1
    },
    {
      "match": "false",
      "url": "https://github.com/krb5/krb5/blob/krb5-1.21.2-final/NOTICE#L718-L728",
      "isValid": true,
      "isLive": true,
      "timestamp": "2025-07-01T14:55:39Z",
      "isWayBackLink": false,
      "order": 0
    }
  ],
  "seeAlso": [
    "https://github.com/krb5/krb5/blob/krb5-1.21.2-final/NOTICE#L718-L728",
    "https://web.mit.edu/kerberos/krb5-1.21/doc/mitK5license.html"
  ],
  "isOsiApproved": false,
  "licenseTextHtml": "\n         \u003cvar class\u003d\"replaceable-license-text\"\u003e\u003cspan title\u003d\"can be replaced with the pattern .{0,5000}\"\u003e \n            Copyright (C) 2002 Naval Research Laboratory (NRL/CCS)\n         \u003c/span\u003e\u003c/var\u003e\n         \u003cp\u003e\n            Permission to use, copy, modify and distribute this\n            software and its documentation is hereby granted, provided\n            that both the copyright notice and this permission\n            notice appear in all copies of the software, derivative\n            works or modified versions, and any portions thereof.\n         \u003c/p\u003e\n\n         \u003cp\u003e\n            NRL ALLOWS FREE USE OF THIS SOFTWARE IN ITS \u0026quot;AS IS\u0026quot;\n            CONDITION AND DISCLAIMS ANY LIABILITY OF ANY KIND FOR ANY\n            DAMAGES WHATSOEVER RESULTING FROM THE USE OF THIS SOFTWARE.\n         \u003c/p\u003e\n\n      "
}