{
  "isDeprecatedLicenseId": false,
  "licenseText": "Copyright 1992-2002 HaL Computer Systems, Inc.,\nO\u0027Reilly \u0026 Associates, Inc., ArborText, Inc., Fujitsu Software\nCorporation, Norman Walsh, Sun Microsystems, Inc., and the\nOrganization for the Advancement of Structured Information\nStandards (OASIS).\n\n$Id: sdbcent.mod,v 1.13 2005/04/01 21:02:17 nwalsh Exp $\n\nPermission to use, copy, modify and distribute the DocBook XML DTD\nand its accompanying documentation for any purpose and without fee\nis hereby granted in perpetuity, provided that the above copyright\nnotice and this paragraph appear in all copies.  The copyright\nholders make no representation about the suitability of the DTD for\nany purpose.  It is provided \"as is\" without expressed or implied\nwarranty.\n\nIf you modify the Simplified DocBook DTD in any way, except for\ndeclaring and referencing additional sets of general entities and\ndeclaring additional notations, label your DTD as a variant of\nDocBook.  See the maintenance documentation for more information.\n\nPlease direct all questions, bug reports, or suggestions for\nchanges to the docbook@lists.oasis-open.org mailing list. For more\ninformation, see http://www.oasis-open.org/docbook/.\n",
  "standardLicenseTemplate": "\u003c\u003cvar;name\u003d\"copyright\";original\u003d\"Copyright 1992-2002 HaL Computer Systems, Inc., O\u0027Reilly \u0026 Associates, Inc., ArborText, Inc., Fujitsu Software Corporation, Norman Walsh, Sun Microsystems, Inc., and the Organization for the Advancement of Structured Information Standards (OASIS).   $Id: sdbcent.mod,v 1.13 2005/04/01 21:02:17 nwalsh Exp $  \";match\u003d\".{0,5000}\"\u003e\u003e\nPermission to use, copy, modify and distribute the DocBook XML DTD and its accompanying documentation for any purpose and without fee is hereby granted in perpetuity, provided that the above copyright notice and this paragraph appear in all copies. The copyright holders make no representation about the suitability of the DTD for any purpose. It is provided \"as is\" without expressed or implied warranty.\n\nIf you modify the Simplified DocBook DTD in any way, except for declaring and referencing additional sets of general entities and declaring additional notations, label your DTD as a variant of DocBook. See the maintenance documentation for more information.\n\nPlease direct all questions, bug reports, or suggestions for changes to the docbook@lists.oasis-open.org mailing list. For more information, see http://www.oasis-open.org/docbook/.\n\n",
  "name": "DocBook DTD License",
  "licenseComments": "This license is very similar to DocBook-Schema, but includes some exceptions to the different labeling of a modified version.",
  "comment": "This license is very similar to DocBook-Schema, but includes some exceptions to the different labeling of a modified version.",
  "licenseId": "DocBook-DTD",
  "crossRef": [
    {
      "match": "false",
      "url": "http://www.docbook.org/xml/simple/1.1/docbook-simple-1.1.zip",
      "isValid": true,
      "isLive": true,
      "timestamp": "2025-07-01T15:03:48Z",
      "isWayBackLink": false,
      "order": 0
    }
  ],
  "seeAlso": [
    "http://www.docbook.org/xml/simple/1.1/docbook-simple-1.1.zip"
  ],
  "isOsiApproved": false,
  "licenseTextHtml": "\n         \u003cdiv class\u003d\"replaceable-license-text\"\u003e\u003cspan title\u003d\"can be replaced with the pattern .{0,5000}\"\u003e \n         \u003cp\u003e\n            Copyright 1992-2002 HaL Computer Systems, Inc., O\u0026apos;Reilly \u0026amp;\n            Associates, Inc., ArborText, Inc., Fujitsu Software Corporation,\n            Norman Walsh, Sun Microsystems, Inc., and the Organization for\n            the Advancement of Structured Information Standards (OASIS).\n         \u003c/p\u003e\n\n         \u003cp\u003e\n            $Id: sdbcent.mod,v 1.13 2005/04/01 21:02:17 nwalsh Exp $\n         \u003c/p\u003e\n\n         \u003c/span\u003e\u003c/div\u003e\n         \u003cp\u003e\n            Permission to use, copy, modify and distribute the DocBook\n            XML DTD and its accompanying documentation for any purpose\n            and without fee is hereby granted in perpetuity, provided\n            that the above copyright notice and this paragraph appear\n            in all copies. The copyright holders make no representation\n            about the suitability of the DTD for any purpose. It is\n            provided \u0026quot;as is\u0026quot; without expressed or implied warranty.\n         \u003c/p\u003e\n\n         \u003cp\u003e\n            If you modify the Simplified DocBook DTD in any\n            way, except for declaring and referencing additional\n            sets of general entities and declaring additional\n            notations, label your DTD as a variant of DocBook. See\n            the maintenance documentation for more information.\n         \u003c/p\u003e\n\n         \u003cp\u003e\n            Please direct all questions, bug reports, or suggestions for\n            changes to the docbook@lists.oasis-open.org mailing list.\n            For more information, see http://www.oasis-open.org/docbook/.\n         \u003c/p\u003e\n\n      "
}