{
  "isDeprecatedLicenseId": false,
  "licenseText": "COPYRIGHT NOTIFICATION\n\n(C) COPYRIGHT 2004 UNIVERSITY OF CHICAGO\n\nThis program discloses material protectable under copyright laws of the United States. Permission to copy and modify this software and its documentation is hereby granted, provided that this notice is retained thereon and on all copies or modifications. The University of Chicago makes no representations as to the suitability and operability of this software for any purpose. It is provided \"as is\"; without express or implied warranty. Permission is hereby granted to use, reproduce, prepare derivative works, and to redistribute to others, so long as this original copyright notice is retained. Any publication resulting from research that made use of this software should cite this document.\n\n     This software was authored by:\n\n     Steven J. Benson Mathematics and Computer Science Division Argonne National Laboratory Argonne IL 60439\n\n     Yinyu Ye Department of Management Science and Engineering Stanford University Stanford, CA U.S.A\n\n     Any questions or comments on the software may be directed to benson@mcs.anl.gov or yinyu-ye@stanford.edu\n\nArgonne National Laboratory with facilities in the states of Illinois and Idaho, is owned by The United States Government, and operated by the University of Chicago under provision of a contract with the Department of Energy.\n\nDISCLAIMER\nTHIS PROGRAM WAS PREPARED AS AN ACCOUNT OF WORK SPONSORED BY AN AGENCY OF THE UNITED STATES GOVERNMENT. NEITHER THE UNITED STATES GOVERNMENT NOR ANY AGENCY THEREOF, NOR THE UNIVERSITY OF CHICAGO, NOR ANY OF THEIR EMPLOYEES OR OFFICERS, MAKES ANY WARRANTY, EXPRESS OR IMPLIED, OR ASSUMES ANY LEGAL LIABILITY OR RESPONSIBILITY FOR THE ACCURACY, COMPLETENESS, OR USEFULNESS OF ANY INFORMATION, APPARATUS, PRODUCT, OR PROCESS DISCLOSED, OR REPRESENTS THAT ITS USE WOULD NOT INFRINGE PRIVATELY OWNED RIGHTS. REFERENCE HEREIN TO ANY SPECIFIC COMMERCIAL PRODUCT, PROCESS, OR SERVICE BY TRADE NAME, TRADEMARK, MANUFACTURER, OR OTHERWISE, DOES NOT NECESSARILY CONSTITUTE OR IMPLY ITS ENDORSEMENT, RECOMMENDATION, OR FAVORING BY THE UNITED STATES GOVERNMENT OR ANY AGENCY THEREOF. THE VIEW AND OPINIONS OF AUTHORS EXPRESSED HEREIN DO NOT NECESSARILY STATE OR REFLECT THOSE OF THE UNITED STATES GOVERNMENT OR ANY AGENCY THEREOF.\n",
  "standardLicenseTemplate": "\u003c\u003cbeginOptional\u003e\u003eCOPYRIGHT NOTIFICATION\n\n\u003c\u003cendOptional\u003e\u003e \u003c\u003cvar;name\u003d\"copyright\";original\u003d\"(C) COPYRIGHT 2004 UNIVERSITY OF CHICAGO  \";match\u003d\".{0,5000}\"\u003e\u003e\nThis program discloses material protectable under copyright laws of the United States. Permission to copy and modify this software and its documentation is hereby granted, provided that this notice is retained thereon and on all copies or modifications. The University of Chicago makes no representations as to the suitability and operability of this software for any purpose. It is provided \"as is\"; without express or implied warranty. Permission is hereby granted to use, reproduce, prepare derivative works, and to redistribute to others, so long as this original copyright notice is retained. Any publication resulting from research that made use of this software should cite this document.\n\nThis software was authored by:\n\nSteven J. Benson Mathematics and Computer Science Division Argonne National Laboratory Argonne IL 60439\n\nYinyu Ye Department of Management Science and Engineering Stanford University Stanford, CA U.S.A\n\nAny questions or comments on the software may be directed to benson@mcs.anl.gov or yinyu-ye@stanford.edu\n\nArgonne National Laboratory with facilities in the states of Illinois and Idaho, is owned by The United States Government, and operated by the University of Chicago under provision of a contract with the Department of Energy.\n\nDISCLAIMER\nTHIS PROGRAM WAS PREPARED AS AN ACCOUNT OF WORK SPONSORED BY AN AGENCY OF THE UNITED STATES GOVERNMENT. NEITHER THE UNITED STATES GOVERNMENT NOR ANY AGENCY THEREOF, NOR THE UNIVERSITY OF CHICAGO, NOR ANY OF THEIR EMPLOYEES OR OFFICERS, MAKES ANY WARRANTY, EXPRESS OR IMPLIED, OR ASSUMES ANY LEGAL LIABILITY OR RESPONSIBILITY FOR THE ACCURACY, COMPLETENESS, OR USEFULNESS OF ANY INFORMATION, APPARATUS, PRODUCT, OR PROCESS DISCLOSED, OR REPRESENTS THAT ITS USE WOULD NOT INFRINGE PRIVATELY OWNED RIGHTS. REFERENCE HEREIN TO ANY SPECIFIC COMMERCIAL PRODUCT, PROCESS, OR SERVICE BY TRADE NAME, TRADEMARK, MANUFACTURER, OR OTHERWISE, DOES NOT NECESSARILY CONSTITUTE OR IMPLY ITS ENDORSEMENT, RECOMMENDATION, OR FAVORING BY THE UNITED STATES GOVERNMENT OR ANY AGENCY THEREOF. THE VIEW AND OPINIONS OF AUTHORS EXPRESSED HEREIN DO NOT NECESSARILY STATE OR REFLECT THOSE OF THE UNITED STATES GOVERNMENT OR ANY AGENCY THEREOF.\n\n",
  "name": "DSDP License",
  "licenseId": "DSDP",
  "crossRef": [
    {
      "match": "true",
      "url": "https://fedoraproject.org/wiki/Licensing/DSDP",
      "isValid": true,
      "isLive": true,
      "timestamp": "2025-07-01T14:57:18Z",
      "isWayBackLink": false,
      "order": 0
    }
  ],
  "seeAlso": [
    "https://fedoraproject.org/wiki/Licensing/DSDP"
  ],
  "isOsiApproved": false,
  "licenseTextHtml": "\n      \u003cdiv class\u003d\"optional-license-text\"\u003e \n         \u003cp\u003eCOPYRIGHT NOTIFICATION\u003c/p\u003e\n\n      \u003c/div\u003e\n      \u003cdiv class\u003d\"replaceable-license-text\"\u003e\u003cspan title\u003d\"can be replaced with the pattern .{0,5000}\"\u003e \n         \u003cp\u003e(C) COPYRIGHT 2004 UNIVERSITY OF CHICAGO\u003c/p\u003e\n\n      \u003c/span\u003e\u003c/div\u003e\n\n      \u003cp\u003eThis program discloses material protectable under copyright laws of the United States. Permission to copy\n         and modify this software and its documentation is hereby granted, provided that this notice is\n         retained thereon and on all copies or modifications. The University of Chicago makes no\n         representations as to the suitability and operability of this software for any purpose. It is provided\n         \u0026quot;as is\u0026quot;; without express or implied warranty. Permission is hereby granted to use, reproduce, prepare\n         derivative works, and to redistribute to others, so long as this original copyright notice is\n         retained. Any publication resulting from research that made use of this software should cite this\n         document.\u003c/p\u003e\n\n      \u003cp\u003eThis software was authored by:\u003c/p\u003e\n\n      \u003cp\u003eSteven J. Benson Mathematics and Computer Science Division Argonne National Laboratory Argonne IL 60439\u003c/p\u003e\n\n      \u003cp\u003eYinyu Ye Department of Management Science and Engineering Stanford University Stanford, CA U.S.A\u003c/p\u003e\n\n      \u003cp\u003eAny questions or comments on the software may be directed to benson@mcs.anl.gov or yinyu-ye@stanford.edu\u003c/p\u003e\n\n      \u003cp\u003eArgonne National Laboratory with facilities in the states of Illinois and Idaho, is owned by The United\n         States Government, and operated by the University of Chicago under provision of a contract with the\n         Department of Energy.\u003c/p\u003e\n\n      \u003cp\u003eDISCLAIMER\n        \u003cbr /\u003e\nTHIS PROGRAM WAS PREPARED AS AN ACCOUNT OF WORK SPONSORED BY AN AGENCY OF THE UNITED STATES\n             GOVERNMENT. NEITHER THE UNITED STATES GOVERNMENT NOR ANY AGENCY THEREOF, NOR THE UNIVERSITY OF\n             CHICAGO, NOR ANY OF THEIR EMPLOYEES OR OFFICERS, MAKES ANY WARRANTY, EXPRESS OR IMPLIED, OR\n             ASSUMES ANY LEGAL LIABILITY OR RESPONSIBILITY FOR THE ACCURACY, COMPLETENESS, OR USEFULNESS OF\n             ANY INFORMATION, APPARATUS, PRODUCT, OR PROCESS DISCLOSED, OR REPRESENTS THAT ITS USE WOULD\n             NOT INFRINGE PRIVATELY OWNED RIGHTS. REFERENCE HEREIN TO ANY SPECIFIC COMMERCIAL PRODUCT,\n             PROCESS, OR SERVICE BY TRADE NAME, TRADEMARK, MANUFACTURER, OR OTHERWISE, DOES NOT NECESSARILY\n             CONSTITUTE OR IMPLY ITS ENDORSEMENT, RECOMMENDATION, OR FAVORING BY THE UNITED STATES\n             GOVERNMENT OR ANY AGENCY THEREOF. THE VIEW AND OPINIONS OF AUTHORS EXPRESSED HEREIN DO NOT\n             NECESSARILY STATE OR REFLECT THOSE OF THE UNITED STATES GOVERNMENT OR ANY AGENCY THEREOF.\n      \u003c/p\u003e\n\n    "
}