{
  "isDeprecatedLicenseId": false,
  "isFsfLibre": true,
  "licenseText": "Copying and distribution of this file, with or without modification, are permitted in any medium without royalty provided the copyright notice and this notice are preserved.  This file is offered as-is, without any warranty.\n",
  "standardLicenseTemplate": "Copying and distribution of this file, with or without modification, are permitted in any medium without royalty provided the copyright notice and this notice are preserved. This file is offered as-is, without \u003c\u003cvar;name\u003d\"warranty\";original\u003d\"any warranty\";match\u003d\"warranty of any kind|any warranty\"\u003e\u003e .\n\n",
  "name": "FSF All Permissive License",
  "licenseId": "FSFAP",
  "crossRef": [
    {
      "match": "N/A",
      "url": "https://www.gnu.org/prep/maintain/html_node/License-Notices-for-Other-Files.html",
      "isValid": true,
      "isLive": false,
      "timestamp": "2025-07-01T15:02:36Z",
      "isWayBackLink": false,
      "order": 0
    }
  ],
  "seeAlso": [
    "https://www.gnu.org/prep/maintain/html_node/License-Notices-for-Other-Files.html"
  ],
  "isOsiApproved": false,
  "licenseTextHtml": "\n      \u003cp\u003eCopying and distribution of this file, with or without\n         modification, are permitted in any medium without royalty\n         provided the copyright notice and this notice are preserved.\n         This file is offered as-is, without \u003cvar class\u003d\"replaceable-license-text\"\u003e\u003cspan title\u003d\"can be replaced with the pattern warranty of any kind|any warranty\"\u003e any warranty\u003c/span\u003e\u003c/var\u003e.\u003c/p\u003e\n\n    "
}