{
  "isDeprecatedLicenseId": false,
  "licenseText": "Permission to use, copy, modify, distribute, and sell this software and its\ndocumentation for any purpose is hereby granted without fee, provided that\nthis permission notice appear in supporting documentation.  This permission\nnotice shall be included in all copies or substantial portions of the\nSoftware.\n\nTHE SOFTWARE IS PROVIDED \"AS IS\", WITHOUT WARRANTY OF ANY KIND, EXPRESS OR\nIMPLIED, INCLUDING BUT NOT LIMITED TO THE WARRANTIES OF MERCHANTABILITY,\nFITNESS FOR A PARTICULAR PURPOSE AND NONINFRINGEMENT.  IN NO EVENT SHALL THE\nAUTHOR BE LIABLE FOR ANY CLAIM, DAMAGES OR OTHER LIABILITY, WHETHER IN\nAN ACTION OF CONTRACT, TORT OR OTHERWISE, ARISING FROM, OUT OF OR IN\nCONNECTION WITH THE SOFTWARE OR THE USE OR OTHER DEALINGS IN THE SOFTWARE.\n",
  "standardLicenseTemplate": "Permission to use, copy, modify, distribute, and sell this software and its documentation for any purpose is hereby granted without fee, provided that this permission notice appear in supporting documentation. This permission notice shall be included in all copies or substantial portions of the Software.\n\nTHE SOFTWARE IS PROVIDED \"AS IS\", WITHOUT WARRANTY OF ANY KIND, EXPRESS OR IMPLIED, INCLUDING BUT NOT LIMITED TO THE WARRANTIES OF MERCHANTABILITY, FITNESS FOR A PARTICULAR PURPOSE AND NONINFRINGEMENT. IN NO EVENT SHALL THE AUTHOR BE LIABLE FOR ANY CLAIM, DAMAGES OR OTHER LIABILITY, WHETHER IN AN ACTION OF CONTRACT, TORT OR OTHERWISE, ARISING FROM, OUT OF OR IN CONNECTION WITH THE SOFTWARE OR THE USE OR OTHER DEALINGS IN THE SOFTWARE.\n\n",
  "name": "Historical Permission Notice and Disclaimer - sell xserver variant with MIT disclaimer",
  "licenseComments": "This is similar to HPND-sell-variant-MIT-disclaimer but it omits the copyright notice reproduction obligation.",
  "comment": "This is similar to HPND-sell-variant-MIT-disclaimer but it omits the copyright notice reproduction obligation.",
  "licenseId": "HPND-sell-MIT-disclaimer-xserver",
  "crossRef": [
    {
      "match": "false",
      "url": "https://gitlab.freedesktop.org/xorg/xserver/-/blob/master/COPYING?ref_type\u003dheads#L1781",
      "isValid": true,
      "isLive": true,
      "timestamp": "2025-07-01T14:57:36Z",
      "isWayBackLink": false,
      "order": 0
    }
  ],
  "seeAlso": [
    "https://gitlab.freedesktop.org/xorg/xserver/-/blob/master/COPYING?ref_type\u003dheads#L1781"
  ],
  "isOsiApproved": false,
  "licenseTextHtml": "\n            \u003cp\u003e\n                Permission to use, copy, modify, distribute, and sell this software and its\n                documentation for any purpose is hereby granted without fee, provided that\n                this permission notice appear in supporting documentation.  This permission\n                notice shall be included in all copies or substantial portions of the\n                Software.\n            \u003c/p\u003e\n\n            \u003cp\u003e\n                THE SOFTWARE IS PROVIDED \u0026quot;AS IS\u0026quot;, WITHOUT WARRANTY OF ANY KIND, EXPRESS OR\n                IMPLIED, INCLUDING BUT NOT LIMITED TO THE WARRANTIES OF MERCHANTABILITY,\n                FITNESS FOR A PARTICULAR PURPOSE AND NONINFRINGEMENT.  IN NO EVENT SHALL THE\n                AUTHOR BE LIABLE FOR ANY CLAIM, DAMAGES OR OTHER LIABILITY, WHETHER IN\n                AN ACTION OF CONTRACT, TORT OR OTHERWISE, ARISING FROM, OUT OF OR IN\n                CONNECTION WITH THE SOFTWARE OR THE USE OR OTHER DEALINGS IN THE SOFTWARE.\n            \u003c/p\u003e\n\n        "
}