{
  "isDeprecatedLicenseId": false,
  "licenseText": "LICENSE\n-------\n\nLZMA SDK is written and placed in the public domain by Igor Pavlov.\n\nSome code in LZMA SDK is based on public domain code from another developers:\n  1) PPMd var.H (2001): Dmitry Shkarin\n  2) SHA-256: Wei Dai (Crypto++ library)\n\nAnyone is free to copy, modify, publish, use, compile, sell, or distribute the\noriginal LZMA SDK code, either in source code form or as a compiled binary, for\nany purpose, commercial or non-commercial, and by any means.\n\nLZMA SDK code is compatible with open source licenses, for example, you can\ninclude it to GNU GPL or GNU LGPL code.\n",
  "standardLicenseTemplate": "\u003c\u003cbeginOptional\u003e\u003eLICENSE\n\n-------\n\n\u003c\u003cendOptional\u003e\u003e\nLZMA SDK is written and placed in the public domain by Igor Pavlov.\n\nSome code in LZMA SDK is based on public domain code from another developers: 1) PPMd var.H (2001): Dmitry Shkarin 2) SHA-256: Wei Dai (Crypto++ library)\n\nAnyone is free to copy, modify, publish, use, compile, sell, or distribute the original LZMA SDK code, either in source code form or as a compiled binary, for any purpose, commercial or non-commercial, and by any means.\n\nLZMA SDK code is compatible with open source licenses, for example, you can include it to GNU GPL or GNU LGPL code.\n\n",
  "name": "LZMA SDK License (versions 9.22 and beyond)",
  "licenseComments": "The license text currently displayed on the 7-zip SDK website is not the same as any of the lzma.txt file in the root folders of the .tar.bz SDK distributions (versions 922 and below) that are hosted on SourceForge, nor is it the same as the .7z distributions (versions 935 and above) which shifted the license text to DOC\\lzma-sdk.txt. This license applies to versions 9.22 and above.",
  "comment": "The license text currently displayed on the 7-zip SDK website is not the same as any of the lzma.txt file in the root folders of the .tar.bz SDK distributions (versions 922 and below) that are hosted on SourceForge, nor is it the same as the .7z distributions (versions 935 and above) which shifted the license text to DOC\\lzma-sdk.txt. This license applies to versions 9.22 and above.",
  "licenseId": "LZMA-SDK-9.22",
  "crossRef": [
    {
      "match": "false",
      "url": "https://www.7-zip.org/sdk.html",
      "isValid": true,
      "isLive": true,
      "timestamp": "2025-07-01T15:01:00Z",
      "isWayBackLink": false,
      "order": 0
    },
    {
      "match": "N/A",
      "url": "https://sourceforge.net/projects/sevenzip/files/LZMA%20SDK/",
      "isValid": true,
      "isLive": false,
      "timestamp": "2025-07-01T15:01:00Z",
      "isWayBackLink": false,
      "order": 1
    }
  ],
  "seeAlso": [
    "https://www.7-zip.org/sdk.html",
    "https://sourceforge.net/projects/sevenzip/files/LZMA%20SDK/"
  ],
  "isOsiApproved": false,
  "licenseTextHtml": "\n         \u003cdiv class\u003d\"optional-license-text\"\u003e \n         \u003cp\u003e\n          LICENSE\n         \u003c/p\u003e\n\n         \u003cp\u003e\n          -------\n         \u003c/p\u003e\n\n         \u003c/div\u003e\n        \u003cp\u003e\n          LZMA SDK is written and placed in the public domain by Igor Pavlov.\n        \u003c/p\u003e\n\n        \u003cp\u003e\n          Some code in LZMA SDK is based on public domain code from another developers:\n            1) PPMd var.H (2001): Dmitry Shkarin\n            2) SHA-256: Wei Dai (Crypto++ library)\n         \u003c/p\u003e\n\n         \u003cp\u003e\n          Anyone is free to copy, modify, publish, use, compile, sell, or distribute the\n          original LZMA SDK code, either in source code form or as a compiled binary, for\n          any purpose, commercial or non-commercial, and by any means.\n         \u003c/p\u003e\n\n         \u003cp\u003e\n          LZMA SDK code is compatible with open source licenses, for example, you can\n          include it to GNU GPL or GNU LGPL code.\n         \u003c/p\u003e\n\n      "
}