{
  "isDeprecatedLicenseId": false,
  "licenseText": "Copyright 2001, Patrick TJ McPhee\neveryone is welcome to use this code for any purpose, to modify it, and\nto copy it in whole or in part for use in other macro sets, with the\nconditions that this copyright notice be preserved with any significant\nportion of the code, and that modifications to this file be clearly\nmarked.\n",
  "standardLicenseTemplate": "\u003c\u003cvar;name\u003d\"copyright\";original\u003d\"Copyright 2001, Patrick TJ McPhee\";match\u003d\".{0,5000}\"\u003e\u003e\neveryone is welcome to use this code for any purpose, to modify it, and to copy it in whole or in part for use in other macro sets, with the conditions that this copyright notice be preserved with any significant portion of the code, and that modifications to this file be clearly marked.\n\n",
  "name": "McPhee Slideshow License",
  "licenseId": "McPhee-slideshow",
  "crossRef": [
    {
      "match": "false",
      "url": "https://mirror.las.iastate.edu/tex-archive/graphics/metapost/contrib/macros/slideshow/slideshow.mp",
      "isValid": true,
      "isLive": true,
      "timestamp": "2025-07-01T15:00:42Z",
      "isWayBackLink": false,
      "order": 0
    }
  ],
  "seeAlso": [
    "https://mirror.las.iastate.edu/tex-archive/graphics/metapost/contrib/macros/slideshow/slideshow.mp"
  ],
  "isOsiApproved": false,
  "licenseTextHtml": "\n         \u003cvar class\u003d\"replaceable-license-text\"\u003e\u003cspan title\u003d\"can be replaced with the pattern .{0,5000}\"\u003e \n           Copyright 2001, Patrick TJ McPhee\n         \u003c/span\u003e\u003c/var\u003e\n         \u003cp\u003e\n                everyone is welcome to use this code for any purpose, to modify\n                it, and to copy it in whole or in part for use in other macro\n                sets, with the conditions that this copyright notice\n                be preserved with any significant portion of the code,\n                and that modifications to this file be clearly marked.\n         \u003c/p\u003e\n\n      "
}