{
  "isDeprecatedLicenseId": false,
  "licenseText": "\u003ccopyright notice\u003e\n\nBy obtaining, using, and/or copying this software and/or its associated documentation, you agree that you have read, understood, and will comply with the following terms and conditions:\n\nPermission to use, copy, modify, and distribute this software and its associated documentation for any purpose and without fee is hereby granted, provided that the above copyright notice appears in all copies, and that both that copyright notice and this permission notice appear in supporting documentation, and that the name of the copyright holder not be used in advertising or publicity pertaining to distribution of the software without specific, written prior permission.\n\nTHE COPYRIGHT HOLDER DISCLAIM ALL WARRANTIES WITH REGARD TO THIS SOFTWARE, INCLUDING ALL IMPLIED WARRANTIES OF MERCHANTABILITY AND FITNESS. IN NO EVENT SHALL THE COPYRIGHT HOLDER BE LIABLE FOR ANY SPECIAL, INDIRECT OR CONSEQUENTIAL DAMAGES OR ANY DAMAGES WHATSOEVER RESULTING FROM THE LOSS OF USE, DATA OR PROFITS, WHETHER IN AN ACTION OF CONTRACT, NEGLIGENCE OR OTHER TORTIOUS ACTION, ARISING OUT OF OR IN CONNECTION WITH THE USE OR PERFORMANCE OF THIS SOFTWARE.\n",
  "standardLicenseTemplate": "\u003c\u003cvar;name\u003d\"copyright\";original\u003d\"\u003ccopyright notice\u003e  \";match\u003d\".{0,5000}\"\u003e\u003e\u003c\u003cbeginOptional\u003e\u003e By obtaining, using, and/or copying this software and/or its associated documentation, you agree that you have read, understood, and will comply with the following terms and conditions:\u003c\u003cendOptional\u003e\u003e\nPermission to use, copy, modify\u003c\u003cbeginOptional\u003e\u003e, \u003c\u003cendOptional\u003e\u003e and distribute this software and its\u003c\u003cbeginOptional\u003e\u003e associated\u003c\u003cendOptional\u003e\u003e documentation for any purpose and without fee is hereby granted, provided that the above copyright notice appears in all copies\u003c\u003cbeginOptional\u003e\u003e, \u003c\u003cendOptional\u003e\u003e and that both that copyright notice and this permission notice appear in supporting documentation, and that the name of \u003c\u003cvar;name\u003d\"copyrightHolder1\";original\u003d\"the copyright holder\";match\u003d\".+\"\u003e\u003e not be used in advertising or publicity pertaining to distribution of the software without specific\u003c\u003cbeginOptional\u003e\u003e, \u003c\u003cendOptional\u003e\u003e written\u003c\u003cbeginOptional\u003e\u003e prior\u003c\u003cendOptional\u003e\u003e permission.\n\n\u003c\u003cvar;name\u003d\"copyrightHolder2\";original\u003d\"THE COPYRIGHT HOLDER\";match\u003d\".+\"\u003e\u003e \u003c\u003cvar;name\u003d\"disclaim\";original\u003d\"DISCLAIM\";match\u003d\"DISCLAIM(S)?\"\u003e\u003e ALL WARRANTIES WITH REGARD TO THIS SOFTWARE, INCLUDING ALL IMPLIED WARRANTIES OF MERCHANTABILITY AND FITNESS. IN NO EVENT SHALL \u003c\u003cvar;name\u003d\"copyrightHolder3\";original\u003d\"THE COPYRIGHT HOLDER\";match\u003d\".+\"\u003e\u003e BE LIABLE FOR ANY SPECIAL, INDIRECT OR CONSEQUENTIAL DAMAGES OR ANY DAMAGES WHATSOEVER RESULTING FROM\u003c\u003cbeginOptional\u003e\u003e THE\u003c\u003cendOptional\u003e\u003e LOSS OF USE, DATA OR PROFITS, WHETHER IN AN ACTION OF CONTRACT, NEGLIGENCE OR OTHER TORTIOUS ACTION, ARISING OUT OF OR IN CONNECTION WITH THE USE OR PERFORMANCE OF THIS SOFTWARE.\n\n",
  "name": "CMU License",
  "licenseId": "MIT-CMU",
  "crossRef": [
    {
      "match": "false",
      "url": "https://github.com/python-pillow/Pillow/blob/fffb426092c8db24a5f4b6df243a8a3c01fb63cd/LICENSE",
      "isValid": true,
      "isLive": true,
      "timestamp": "2025-07-01T14:56:45Z",
      "isWayBackLink": false,
      "order": 1
    },
    {
      "match": "false",
      "url": "https://fedoraproject.org/wiki/Licensing:MIT?rd\u003dLicensing/MIT#CMU_Style",
      "isValid": true,
      "isLive": true,
      "timestamp": "2025-07-01T14:56:46Z",
      "isWayBackLink": false,
      "order": 0
    }
  ],
  "seeAlso": [
    "https://fedoraproject.org/wiki/Licensing:MIT?rd\u003dLicensing/MIT#CMU_Style",
    "https://github.com/python-pillow/Pillow/blob/fffb426092c8db24a5f4b6df243a8a3c01fb63cd/LICENSE"
  ],
  "isOsiApproved": false,
  "licenseTextHtml": "\n      \u003cdiv class\u003d\"replaceable-license-text\"\u003e\u003cspan title\u003d\"can be replaced with the pattern .{0,5000}\"\u003e \n         \u003cp\u003e\u0026lt;copyright notice\u0026gt;\u003c/p\u003e\n\n      \u003c/span\u003e\u003c/div\u003e\n\n      \u003cvar class\u003d\"optional-license-text\"\u003e By obtaining, using, and/or copying this software and/or its associated documentation, you agree that\n      you have read, understood, and will comply with the following terms and conditions:\u003c/var\u003e\n\n      \u003cp\u003ePermission to use, copy, modify\u003cvar class\u003d\"optional-license-text\"\u003e, \u003c/var\u003e and distribute this software and its \u003cvar class\u003d\"optional-license-text\"\u003e associated\u003c/var\u003e documentation for any purpose and\n         without fee is hereby granted, provided that the above copyright notice appears in all copies\u003cvar class\u003d\"optional-license-text\"\u003e, \u003c/var\u003e and that\n         both that copyright notice and this permission notice appear in supporting documentation, and that the\n         name of \u003cvar class\u003d\"replaceable-license-text\"\u003e\u003cspan title\u003d\"can be replaced with the pattern .+\"\u003e the copyright holder\u003c/span\u003e\u003c/var\u003e not be used in advertising or publicity\n         pertaining to distribution of the software without specific\u003cvar class\u003d\"optional-license-text\"\u003e, \u003c/var\u003e written \u003cvar class\u003d\"optional-license-text\"\u003e prior\u003c/var\u003e permission.\u003c/p\u003e\n\n      \u003cp\u003e\u003cvar class\u003d\"replaceable-license-text\"\u003e\u003cspan title\u003d\"can be replaced with the pattern .+\"\u003e THE COPYRIGHT HOLDER\u003c/span\u003e\u003c/var\u003e \u003cvar class\u003d\"replaceable-license-text\"\u003e\u003cspan title\u003d\"can be replaced with the pattern DISCLAIM(S)?\"\u003e DISCLAIM\u003c/span\u003e\u003c/var\u003e ALL WARRANTIES WITH REGARD TO THIS SOFTWARE,\n         INCLUDING ALL IMPLIED WARRANTIES OF MERCHANTABILITY AND FITNESS. IN NO EVENT SHALL \u003cvar class\u003d\"replaceable-license-text\"\u003e\u003cspan title\u003d\"can be replaced with the pattern .+\"\u003e THE COPYRIGHT HOLDER\u003c/span\u003e\u003c/var\u003e BE LIABLE FOR ANY SPECIAL, INDIRECT OR CONSEQUENTIAL DAMAGES OR ANY\n         DAMAGES WHATSOEVER RESULTING FROM \u003cvar class\u003d\"optional-license-text\"\u003e THE\u003c/var\u003e LOSS OF USE, DATA OR PROFITS, WHETHER IN AN ACTION OF CONTRACT,\n         NEGLIGENCE OR OTHER TORTIOUS ACTION, ARISING OUT OF OR IN CONNECTION WITH THE USE OR PERFORMANCE OF\n         THIS SOFTWARE.\u003c/p\u003e\n\n    "
}