{
  "isDeprecatedLicenseId": false,
  "licenseText": "This is APREAMBL.TEX, version 1.10e, written by Hans-Hermann Bode\n(HHBODE@DOSUNI1.BITNET), for the BibTeX `adaptable\u0027 family, version 1.10.\nSee the file APREAMBL.DOC for a detailed documentation.\n\nThis program is distributed WITHOUT ANY WARRANTY, express or implied.\n\nCopyright (C) 1991, 1992 Hans-Hermann Bode\n\nPermission is granted to make and distribute verbatim copies of this  document provided that the copyright notice and this permission notice are preserved on all copies.\n\nPermission is granted to copy and distribute modified versions of this document under the conditions for verbatim copying, provided that the entire resulting derived work is distributed under the terms of a permission notice identical to this one.\n",
  "standardLicenseTemplate": "\u003c\u003cbeginOptional\u003e\u003eThis is APREAMBL.TEX, version 1.10e, written by Hans-Hermann Bode\n\n(HHBODE@DOSUNI1.BITNET), for the BibTeX `adaptable\u0027 family, version 1.10.\n\nSee the file APREAMBL.DOC for a detailed documentation.\n\n\u003c\u003cendOptional\u003e\u003e\n\nThis program is distributed WITHOUT ANY WARRANTY, express or implied.\n\nCopyright (C) 1991, 1992 Hans-Hermann Bode\n\nPermission is granted to make and distribute verbatim copies of this document provided that the copyright notice and this permission notice are preserved on all copies.\n\nPermission is granted to copy and distribute modified versions of this document under the conditions for verbatim copying, provided that the entire resulting derived work is distributed under the terms of a permission notice identical to this one.\n\n",
  "name": "Abstyles License",
  "licenseId": "Abstyles",
  "crossRef": [
    {
      "match": "false",
      "url": "https://fedoraproject.org/wiki/Licensing/Abstyles",
      "isValid": true,
      "isLive": true,
      "timestamp": "2023-06-18T16:35:33Z",
      "isWayBackLink": false,
      "order": 0
    }
  ],
  "seeAlso": [
    "https://fedoraproject.org/wiki/Licensing/Abstyles"
  ],
  "isOsiApproved": false,
  "licenseTextHtml": "\n      \u003cdiv class\u003d\"optional-license-text\"\u003e \n         \u003cp\u003eThis is APREAMBL.TEX, version 1.10e, written by Hans-Hermann Bode\n        \u003cbr /\u003e\n\n(HHBODE@DOSUNI1.BITNET), for the BibTeX `adaptable\u0026apos; family, version 1.10.\n        \u003cbr /\u003e\n\nSee the file APREAMBL.DOC for a detailed documentation.\n      \u003c/p\u003e\n\n      \u003c/div\u003e\n\n      \u003cp\u003eThis program is distributed WITHOUT ANY WARRANTY, express or implied.\u003c/p\u003e\n\n      \u003cp\u003eCopyright (C) 1991, 1992 Hans-Hermann Bode\u003c/p\u003e\n\n      \u003cp\u003ePermission is granted to make and distribute verbatim copies of this document provided that the copyright\n         notice and this permission notice are preserved on all copies.\u003c/p\u003e\n\n      \u003cp\u003ePermission is granted to copy and distribute modified versions of this document under the conditions for\n         verbatim copying, provided that the entire resulting derived work is distributed under the terms of a\n         permission notice identical to this one.\u003c/p\u003e\n\n    "
}