{
  "isDeprecatedLicenseId": false,
  "licenseText": "(C) 1988, 1989 by Adobe Systems Incorporated. All rights reserved.\n\nThis file may be freely copied and redistributed as long as:\n\n     1) This entire notice continues to be included in the file,\n     2) If the file has been modified in any way, a notice of such modification is conspicuously indicated.\n\nPostScript, Display PostScript,and Adobe are registered trademarks of Adobe Systems Incorporated.\n\nTHE INFORMATION BELOW IS FURNISHED AS IS, IS SUBJECT TO CHANGE WITHOUT NOTICE, AND SHOULD NOT BE CONSTRUED AS A COMMITMENT BY ADOBE SYSTEMS INCORPORATED. ADOBE SYSTEMS INCORPORATED ASSUMES NO RESPONSIBILITY OR LIABILITY FOR ANY ERRORS OR INACCURACIES, MAKES NO WARRANTY OF ANY KIND (EXPRESS, IMPLIED OR STATUTORY) WITH RESPECT TO THIS INFORMATION, AND EXPRESSLY DISCLAIMS ANY AND ALL WARRANTIES OF MERCHANTABILITY, FITNESS FOR PARTICULAR PURPOSES AND NONINFRINGEMENT OF THIRD PARTY RIGHTS.\n",
  "standardLicenseTemplate": "\u003c\u003cvar;name\u003d\"copyright\";original\u003d\"(C) 1988, 1989 by Adobe Systems Incorporated. All rights reserved.  \";match\u003d\".{0,5000}\"\u003e\u003e\n\nThis file may be freely copied and redistributed as long as:\n\n   \u003c\u003cvar;name\u003d\"bullet\";original\u003d\"1)\";match\u003d\".{0,20}\"\u003e\u003e This entire notice continues to be included in the file,\n\n   \u003c\u003cvar;name\u003d\"bullet\";original\u003d\"2)\";match\u003d\".{0,20}\"\u003e\u003e If the file has been modified in any way, a notice of such modification is conspicuously indicated.\n\nPostScript, Display PostScript, and Adobe are registered trademarks of Adobe Systems Incorporated.\n\nTHE INFORMATION BELOW IS FURNISHED AS IS, IS SUBJECT TO CHANGE WITHOUT NOTICE, AND SHOULD NOT BE CONSTRUED AS A COMMITMENT BY ADOBE SYSTEMS INCORPORATED. ADOBE SYSTEMS INCORPORATED ASSUMES NO RESPONSIBILITY OR LIABILITY FOR ANY ERRORS OR INACCURACIES, MAKES NO WARRANTY OF ANY KIND (EXPRESS, IMPLIED OR STATUTORY) WITH RESPECT TO THIS INFORMATION, AND EXPRESSLY DISCLAIMS ANY AND ALL WARRANTIES OF MERCHANTABILITY, FITNESS FOR PARTICULAR PURPOSES AND NONINFRINGEMENT OF THIRD PARTY RIGHTS.\n\n",
  "name": "Afmparse License",
  "licenseId": "Afmparse",
  "crossRef": [
    {
      "match": "false",
      "url": "https://fedoraproject.org/wiki/Licensing/Afmparse",
      "isValid": true,
      "isLive": true,
      "timestamp": "2023-06-18T16:36:22Z",
      "isWayBackLink": false,
      "order": 0
    }
  ],
  "seeAlso": [
    "https://fedoraproject.org/wiki/Licensing/Afmparse"
  ],
  "isOsiApproved": false,
  "licenseTextHtml": "\n      \u003cdiv class\u003d\"replaceable-license-text\"\u003e \n         \u003cp\u003e(C) 1988, 1989 by Adobe Systems Incorporated. All rights reserved.\u003c/p\u003e\n\n      \u003c/div\u003e\n\n      \u003cp\u003eThis file may be freely copied and redistributed as long as:\u003c/p\u003e\n\n\u003cul style\u003d\"list-style:none\"\u003e\n        \n\u003cli\u003e\n            \u003cvar class\u003d\"replaceable-license-text\"\u003e 1)\u003c/var\u003e\n          This entire notice continues to be included in the file,\n        \u003c/li\u003e\n        \n\u003cli\u003e\n            \u003cvar class\u003d\"replaceable-license-text\"\u003e 2)\u003c/var\u003e\n          If the file has been modified in any way, a notice of such modification is conspicuously indicated.\n        \u003c/li\u003e\n      \n\u003c/ul\u003e\n      \u003cp\u003ePostScript, Display PostScript, and Adobe are registered trademarks of Adobe Systems Incorporated.\u003c/p\u003e\n\n      \u003cp\u003eTHE INFORMATION BELOW IS FURNISHED AS IS, IS SUBJECT TO CHANGE WITHOUT NOTICE, AND SHOULD NOT BE\n         CONSTRUED AS A COMMITMENT BY ADOBE SYSTEMS INCORPORATED. ADOBE SYSTEMS INCORPORATED ASSUMES NO\n         RESPONSIBILITY OR LIABILITY FOR ANY ERRORS OR INACCURACIES, MAKES NO WARRANTY OF ANY KIND (EXPRESS,\n         IMPLIED OR STATUTORY) WITH RESPECT TO THIS INFORMATION, AND EXPRESSLY DISCLAIMS ANY AND ALL WARRANTIES\n         OF MERCHANTABILITY, FITNESS FOR PARTICULAR PURPOSES AND NONINFRINGEMENT OF THIRD PARTY RIGHTS.\u003c/p\u003e\n\n    "
}