{
  "isDeprecatedLicenseId": false,
  "licenseText": "ANTLR 2 License\n\nWe reserve no legal rights to the ANTLR--it is fully in the public domain. An individual or company may do whatever they wish with source code distributed with ANTLR or the code generated by ANTLR, including the incorporation of ANTLR, or its output, into commerical software.\n\nWe encourage users to develop software with ANTLR. However, we do ask that credit is given to us for developing ANTLR. By \"credit\", we mean that if you use ANTLR or incorporate any source code into one of your programs (commercial product, research project, or otherwise) that you acknowledge this fact somewhere in the documentation, research report, etc... If you like ANTLR and have developed a nice tool with the output, please mention that you developed it using ANTLR. In addition, we ask that the headers remain intact in our source code. As long as these guidelines are kept, we expect to continue enhancing this system and expect to make other tools available as they are completed.\n",
  "standardLicenseTemplate": "\u003c\u003cbeginOptional\u003e\u003eANTLR 2 License\n\n\u003c\u003cendOptional\u003e\u003e\n\nWe reserve no legal rights to the ANTLR--it is fully in the public domain. An individual or company may do whatever they wish with source code distributed with ANTLR or the code generated by ANTLR, including the incorporation of ANTLR, or its output, into commerical software.\n\nWe encourage users to develop software with ANTLR. However, we do ask that credit is given to us for developing ANTLR. By \"credit\", we mean that if you use ANTLR or incorporate any source code into one of your programs (commercial product, research project, or otherwise) that you acknowledge this fact somewhere in the documentation, research report, etc... If you like ANTLR and have developed a nice tool with the output, please mention that you developed it using ANTLR. In addition, we ask that the headers remain intact in our source code. As long as these guidelines are kept, we expect to continue enhancing this system and expect to make other tools available as they are completed.\n\n",
  "name": "ANTLR Software Rights Notice",
  "licenseComments": "ANTLR used this public domain notice through version 2.7 and then switched to a BSD license for version 3.0 and later.",
  "licenseId": "ANTLR-PD",
  "crossRef": [
    {
      "match": "true",
      "url": "http://www.antlr2.org/license.html",
      "isValid": true,
      "isLive": true,
      "timestamp": "2023-06-18T16:47:37Z",
      "isWayBackLink": false,
      "order": 0
    }
  ],
  "seeAlso": [
    "http://www.antlr2.org/license.html"
  ],
  "isOsiApproved": false,
  "licenseTextHtml": "\n      \u003cdiv class\u003d\"optional-license-text\"\u003e \n         \u003cp\u003eANTLR 2 License\u003c/p\u003e\n\n      \u003c/div\u003e\n\n      \u003cp\u003eWe reserve no legal rights to the ANTLR--it is fully in the public domain. An individual or company may\n         do whatever they wish with source code distributed with ANTLR or the code generated by ANTLR,\n         including the incorporation of ANTLR, or its output, into commerical software.\u003c/p\u003e\n\n      \u003cp\u003eWe encourage users to develop software with ANTLR. However, we do ask that credit is given to us for\n         developing ANTLR. By \u0026quot;credit\u0026quot;, we mean that if you use ANTLR or incorporate any source code into one\n         of your programs (commercial product, research project, or otherwise) that you acknowledge this fact\n         somewhere in the documentation, research report, etc... If you like ANTLR and have developed a nice\n         tool with the output, please mention that you developed it using ANTLR. In addition, we ask that the\n         headers remain intact in our source code. As long as these guidelines are kept, we expect to continue\n         enhancing this system and expect to make other tools available as they are completed.\u003c/p\u003e\n\n    "
}