{
  "isDeprecatedLicenseId": false,
  "licenseText": "Copyright (c) \u003cyear\u003e \u003cowner\u003e. All rights reserved.\n\nRedistribution and use in source and binary forms, with or without modification, are permitted provided that the following conditions are met:\n\n1. Redistributions of source code must retain the above copyright notice, this list of conditions and the following disclaimer.\n\nTHIS SOFTWARE IS PROVIDED BY THE COPYRIGHT HOLDERS AND CONTRIBUTORS ``AS IS\u0027\u0027 AND ANY EXPRESS OR IMPLIED WARRANTIES, INCLUDING, BUT NOT LIMITED TO, THE IMPLIED WARRANTIES OF MERCHANTABILITY AND FITNESS FOR A PARTICULAR PURPOSE ARE DISCLAIMED.  IN NO EVENT SHALL THE COPYRIGHT HOLDERS AND CONTRIBUTORS BE LIABLE FOR ANY DIRECT, INDIRECT, INCIDENTAL, SPECIAL, EXEMPLARY, OR CONSEQUENTIAL DAMAGES (INCLUDING, BUT NOT LIMITED TO, PROCUREMENT OF SUBSTITUTE GOODS OR SERVICES; LOSS OF USE, DATA, OR PROFITS; OR BUSINESS INTERRUPTION) HOWEVER CAUSED AND ON ANY THEORY OF LIABILITY, WHETHER IN CONTRACT, STRICT LIABILITY, OR TORT (INCLUDING NEGLIGENCE OR OTHERWISE) ARISING IN ANY WAY OUT OF THE USE OF THIS SOFTWARE, EVEN IF ADVISED OF THE POSSIBILITY OF SUCH DAMAGE.\n",
  "standardLicenseTemplate": "\u003c\u003cvar;name\u003d\"copyright\";original\u003d\"Copyright (c) \u003cyear\u003e \u003cowner\u003e All rights reserved.  \";match\u003d\".{0,5000}\"\u003e\u003e\n\nRedistribution and use in source and binary forms, with or without modification, are permitted provided that the following conditions are met:\n\n   \u003c\u003cvar;name\u003d\"bullet\";original\u003d\"1.\";match\u003d\".{0,20}\"\u003e\u003e Redistributions of source code must retain the above copyright notice, this list of conditions and the following disclaimer.\n\nTHIS SOFTWARE IS PROVIDED BY \u003c\u003cvar;name\u003d\"copyrightHolderAsIs\";original\u003d\"THE COPYRIGHT HOLDERS AND CONTRIBUTORS\";match\u003d\".+\"\u003e\u003e \"AS IS\" AND ANY \u003c\u003cvar;name\u003d\"express\";original\u003d\"EXPRESS\";match\u003d\"EXPRESS(ED)?\"\u003e\u003e OR IMPLIED WARRANTIES, INCLUDING, BUT NOT LIMITED TO, THE IMPLIED WARRANTIES OF MERCHANTABILITY AND FITNESS FOR A PARTICULAR PURPOSE ARE DISCLAIMED. IN NO EVENT SHALL \u003c\u003cvar;name\u003d\"copyrightHolderLiability\";original\u003d\"THE COPYRIGHT HOLDERS AND CONTRIBUTORS\";match\u003d\".+\"\u003e\u003e BE LIABLE FOR ANY DIRECT, INDIRECT, INCIDENTAL, SPECIAL, EXEMPLARY, OR CONSEQUENTIAL DAMAGES (INCLUDING, BUT NOT LIMITED TO, PROCUREMENT OF SUBSTITUTE GOODS OR SERVICES; LOSS OF USE, DATA, OR PROFITS; OR BUSINESS INTERRUPTION) HOWEVER CAUSED AND ON ANY THEORY OF LIABILITY, WHETHER IN CONTRACT, STRICT LIABILITY, OR TORT (INCLUDING NEGLIGENCE OR OTHERWISE) ARISING IN ANY WAY OUT OF THE USE OF THIS SOFTWARE, EVEN IF ADVISED OF THE POSSIBILITY OF SUCH DAMAGE.\n\n",
  "name": "BSD 1-Clause License",
  "licenseId": "BSD-1-Clause",
  "crossRef": [
    {
      "match": "false",
      "url": "https://svnweb.freebsd.org/base/head/include/ifaddrs.h?revision\u003d326823",
      "isValid": true,
      "isLive": true,
      "timestamp": "2023-06-18T16:37:37Z",
      "isWayBackLink": false,
      "order": 0
    }
  ],
  "seeAlso": [
    "https://svnweb.freebsd.org/base/head/include/ifaddrs.h?revision\u003d326823"
  ],
  "isOsiApproved": true,
  "licenseTextHtml": "\n    \u003cdiv class\u003d\"replaceable-license-text\"\u003e \n      \u003cp\u003e\n        Copyright (c) \u0026lt;year\u0026gt; \u0026lt;owner\u0026gt; All rights reserved.\n      \u003c/p\u003e\n\n    \u003c/div\u003e\n    \u003cp\u003e\n      Redistribution and use in source and binary\n      forms, with or without modification, are permitted\n      provided that the following conditions are met:\n    \u003c/p\u003e\n\n\u003cul style\u003d\"list-style:none\"\u003e\n      \n\u003cli\u003e\n        \u003cvar class\u003d\"replaceable-license-text\"\u003e 1.\u003c/var\u003e\n        Redistributions of source code must retain the above copyright\n        notice, this list of conditions and the following disclaimer.\n      \u003c/li\u003e\n    \n\u003c/ul\u003e\n    \u003cp\u003e\n      THIS SOFTWARE IS PROVIDED BY \u003cvar class\u003d\"replaceable-license-text\"\u003e THE COPYRIGHT HOLDERS AND CONTRIBUTORS\u003c/var\u003e\n      \u0026quot;AS IS\u0026quot; AND ANY\u003cvar class\u003d\"replaceable-license-text\"\u003e EXPRESS\u003c/var\u003e\n      OR IMPLIED WARRANTIES, INCLUDING, BUT NOT LIMITED TO, THE IMPLIED\n      WARRANTIES OF MERCHANTABILITY AND FITNESS FOR A PARTICULAR PURPOSE\n      ARE DISCLAIMED. IN NO EVENT SHALL\u003cvar class\u003d\"replaceable-license-text\"\u003e THE COPYRIGHT HOLDERS AND CONTRIBUTORS\u003c/var\u003e\n      BE LIABLE FOR ANY DIRECT, INDIRECT, INCIDENTAL, SPECIAL, EXEMPLARY,\n      OR CONSEQUENTIAL DAMAGES (INCLUDING, BUT NOT LIMITED TO, PROCUREMENT\n      OF SUBSTITUTE GOODS OR SERVICES; LOSS OF USE, DATA, OR PROFITS;\n      OR BUSINESS INTERRUPTION) HOWEVER CAUSED AND ON ANY THEORY OF\n      LIABILITY, WHETHER IN CONTRACT, STRICT LIABILITY, OR TORT (INCLUDING\n      NEGLIGENCE OR OTHERWISE) ARISING IN ANY WAY OUT OF THE USE OF\n      THIS SOFTWARE, EVEN IF ADVISED OF THE POSSIBILITY OF SUCH DAMAGE.\n    \u003c/p\u003e\n\n    "
}