{
  "isDeprecatedLicenseId": false,
  "licenseText": "Copyright (C) 1995 by Donald Arseneau\n\nThis file may be freely transmitted and reproduced, but it may not be changed unless the name is changed also (except that you may freely change the paper-size option for \\documentclass).\n\nThis notice must be left intact.\n",
  "standardLicenseTemplate": "\u003c\u003cvar;name\u003d\"copyright\";original\u003d\"Copyright (C) 1995 by Donald Arseneau  \";match\u003d\".{0,5000}\"\u003e\u003e\n\nThis file may be freely transmitted and reproduced, but it may not be changed unless the name is changed also (except that you may freely change the paper-size option for \\documentclass).\n\nThis notice must be left intact.\n\n",
  "name": "Dotseqn License",
  "licenseId": "Dotseqn",
  "crossRef": [
    {
      "match": "false",
      "url": "https://fedoraproject.org/wiki/Licensing/Dotseqn",
      "isValid": true,
      "isLive": true,
      "timestamp": "2023-06-18T16:36:10Z",
      "isWayBackLink": false,
      "order": 0
    }
  ],
  "seeAlso": [
    "https://fedoraproject.org/wiki/Licensing/Dotseqn"
  ],
  "isOsiApproved": false,
  "licenseTextHtml": "\n      \u003cdiv class\u003d\"replaceable-license-text\"\u003e \n         \u003cp\u003eCopyright (C) 1995 by Donald Arseneau\u003c/p\u003e\n\n      \u003c/div\u003e\n\n      \u003cp\u003eThis file may be freely transmitted and reproduced, but it may not be changed unless the name is changed\n         also (except that you may freely change the paper-size option for \\documentclass).\u003c/p\u003e\n\n      \u003cp\u003eThis notice must be left intact.\u003c/p\u003e\n\n    "
}