{
  "isDeprecatedLicenseId": false,
  "licenseText": "The Educational Community License\n\nThis Educational Community License (the \"License\") applies to any original work of authorship (the \"Original Work\") whose owner (the \"Licensor\") has placed the following notice immediately following the copyright notice for the Original Work:\n\n     Copyright (c) \u003cyear\u003e \u003ccopyright holders\u003e\n\n     Licensed under the Educational Community License version 1.0\n\nThis Original Work, including software, source code, documents, or other related items, is being provided by the copyright holder(s) subject to the terms of the Educational Community License. By obtaining, using and/or copying this Original Work, you agree that you have read, understand, and will comply with the following terms and conditions of the Educational Community License:\n\nPermission to use, copy, modify, merge, publish, distribute, and sublicense this Original Work and its documentation, with or without modification, for any purpose, and without fee or royalty to the copyright holder(s) is hereby granted, provided that you include the following on ALL copies of the Original Work or portions thereof, including modifications or derivatives, that you make:\n\n     The full text of the Educational Community License in a location viewable to users of the redistributed or derivative work.\n\n     Any pre-existing intellectual property disclaimers, notices, or terms and conditions.\n\n     Notice of any changes or modifications to the Original Work, including the date the changes were made.\n\n     Any modifications of the Original Work must be distributed in such a manner as to avoid any confusion with the Original Work of the copyright holders.\n\nTHE SOFTWARE IS PROVIDED \"AS IS\", WITHOUT WARRANTY OF ANY KIND, EXPRESS OR IMPLIED, INCLUDING BUT NOT LIMITED TO THE WARRANTIES OF MERCHANTABILITY, FITNESS FOR A PARTICULAR PURPOSE AND NONINFRINGEMENT. IN NO EVENT SHALL THE AUTHORS OR COPYRIGHT HOLDERS BE LIABLE FOR ANY CLAIM, DAMAGES OR OTHER LIABILITY, WHETHER IN AN ACTION OF CONTRACT, TORT OR OTHERWISE, ARISING FROM, OUT OF OR IN CONNECTION WITH THE SOFTWARE OR THE USE OR OTHER DEALINGS IN THE SOFTWARE.\n\nThe name and trademarks of copyright holder(s) may NOT be used in advertising or publicity pertaining to the Original or Derivative Works without specific, written prior permission. Title to copyright in the Original Work and any associated documentation will at all times remain with the copyright holders.\n",
  "standardLicenseHeaderTemplate": "Copyright (c) \u003c\u003cvar;name\u003d\"copyright\";original\u003d\"\u003cyear\u003e \u003ccopyright holders\u003e\";match\u003d\".+\"\u003e\u003e\n\nLicensed under the Educational Community License version 1.0\n\n",
  "standardLicenseTemplate": "\u003c\u003cbeginOptional\u003e\u003eThe Educational Community License\n\n\u003c\u003cendOptional\u003e\u003e\n\nThis Educational Community License (the \"License\") applies to any original work of authorship (the \"Original Work\") whose owner (the \"Licensor\") has placed the following notice immediately following the copyright notice for the Original Work:\n\nCopyright (c) \u003c\u003cvar;name\u003d\"copyright\";original\u003d\"\u003cyear\u003e \u003ccopyright holders\u003e\";match\u003d\".+\"\u003e\u003e\n\nLicensed under the Educational Community License version 1.0\n\nThis Original Work, including software, source code, documents, or other related items, is being provided by the copyright holder(s) subject to the terms of the Educational Community License. By obtaining, using and/or copying this Original Work, you agree that you have read, understand, and will comply with the following terms and conditions of the Educational Community License:\n\nPermission to use, copy, modify, merge, publish, distribute, and sublicense this Original Work and its documentation, with or without modification, for any purpose, and without fee or royalty to the copyright holder(s) is hereby granted, provided that you include the following on ALL copies of the Original Work or portions thereof, including modifications or derivatives, that you make:\n\nThe full text of the Educational Community License in a location viewable to users of the redistributed or derivative work.\n\nAny pre-existing intellectual property disclaimers, notices, or terms and conditions.\n\nNotice of any changes or modifications to the Original Work, including the date the changes were made.\n\nAny modifications of the Original Work must be distributed in such a manner as to avoid any confusion with the Original Work of the copyright holders.\n\nTHE SOFTWARE IS PROVIDED \"AS IS\", WITHOUT WARRANTY OF ANY KIND, EXPRESS OR IMPLIED, INCLUDING BUT NOT LIMITED TO THE WARRANTIES OF MERCHANTABILITY, FITNESS FOR A PARTICULAR PURPOSE AND NONINFRINGEMENT. IN NO EVENT SHALL THE AUTHORS OR COPYRIGHT HOLDERS BE LIABLE FOR ANY CLAIM, DAMAGES OR OTHER LIABILITY, WHETHER IN AN ACTION OF CONTRACT, TORT OR OTHERWISE, ARISING FROM, OUT OF OR IN CONNECTION WITH THE SOFTWARE OR THE USE OR OTHER DEALINGS IN THE SOFTWARE.\n\nThe name and trademarks of copyright holder(s) may NOT be used in advertising or publicity pertaining to the Original or Derivative Works without specific, written prior permission. Title to copyright in the Original Work and any associated documentation will at all times remain with the copyright holders.\n\n",
  "name": "Educational Community License v1.0",
  "licenseId": "ECL-1.0",
  "standardLicenseHeader": "Copyright (c) \u003cyear\u003e \u003ccopyright holders\u003e\n\nLicensed under the Educational Community License version 1.0\n\n",
  "crossRef": [
    {
      "match": "N/A",
      "url": "https://opensource.org/licenses/ECL-1.0",
      "isValid": true,
      "isLive": true,
      "timestamp": "2023-06-18T16:39:12Z",
      "isWayBackLink": false,
      "order": 0
    }
  ],
  "seeAlso": [
    "https://opensource.org/licenses/ECL-1.0"
  ],
  "isOsiApproved": true,
  "licenseTextHtml": "\n      \u003cdiv class\u003d\"optional-license-text\"\u003e \n         \u003cp\u003eThe Educational Community License\u003c/p\u003e\n\n      \u003c/div\u003e\n      \u003cp\u003eThis Educational Community License (the \u0026quot;License\u0026quot;) applies to any original work of authorship (the\n         \u0026quot;Original Work\u0026quot;) whose owner (the \u0026quot;Licensor\u0026quot;) has placed the following notice immediately following\n         the copyright notice for the Original Work:\u003c/p\u003e\n\n      \u003cp\u003eCopyright (c)\n        \u003cvar class\u003d\"replaceable-license-text\"\u003e \u0026lt;year\u0026gt; \u0026lt;copyright holders\u0026gt;\u003c/var\u003e\n      \u003c/p\u003e\n\n      \u003cp\u003eLicensed under the Educational Community License version 1.0\u003c/p\u003e\n\n      \u003cp\u003eThis Original Work, including software, source code, documents, or other related items, is being provided\n         by the copyright holder(s) subject to the terms of the Educational Community License. By obtaining,\n         using and/or copying this Original Work, you agree that you have read, understand, and will comply\n         with the following terms and conditions of the Educational Community License:\u003c/p\u003e\n\n      \u003cp\u003ePermission to use, copy, modify, merge, publish, distribute, and sublicense this Original Work and its\n         documentation, with or without modification, for any purpose, and without fee or royalty to the\n         copyright holder(s) is hereby granted, provided that you include the following on ALL copies of the\n         Original Work or portions thereof, including modifications or derivatives, that you make:\u003c/p\u003e\n\n      \u003cp\u003eThe full text of the Educational Community License in a location viewable to users of the redistributed\n         or derivative work.\u003c/p\u003e\n\n      \u003cp\u003eAny pre-existing intellectual property disclaimers, notices, or terms and conditions.\u003c/p\u003e\n\n      \u003cp\u003eNotice of any changes or modifications to the Original Work, including the date the changes were made.\u003c/p\u003e\n\n      \u003cp\u003eAny modifications of the Original Work must be distributed in such a manner as to avoid any confusion\n         with the Original Work of the copyright holders.\u003c/p\u003e\n\n      \u003cp\u003eTHE SOFTWARE IS PROVIDED \u0026quot;AS IS\u0026quot;, WITHOUT WARRANTY OF ANY KIND, EXPRESS OR IMPLIED, INCLUDING BUT NOT\n         LIMITED TO THE WARRANTIES OF MERCHANTABILITY, FITNESS FOR A PARTICULAR PURPOSE AND NONINFRINGEMENT. IN\n         NO EVENT SHALL THE AUTHORS OR COPYRIGHT HOLDERS BE LIABLE FOR ANY CLAIM, DAMAGES OR OTHER LIABILITY,\n         WHETHER IN AN ACTION OF CONTRACT, TORT OR OTHERWISE, ARISING FROM, OUT OF OR IN CONNECTION WITH THE\n         SOFTWARE OR THE USE OR OTHER DEALINGS IN THE SOFTWARE.\u003c/p\u003e\n\n      \u003cp\u003eThe name and trademarks of copyright holder(s) may NOT be used in advertising or publicity pertaining to\n         the Original or Derivative Works without specific, written prior permission. Title to copyright in the\n         Original Work and any associated documentation will at all times remain with the copyright\n         holders.\u003c/p\u003e\n\n    ",
  "standardLicenseHeaderHtml": "\n      \u003cp\u003eCopyright (c)\n        \u003cvar class\u003d\"replaceable-license-text\"\u003e \u0026lt;year\u0026gt; \u0026lt;copyright holders\u0026gt;\u003c/var\u003e\n      \u003c/p\u003e\n\n      \u003cp\u003eLicensed under the Educational Community License version 1.0\u003c/p\u003e\n\n      "
}