{
  "isDeprecatedLicenseId": false,
  "isFsfLibre": true,
  "licenseText": "Copying and distribution of this file, with or without modification, are permitted in any medium without royalty provided the copyright notice and this notice are preserved.  This file is offered as-is, without any warranty.\n",
  "standardLicenseTemplate": "Copying and distribution of this file, with or without modification, are permitted in any medium without royalty provided the copyright notice and this notice are preserved. This file is offered as-is, without any warranty.\n\n",
  "name": "FSF All Permissive License",
  "licenseId": "FSFAP",
  "crossRef": [
    {
      "match": "false",
      "url": "https://www.gnu.org/prep/maintain/html_node/License-Notices-for-Other-Files.html",
      "isValid": true,
      "isLive": true,
      "timestamp": "2023-06-18T16:42:30Z",
      "isWayBackLink": false,
      "order": 0
    }
  ],
  "seeAlso": [
    "https://www.gnu.org/prep/maintain/html_node/License-Notices-for-Other-Files.html"
  ],
  "isOsiApproved": false,
  "licenseTextHtml": "\n      \u003cp\u003eCopying and distribution of this file, with or without\n         modification, are permitted in any medium without royalty\n         provided the copyright notice and this notice are preserved.\n         This file is offered as-is, without any warranty.\u003c/p\u003e\n\n    "
}