{
  "isDeprecatedLicenseId": true,
  "licenseText": "insert GPL v2 license text here\n\nAutoconf Exception\n\nAs a special exception, the Free Software Foundation gives unlimited permission to copy, distribute and modify the configure scripts that are the output of Autoconf. You need not follow the terms of the GNU General Public License when using or distributing such scripts, even though portions of the text of Autoconf appear in them. The GNU General Public License (GPL) does govern all other use of the material that constitutes the Autoconf program.\n\nCertain portions of the Autoconf source text are designed to be copied (in certain cases, depending on the input) into the output of Autoconf. We call these the \"data\" portions. The rest of the Autoconf source text consists of comments plus executable code that decides which of the data portions to output in any given case. We call these comments and executable code the \"non-data\" portions. Autoconf never copies any of the non-data portions into its output.\n\nThis special exception to the GPL applies to versions of Autoconf released by the Free Software Foundation. When you make and distribute a modified version of Autoconf, you may extend this special exception to the GPL to apply to your modified version as well, *unless* your modified version has the potential to copy into its output some of the text that was the non-data portion of the version that you started with. (In other words, unless your change moves or copies text from the non-data portions to the data portions.) If your modification has such potential, you must delete any notice of this special exception to the GPL from your modified version.\n\n",
  "standardLicenseTemplate": "insert GPL v2 license text here\n\nAutoconf Exception\n\nAs a special exception, the Free Software Foundation gives unlimited permission to copy, distribute and modify the configure scripts that are the output of Autoconf. You need not follow the terms of the GNU General Public License when using or distributing such scripts, even though portions of the text of Autoconf appear in them. The GNU General Public License (GPL) does govern all other use of the material that constitutes the Autoconf program.\n\nCertain portions of the Autoconf source text are designed to be copied (in certain cases, depending on the input) into the output of Autoconf. We call these the \"data\" portions. The rest of the Autoconf source text consists of comments plus executable code that decides which of the data portions to output in any given case. We call these comments and executable code the \"non-data\" portions. Autoconf never copies any of the non-data portions into its output.\n\nThis special exception to the GPL applies to versions of Autoconf released by the Free Software Foundation. When you make and distribute a modified version of Autoconf, you may extend this special exception to the GPL to apply to your modified version as well, *unless* your modified version has the potential to copy into its output some of the text that was the non-data portion of the version that you started with. (In other words, unless your change moves or copies text from the non-data portions to the data portions.) If your modification has such potential, you must delete any notice of this special exception to the GPL from your modified version.\n\n",
  "name": "GNU General Public License v2.0 w/Autoconf exception",
  "licenseComments": "DEPRECATED: Use license expression including main license, \"WITH\" operator, and identifier: Autoconf-exception-2.0",
  "licenseId": "GPL-2.0-with-autoconf-exception",
  "crossRef": [
    {
      "match": "false",
      "url": "http://ac-archive.sourceforge.net/doc/copyright.html",
      "isValid": true,
      "isLive": true,
      "timestamp": "2023-06-18T16:40:58Z",
      "isWayBackLink": false,
      "order": 0
    }
  ],
  "seeAlso": [
    "http://ac-archive.sourceforge.net/doc/copyright.html"
  ],
  "isOsiApproved": false,
  "licenseTextHtml": "\n\t     \u003cp\u003einsert GPL v2 license text here\u003c/p\u003e\n\n\t     \u003cp\u003eAutoconf Exception\u003c/p\u003e\n\n\t     \u003cp\u003eAs a special exception, the Free Software Foundation gives unlimited permission to copy, distribute and modify the configure scripts that are the output of Autoconf. You need not follow the terms of the GNU General Public License when using or distributing such scripts, even though portions of the text of Autoconf appear in them. The GNU General Public License (GPL) does govern all other use of the material that constitutes the Autoconf program.\u003c/p\u003e\n\n\t     \u003cp\u003eCertain portions of the Autoconf source text are designed to be copied (in certain cases, depending on the input) into the output of Autoconf. We call these the \u0026quot;data\u0026quot; portions. The rest of the Autoconf source text consists of comments plus executable code that decides which of the data portions to output in any given case. We call these comments and executable code the \u0026quot;non-data\u0026quot; portions. Autoconf never copies any of the non-data portions into its output.\u003c/p\u003e\n\n\t     \u003cp\u003eThis special exception to the GPL applies to versions of Autoconf released by the Free Software Foundation. When you make and distribute a modified version of Autoconf, you may extend this special exception to the GPL to apply to your modified version as well, *unless* your modified version has the potential to copy into its output some of the text that was the non-data portion of the version that you started with. (In other words, unless your change moves or copies text from the non-data portions to the data portions.) If your modification has such potential, you must delete any notice of this special exception to the GPL from your modified version.\u003c/p\u003e\n\n    ",
  "deprecatedVersion": "2.0rc2"
}