{
  "isDeprecatedLicenseId": false,
  "isFsfLibre": true,
  "licenseText": "Imlib2 License\n\nPermission is hereby granted, free of charge, to any person obtaining a copy of this software and associated documentation files (the \"Software\"), to deal in the Software without restriction, including without limitation the rights to use, copy, modify, merge, publish, distribute, sublicense, and/or sell copies of the Software, and to permit persons to whom the Software is furnished to do so, subject to the following conditions:\n\nThe above copyright notice and this permission notice shall be included in all copies of the Software and its Copyright notices. In addition publicly documented acknowledgment must be given that this software has been used if no source code of this software is made available publicly. Making the source available publicly means including the source for this software with the distribution, or a method to get this software via some reasonable mechanism (electronic transfer via a network or media) as well as making an offer to supply the source on request. This Copyright notice serves as an offer to supply the source on on request as well. Instead of this, supplying acknowledgments of use of this software in either Copyright notices, Manuals, Publicity and Marketing documents or any documentation provided with any product containing this software. This License does not apply to any software that links to the libraries provided by this software (statically or dynamically), but only to the software provided.\n\nPlease see the COPYING-PLAIN for a plain-english explanation of this notice and its intent.\n\nTHE SOFTWARE IS PROVIDED \"AS IS\", WITHOUT WARRANTY OF ANY KIND, EXPRESS OR IMPLIED, INCLUDING BUT NOT LIMITED TO THE WARRANTIES OF MERCHANTABILITY, FITNESS FOR A PARTICULAR PURPOSE AND NONINFRINGEMENT. IN NO EVENT SHALL THE AUTHORS BE LIABLE FOR ANY CLAIM, DAMAGES OR OTHER LIABILITY, WHETHER IN AN ACTION OF CONTRACT, TORT OR OTHERWISE, ARISING FROM, OUT OF OR IN CONNECTION WITH THE SOFTWARE OR THE USE OR OTHER DEALINGS IN THE SOFTWARE.\n",
  "standardLicenseTemplate": "\u003c\u003cbeginOptional\u003e\u003eImlib2 License\n\n\u003c\u003cendOptional\u003e\u003e\n\nPermission is hereby granted, free of charge, to any person obtaining a copy of this software and associated documentation files (the \"Software\"), to deal in the Software without restriction, including without limitation the rights to use, copy, modify, merge, publish, distribute, sublicense, and/or sell copies of the Software, and to permit persons to whom the Software is furnished to do so, subject to the following conditions:\n\nThe above copyright notice and this permission notice shall be included in all copies of the Software and its Copyright notices. In addition publicly documented acknowledgment must be given that this software has been used if no source code of this software is made available publicly. Making the source available publicly means including the source for this software with the distribution, or a method to get this software via some reasonable mechanism (electronic transfer via a network or media) as well as making an offer to supply the source on request. This Copyright notice serves as an offer to supply the source on on request as well. Instead of this, supplying acknowledgments of use of this software in either Copyright notices, Manuals, Publicity and Marketing documents or any documentation provided with any product containing this software. This License does not apply to any software that links to the libraries provided by this software (statically or dynamically), but only to the software provided.\n\nPlease see the COPYING-PLAIN for a plain-english explanation of this notice and its intent.\n\nTHE SOFTWARE IS PROVIDED \"AS IS\", WITHOUT WARRANTY OF ANY KIND, EXPRESS OR IMPLIED, INCLUDING BUT NOT LIMITED TO THE WARRANTIES OF MERCHANTABILITY, FITNESS FOR A PARTICULAR PURPOSE AND NONINFRINGEMENT. IN NO EVENT SHALL THE AUTHORS BE LIABLE FOR ANY CLAIM, DAMAGES OR OTHER LIABILITY, WHETHER IN AN ACTION OF CONTRACT, TORT OR OTHERWISE, ARISING FROM, OUT OF OR IN CONNECTION WITH THE SOFTWARE OR THE USE OR OTHER DEALINGS IN THE SOFTWARE.\n\n",
  "name": "Imlib2 License",
  "licenseId": "Imlib2",
  "crossRef": [
    {
      "match": "N/A",
      "url": "https://git.enlightenment.org/legacy/imlib2.git/tree/COPYING",
      "isValid": true,
      "isLive": false,
      "timestamp": "2023-06-18T16:48:51Z",
      "isWayBackLink": false,
      "order": 1
    },
    {
      "match": "N/A",
      "url": "http://trac.enlightenment.org/e/browser/trunk/imlib2/COPYING",
      "isValid": true,
      "isLive": false,
      "timestamp": "2023-06-18T16:48:51Z",
      "isWayBackLink": false,
      "order": 0
    }
  ],
  "seeAlso": [
    "http://trac.enlightenment.org/e/browser/trunk/imlib2/COPYING",
    "https://git.enlightenment.org/legacy/imlib2.git/tree/COPYING"
  ],
  "isOsiApproved": false,
  "licenseTextHtml": "\n      \u003cdiv class\u003d\"optional-license-text\"\u003e \n         \u003cp\u003eImlib2 License\u003c/p\u003e\n\n      \u003c/div\u003e\n\n      \u003cp\u003ePermission is hereby granted, free of charge, to any person obtaining a copy of this software and\n         associated documentation files (the \u0026quot;Software\u0026quot;), to deal in the Software without restriction,\n         including without limitation the rights to use, copy, modify, merge, publish, distribute, sublicense,\n         and/or sell copies of the Software, and to permit persons to whom the Software is furnished to do so,\n         subject to the following conditions:\u003c/p\u003e\n\n      \u003cp\u003eThe above copyright notice and this permission notice shall be included in all copies of the Software and\n         its Copyright notices. In addition publicly documented acknowledgment must be given that this software\n         has been used if no source code of this software is made available publicly. Making the source\n         available publicly means including the source for this software with the distribution, or a method to\n         get this software via some reasonable mechanism (electronic transfer via a network or media) as well\n         as making an offer to supply the source on request. This Copyright notice serves as an offer to supply\n         the source on on request as well. Instead of this, supplying acknowledgments of use of this software\n         in either Copyright notices, Manuals, Publicity and Marketing documents or any documentation provided\n         with any product containing this software. This License does not apply to any software that links to\n         the libraries provided by this software (statically or dynamically), but only to the software\n         provided.\u003c/p\u003e\n\n      \u003cp\u003ePlease see the COPYING-PLAIN for a plain-english explanation of this notice and its intent.\u003c/p\u003e\n\n      \u003cp\u003eTHE SOFTWARE IS PROVIDED \u0026quot;AS IS\u0026quot;, WITHOUT WARRANTY OF ANY KIND, EXPRESS OR IMPLIED, INCLUDING BUT NOT\n         LIMITED TO THE WARRANTIES OF MERCHANTABILITY, FITNESS FOR A PARTICULAR PURPOSE AND NONINFRINGEMENT. IN\n         NO EVENT SHALL THE AUTHORS BE LIABLE FOR ANY CLAIM, DAMAGES OR OTHER LIABILITY, WHETHER IN AN ACTION\n         OF CONTRACT, TORT OR OTHERWISE, ARISING FROM, OUT OF OR IN CONNECTION WITH THE SOFTWARE OR THE USE OR\n         OTHER DEALINGS IN THE SOFTWARE.\u003c/p\u003e\n\n    "
}