{
  "isDeprecatedLicenseId": false,
  "licenseText": "Permission is granted to make and distribute verbatim copies of this\nmanual provided the copyright notice and this permission notice are\npreserved on all copies.\n\nPermission is granted to copy and distribute modified versions of this\nmanual under the conditions for verbatim copying, provided that the\nentire resulting derived work is distributed under the terms of a\npermission notice identical to this one.\n",
  "standardLicenseTemplate": "Permission is granted to make and distribute verbatim copies of this manual provided the copyright notice and this permission notice are preserved on all copies.\n\nPermission is granted to copy and distribute modified versions of this manual under the conditions for verbatim copying, provided that the entire resulting derived work is distributed under the terms of a permission notice identical to this one.\n\n",
  "name": "Linux man-pages Copyleft - 2 paragraphs",
  "licenseId": "Linux-man-pages-copyleft-2-para",
  "crossRef": [
    {
      "match": "false",
      "url": "https://git.kernel.org/pub/scm/docs/man-pages/man-pages.git/tree/man2/migrate_pages.2#n8",
      "isValid": true,
      "isLive": true,
      "timestamp": "2023-06-18T16:37:15Z",
      "isWayBackLink": false,
      "order": 1
    },
    {
      "match": "false",
      "url": "https://git.kernel.org/pub/scm/docs/man-pages/man-pages.git/tree/man2/move_pages.2#n5",
      "isValid": true,
      "isLive": true,
      "timestamp": "2023-06-18T16:37:15Z",
      "isWayBackLink": false,
      "order": 0
    }
  ],
  "seeAlso": [
    "https://git.kernel.org/pub/scm/docs/man-pages/man-pages.git/tree/man2/move_pages.2#n5",
    "https://git.kernel.org/pub/scm/docs/man-pages/man-pages.git/tree/man2/migrate_pages.2#n8"
  ],
  "isOsiApproved": false,
  "licenseTextHtml": "\n         \u003cp\u003e\n            Permission is granted to make and distribute verbatim\n            copies of this manual provided the copyright notice\n            and this permission notice are preserved on all copies.\n         \u003c/p\u003e\n\n         \u003cp\u003e\n            Permission is granted to copy and distribute modified versions\n            of this manual under the conditions for verbatim copying,\n            provided that the entire resulting derived work is distributed\n            under the terms of a permission notice identical to this one.\n         \u003c/p\u003e\n\n      "
}