{
  "isDeprecatedLicenseId": false,
  "isFsfLibre": true,
  "licenseText": "University of Illinois/NCSA Open Source License\n\nCopyright (c) \u003cYear\u003e \u003cOwner Organization Name\u003e. All rights reserved.\n\nDeveloped by: \u003cName of Development Group\u003e \u003cName of Institution\u003e \u003cURL for Development Group/Institution\u003e\n\nPermission is hereby granted, free of charge, to any person obtaining a copy of this software and associated documentation files (the \"Software\"), to deal with the Software without restriction, including without limitation the rights to use, copy, modify, merge, publish, distribute, sublicense, and/or sell copies of the Software, and to permit persons to whom the Software is furnished to do so, subject to the following conditions:\n\n     * Redistributions of source code must retain the above copyright notice, this list of conditions and the following disclaimers.\n\n     * Redistributions in binary form must reproduce the above copyright notice, this list of conditions and the following disclaimers in the documentation and/or other materials provided with the distribution.\n\n     * Neither the names of \u003cName of Development Group, Name of Institution\u003e, nor the names of its contributors may be used to endorse or promote products derived from this Software without specific prior written permission.\n\nTHE SOFTWARE IS PROVIDED \"AS IS\", WITHOUT WARRANTY OF ANY KIND, EXPRESS OR IMPLIED, INCLUDING BUT NOT LIMITED TO THE WARRANTIES OF MERCHANTABILITY, FITNESS FOR A PARTICULAR PURPOSE AND NONINFRINGEMENT. IN NO EVENT SHALL THE CONTRIBUTORS OR COPYRIGHT HOLDERS BE LIABLE FOR ANY CLAIM, DAMAGES OR OTHER LIABILITY, WHETHER IN AN ACTION OF CONTRACT, TORT OR OTHERWISE, ARISING FROM, OUT OF OR IN CONNECTION WITH THE SOFTWARE OR THE USE OR OTHER DEALINGS WITH THE SOFTWARE.\n",
  "standardLicenseTemplate": "\u003c\u003cbeginOptional\u003e\u003eUniversity of Illinois/NCSA Open Source License\n\n\u003c\u003cendOptional\u003e\u003e \u003c\u003cvar;name\u003d\"copyright\";original\u003d\"Copyright (c) \u003cYear\u003e \u003cOwner Organization Name\u003e. All rights reserved.  \";match\u003d\".{0,5000}\"\u003e\u003e\n\nDeveloped by: \u003c\u003cvar;name\u003d\"organization\";original\u003d\"  \u003cName of Development Group\u003e  \u003cName of Institution\u003e  \u003cURL for Development Group/Institution\u003e\";match\u003d\".+\"\u003e\u003e\n\nPermission is hereby granted, free of charge, to any person obtaining a copy of this software and associated documentation files (the \"Software\"), to deal with the Software without restriction, including without limitation the rights to use, copy, modify, merge, publish, distribute, sublicense, and/or sell copies of the Software, and to permit persons to whom the Software is furnished to do so, subject to the following conditions:\n\n   \u003c\u003cvar;name\u003d\"bullet\";original\u003d\"*\";match\u003d\".{0,20}\"\u003e\u003e Redistributions of source code must retain the above copyright notice, this list of conditions and the following disclaimers.\n\n   \u003c\u003cvar;name\u003d\"bullet\";original\u003d\"*\";match\u003d\".{0,20}\"\u003e\u003e Redistributions in binary form must reproduce the above copyright notice, this list of conditions and the following disclaimers in the documentation and/or other materials provided with the distribution.\n\n   \u003c\u003cvar;name\u003d\"bullet\";original\u003d\"*\";match\u003d\".{0,20}\"\u003e\u003e Neither the names of \u003c\u003cvar;name\u003d\"organizationClause3\";original\u003d\"\u003cName of Development Group, Name of Institution\u003e\";match\u003d\".+\"\u003e\u003e , nor the names of its contributors may be used to endorse or promote products derived from this Software without specific prior written permission.\n\nTHE SOFTWARE IS PROVIDED \"AS IS\", WITHOUT WARRANTY OF ANY KIND, EXPRESS OR IMPLIED, INCLUDING BUT NOT LIMITED TO THE WARRANTIES OF MERCHANTABILITY, FITNESS FOR A PARTICULAR PURPOSE AND NONINFRINGEMENT. IN NO EVENT SHALL THE CONTRIBUTORS OR COPYRIGHT HOLDERS BE LIABLE FOR ANY CLAIM, DAMAGES OR OTHER LIABILITY, WHETHER IN AN ACTION OF CONTRACT, TORT OR OTHERWISE, ARISING FROM, OUT OF OR IN CONNECTION WITH THE SOFTWARE OR THE USE OR OTHER DEALINGS WITH THE SOFTWARE.\n\n",
  "name": "University of Illinois/NCSA Open Source License",
  "licenseId": "NCSA",
  "crossRef": [
    {
      "match": "N/A",
      "url": "https://opensource.org/licenses/NCSA",
      "isValid": true,
      "isLive": true,
      "timestamp": "2023-06-18T16:37:28Z",
      "isWayBackLink": false,
      "order": 1
    },
    {
      "match": "false",
      "url": "http://otm.illinois.edu/uiuc_openSource",
      "isValid": true,
      "isLive": true,
      "timestamp": "2023-06-18T16:37:28Z",
      "isWayBackLink": false,
      "order": 0
    }
  ],
  "seeAlso": [
    "http://otm.illinois.edu/uiuc_openSource",
    "https://opensource.org/licenses/NCSA"
  ],
  "isOsiApproved": true,
  "licenseTextHtml": "\n      \u003cdiv class\u003d\"optional-license-text\"\u003e \n         \u003cp\u003eUniversity of Illinois/NCSA Open Source License\u003c/p\u003e\n\n      \u003c/div\u003e\n      \u003cdiv class\u003d\"replaceable-license-text\"\u003e \n\n         \u003cp\u003eCopyright (c) \u0026lt;Year\u0026gt; \u0026lt;Owner Organization Name\u0026gt;. All rights reserved. \n      \u003c/p\u003e\n\n      \u003c/div\u003e\n\n      \u003cp\u003eDeveloped by:\n        \u003cvar class\u003d\"replaceable-license-text\"\u003e \n\t\t\u003cbr /\u003e\n\n\u0026lt;Name of Development Group\u0026gt;\n\t\t\u003cbr /\u003e\n\n\u0026lt;Name of Institution\u0026gt;\n        \u003cbr /\u003e\n\n\u0026lt;URL for Development Group/Institution\u0026gt;\u003c/var\u003e\n      \u003c/p\u003e\n\n      \u003cp\u003ePermission is hereby granted, free of charge, to any person obtaining a copy of this software and\n         associated documentation files (the \u0026quot;Software\u0026quot;), to deal with the Software without restriction,\n         including without limitation the rights to use, copy, modify, merge, publish, distribute, sublicense,\n         and/or sell copies of the Software, and to permit persons to whom the Software is furnished to do so,\n         subject to the following conditions:\u003c/p\u003e\n\n\u003cul style\u003d\"list-style:none\"\u003e\n        \n\u003cli\u003e\n            \u003cvar class\u003d\"replaceable-license-text\"\u003e *\u003c/var\u003e\n          Redistributions of source code must retain the above copyright notice, this list of conditions\n             and the following disclaimers.\n        \u003c/li\u003e\n        \n\u003cli\u003e\n            \u003cvar class\u003d\"replaceable-license-text\"\u003e *\u003c/var\u003e\n          Redistributions in binary form must reproduce the above copyright notice, this list of conditions\n             and the following disclaimers in the documentation and/or other materials provided with the\n             distribution.\n        \u003c/li\u003e\n        \n\u003cli\u003e\n            \u003cvar class\u003d\"replaceable-license-text\"\u003e *\u003c/var\u003e\n          Neither the names of\n            \u003cvar class\u003d\"replaceable-license-text\"\u003e \u0026lt;Name of Development Group, Name of\n            Institution\u0026gt;\u003c/var\u003e, nor the names of its contributors may be used to endorse or promote\n            products derived from this Software without specific prior written permission.\n\n        \u003c/li\u003e\n      \n\u003c/ul\u003e\n      \u003cp\u003eTHE SOFTWARE IS PROVIDED \u0026quot;AS IS\u0026quot;, WITHOUT WARRANTY OF ANY KIND, EXPRESS OR IMPLIED, INCLUDING BUT NOT\n         LIMITED TO THE WARRANTIES OF MERCHANTABILITY, FITNESS FOR A PARTICULAR PURPOSE AND NONINFRINGEMENT. IN\n         NO EVENT SHALL THE CONTRIBUTORS OR COPYRIGHT HOLDERS BE LIABLE FOR ANY CLAIM, DAMAGES OR OTHER\n         LIABILITY, WHETHER IN AN ACTION OF CONTRACT, TORT OR OTHERWISE, ARISING FROM, OUT OF OR IN CONNECTION\n         WITH THE SOFTWARE OR THE USE OR OTHER DEALINGS WITH THE SOFTWARE.\u003c/p\u003e\n\n    "
}