{
  "isDeprecatedLicenseId": false,
  "licenseText": "The Parity Public License 6.0.0\n\nContributor: Example, Inc.\n\nSource Code: https://example.com/sourcecode\n\nThis license lets you use and share this software for free, as\nlong as you contribute software you make with it. Specifically:\n\nIf you follow the rules below, you may do everything with this\nsoftware that would otherwise infringe either the contributor\u0027s\ncopyright in it, any patent claim the contributor can license,\nor both.\n\n1. Contribute changes and additions you make to this software.\n\n2. If you combine this software with other software, contribute\n   that other software.\n\n3. Contribute software you develop, deploy, monitor, or run with\n   this software.\n\n4. Ensure everyone who gets a copy of this software from you, in\n   source code or any other form, gets the text of this license\n   and the contributor and source code lines above.\n\n5. Do not make any legal claim against anyone accusing this\n   software, with or without changes, alone or with other\n   software, of infringing any patent claim.\n\nTo contribute software, publish all its source code, in the\npreferred form for making changes, through a freely accessible\ndistribution system widely used for similar source code, and\nlicense contributions not already licensed to the public on terms\nas permissive as this license accordingly.\n\nYou are excused for unknowingly breaking 1, 2, or 3 if you\ncontribute as required, or stop doing anything requiring this\nlicense, within 30 days of learning you broke the rule.\n\n**As far as the law allows, this software comes as is, without\nany warranty, and the contributor will not be liable to anyone\nfor any damages related to this software or this license, for any\nkind of legal claim.**\n",
  "standardLicenseTemplate": "\u003c\u003cbeginOptional\u003e\u003eThe Parity Public License 6.0.0\n\n\u003c\u003cendOptional\u003e\u003e\n\nContributor: \u003c\u003cvar;name\u003d\"copyright\";original\u003d\"contributor name\";match\u003d\".+\"\u003e\u003e\n\nSource Code: \u003c\u003cvar;name\u003d\"source\";original\u003d\"source\";match\u003d\".+\"\u003e\u003e\n\nThis license lets you use and share this software for free, as long as you contribute software you make with it. Specifically:\n\nIf you follow the rules below, you may do everything with this software that would otherwise infringe either the contributor\u0027s copyright in it, any patent claim the contributor can license, or both.\n\n   \u003c\u003cvar;name\u003d\"bullet\";original\u003d\"1.\";match\u003d\".{0,20}\"\u003e\u003e Contribute changes and additions you make to this software.\n\n   \u003c\u003cvar;name\u003d\"bullet\";original\u003d\"2.\";match\u003d\".{0,20}\"\u003e\u003e If you combine this software with other software, contribute that other software.\n\n   \u003c\u003cvar;name\u003d\"bullet\";original\u003d\"3.\";match\u003d\".{0,20}\"\u003e\u003e Contribute software you develop, deploy, monitor, or run with this software.\n\n   \u003c\u003cvar;name\u003d\"bullet\";original\u003d\"4.\";match\u003d\".{0,20}\"\u003e\u003e Ensure everyone who gets a copy of this software from you, in source code or any other form, gets the text of this license and the contributor and source code lines above.\n\n   \u003c\u003cvar;name\u003d\"bullet\";original\u003d\"5.\";match\u003d\".{0,20}\"\u003e\u003e Do not make any legal claim against anyone accusing this software, with or without changes, alone or with other software, of infringing any patent claim.\n\nTo contribute software, publish all its source code, in the preferred form for making changes, through a freely accessible distribution system widely used for similar source code, and license contributions not already licensed to the public on terms as permissive as this license accordingly.\n\nYou are excused for unknowingly breaking 1, 2, or 3 if you contribute as required, or stop doing anything requiring this license, within 30 days of learning you broke the rule.\n\n**As far as the law allows, this software comes as is, without any warranty, and the contributor will not be liable to anyone for any damages related to this software or this license, for any kind of legal claim.**\n\n",
  "name": "The Parity Public License 6.0.0",
  "licenseId": "Parity-6.0.0",
  "crossRef": [
    {
      "match": "false",
      "url": "https://paritylicense.com/versions/6.0.0.html",
      "isValid": true,
      "isLive": true,
      "timestamp": "2023-06-18T16:35:56Z",
      "isWayBackLink": false,
      "order": 0
    }
  ],
  "seeAlso": [
    "https://paritylicense.com/versions/6.0.0.html"
  ],
  "isOsiApproved": false,
  "licenseTextHtml": "\n      \u003cdiv class\u003d\"optional-license-text\"\u003e \n        \u003cp\u003eThe Parity Public License 6.0.0\u003c/p\u003e\n\n      \u003c/div\u003e\n      \u003cp\u003eContributor: \u003cvar class\u003d\"replaceable-license-text\"\u003e contributor name\u003c/var\u003e\u003c/p\u003e\n\n      \u003cp\u003eSource Code: \u003cvar class\u003d\"replaceable-license-text\"\u003e source\u003c/var\u003e\u003c/p\u003e\n\n      \u003cp\u003eThis license lets you use and share this software for free, as long as you contribute software you make with it. Specifically:\u003c/p\u003e\n\n      \u003cp\u003eIf you follow the rules below, you may do everything with this software that would otherwise infringe either the contributor\u0026apos;s copyright in it, any patent claim the contributor can license, or both.\u003c/p\u003e\n\n\u003cul style\u003d\"list-style:none\"\u003e\n        \n\u003cli\u003e\u003cvar class\u003d\"replaceable-license-text\"\u003e 1.\u003c/var\u003e Contribute changes and additions you make to this software.\n          \u003c/li\u003e\n        \n\u003cli\u003e\u003cvar class\u003d\"replaceable-license-text\"\u003e 2.\u003c/var\u003e If you combine this software with other software, contribute that other software.\n          \u003c/li\u003e\n        \n\u003cli\u003e\u003cvar class\u003d\"replaceable-license-text\"\u003e 3.\u003c/var\u003e Contribute software you develop, deploy, monitor, or run with this software.\n          \u003c/li\u003e\n        \n\u003cli\u003e\u003cvar class\u003d\"replaceable-license-text\"\u003e 4.\u003c/var\u003e Ensure everyone who gets a copy of this software from you, in source code or any other form, gets the text of this license and the contributor and source code lines above.\n          \u003c/li\u003e\n        \n\u003cli\u003e\u003cvar class\u003d\"replaceable-license-text\"\u003e 5.\u003c/var\u003e Do not make any legal claim against anyone accusing this software, with or without changes, alone or with other software, of infringing any patent claim. \u003c/li\u003e\n      \n\u003c/ul\u003e\n      \u003cp\u003eTo contribute software, publish all its source code, in the preferred form for making changes, through a freely accessible distribution system widely used for similar source code, and license contributions not already licensed to the public on terms as permissive as this license accordingly.\u003c/p\u003e\n\n      \u003cp\u003eYou are excused for unknowingly breaking 1, 2, or 3 if you contribute as required, or stop doing anything requiring this license, within 30 days of learning you broke the rule.\u003c/p\u003e\n\n      \u003cp\u003e**As far as the law allows, this software comes as is, without any warranty, and the contributor will not be liable to anyone for any damages related to this software or this license, for any kind of legal claim.**\u003c/p\u003e\n\n    "
}