{
  "isDeprecatedLicenseId": false,
  "licenseText": "Copyright (c) 1986 by University of Toronto. Written by Henry Spencer. Not derived from licensed software.\n\nPermission is granted to anyone to use this software for any purpose on any computer system, and to redistribute it freely, subject to the following restrictions:\n\n1. The author is not responsible for the consequences of use of this software, no matter how awful, even if they arise from defects in it.\n\n2. The origin of this software must not be misrepresented, either by explicit claim or by omission.\n\n3. Altered versions must be plainly marked as such, and must not be misrepresented as being the original software.\n",
  "standardLicenseTemplate": "\u003c\u003cvar;name\u003d\"copyright\";original\u003d\"Copyright (c) 1986 by University of Toronto.  Written by Henry Spencer. Not derived from licensed software.  \";match\u003d\".{0,5000}\"\u003e\u003e\n\nPermission is granted to anyone to use this software for any purpose on any computer system, and to redistribute it freely, subject to the following restrictions:\n\n   \u003c\u003cvar;name\u003d\"bullet\";original\u003d\"1.\";match\u003d\".{0,20}\"\u003e\u003e The author is not responsible for the consequences of use of this software, no matter how awful, even if they arise from defects in it.\n\n   \u003c\u003cvar;name\u003d\"bullet\";original\u003d\"2.\";match\u003d\".{0,20}\"\u003e\u003e The origin of this software must not be misrepresented, either by explicit claim or by omission.\n\n   \u003c\u003cvar;name\u003d\"bullet\";original\u003d\"3.\";match\u003d\".{0,20}\"\u003e\u003e Altered versions must be plainly marked as such, and must not be misrepresented as being the original software.",
  "name": "Spencer License 86",
  "licenseId": "Spencer-86",
  "crossRef": [
    {
      "match": "false",
      "url": "https://fedoraproject.org/wiki/Licensing/Henry_Spencer_Reg-Ex_Library_License",
      "isValid": true,
      "isLive": true,
      "timestamp": "2023-06-18T16:41:01Z",
      "isWayBackLink": false,
      "order": 0
    }
  ],
  "seeAlso": [
    "https://fedoraproject.org/wiki/Licensing/Henry_Spencer_Reg-Ex_Library_License"
  ],
  "isOsiApproved": false,
  "licenseTextHtml": "\n      \u003cdiv class\u003d\"replaceable-license-text\"\u003e \n         \u003cp\u003eCopyright (c) 1986 by University of Toronto. \u003cbr /\u003e\n\nWritten by Henry Spencer. Not derived from licensed software.\u003c/p\u003e\n\n      \u003c/div\u003e\n\n      \u003cp\u003ePermission is granted to anyone to use this software for any purpose on any computer system, and to\n         redistribute it freely, subject to the following restrictions:\u003c/p\u003e\n\n\u003cul style\u003d\"list-style:none\"\u003e\n        \n\u003cli\u003e\n            \u003cvar class\u003d\"replaceable-license-text\"\u003e 1.\u003c/var\u003e\n          The author is not responsible for the consequences of use of this software, no matter how awful,\n             even if they arise from defects in it.\n        \u003c/li\u003e\n        \n\u003cli\u003e\n            \u003cvar class\u003d\"replaceable-license-text\"\u003e 2.\u003c/var\u003e\n          The origin of this software must not be misrepresented, either by explicit claim or by omission.\n        \u003c/li\u003e\n        \n\u003cli\u003e\n            \u003cvar class\u003d\"replaceable-license-text\"\u003e 3.\u003c/var\u003e\n          Altered versions must be plainly marked as such, and must not be misrepresented as being the\n             original software.\n        \u003c/li\u003e\n      \n\u003c/ul\u003e\n    "
}