{
  "isDeprecatedLicenseId": false,
  "licenseText": "Copyright 2014 University Corporation for Atmospheric Research and contributors.\nAll rights reserved.\n\nThis software was developed by the Unidata Program Center of the\nUniversity Corporation for Atmospheric Research (UCAR)\n\u003chttp://www.unidata.ucar.edu\u003e.\n\nRedistribution and use in source and binary forms, with or without modification,\nare permitted provided that the following conditions are met:\n\n   1) Redistributions of source code must retain the above copyright notice,\n      this list of conditions and the following disclaimer.\n   2) Redistributions in binary form must reproduce the above copyright notice,\n      this list of conditions and the following disclaimer in the documentation\n      and/or other materials provided with the distribution.\n   3) Neither the names of the development group, the copyright holders, nor the\n      names of contributors may be used to endorse or promote products derived\n      from this software without specific prior written permission.\n   4) This license shall terminate automatically and you may no longer exercise\n      any of the rights granted to you by this license as of the date you\n      commence an action, including a cross-claim or counterclaim, against\n      the copyright holders or any contributor alleging that this software\n      infringes a patent. This termination provision shall not apply for an\n      action alleging patent infringement by combinations of this software with\n      other software or hardware.\n\nTHE SOFTWARE IS PROVIDED \"AS IS\", WITHOUT WARRANTY OF ANY KIND, EXPRESS OR\nIMPLIED, INCLUDING BUT NOT LIMITED TO THE WARRANTIES OF MERCHANTABILITY, FITNESS\nFOR A PARTICULAR PURPOSE AND NONINFRINGEMENT. IN NO EVENT SHALL THE CONTRIBUTORS\nOR COPYRIGHT HOLDERS BE LIABLE FOR ANY CLAIM, DAMAGES OR OTHER LIABILITY,\nWHETHER IN AN ACTION OF CONTRACT, TORT OR OTHERWISE, ARISING FROM, OUT OF OR IN\nCONNECTION WITH THE SOFTWARE OR THE USE OR OTHER DEALINGS WITH THE SOFTWARE.\n",
  "standardLicenseTemplate": "\u003c\u003cvar;name\u003d\"copyright\";original\u003d\"Copyright 2014 University Corporation for Atmospheric Research and contributors. All rights reserved.\";match\u003d\".{0,5000}\"\u003e\u003e\n\nThis software was developed by the Unidata Program Center of the University Corporation for Atmospheric Research (UCAR) \u003chttp://www.unidata.ucar.edu\u003e.\n\nRedistribution and use in source and binary forms, with or without modification, are permitted provided that the following conditions are met:\n\n   \u003c\u003cvar;name\u003d\"bullet\";original\u003d\"1)\";match\u003d\".{0,20}\"\u003e\u003e Redistributions of source code must retain the above copyright notice, this list of conditions and the following disclaimer.\n\n   \u003c\u003cvar;name\u003d\"bullet\";original\u003d\"2)\";match\u003d\".{0,20}\"\u003e\u003e Redistributions in binary form must reproduce the above copyright notice, this list of conditions and the following disclaimer in the documentation and/or other materials provided with the distribution.\n\n   \u003c\u003cvar;name\u003d\"bullet\";original\u003d\"3)\";match\u003d\".{0,20}\"\u003e\u003e Neither the names of the development group, the copyright holders, nor the names of contributors may be used to endorse or promote products derived from this software without specific prior written permission.\n\n   \u003c\u003cvar;name\u003d\"bullet\";original\u003d\"4)\";match\u003d\".{0,20}\"\u003e\u003e This license shall terminate automatically and you may no longer exercise any of the rights granted to you by this license as of the date you commence an action, including a cross-claim or counterclaim, against the copyright holders or any contributor alleging that this software infringes a patent. This termination provision shall not apply for an action alleging patent infringement by combinations of this software with other software or hardware.\n\nTHE SOFTWARE IS PROVIDED \"AS IS\", WITHOUT WARRANTY OF ANY KIND, EXPRESS OR IMPLIED, INCLUDING BUT NOT LIMITED TO THE WARRANTIES OF MERCHANTABILITY, FITNESS FOR A PARTICULAR PURPOSE AND NONINFRINGEMENT. IN NO EVENT SHALL THE CONTRIBUTORS OR COPYRIGHT HOLDERS BE LIABLE FOR ANY CLAIM, DAMAGES OR OTHER LIABILITY, WHETHER IN AN ACTION OF CONTRACT, TORT OR OTHERWISE, ARISING FROM, OUT OF OR IN CONNECTION WITH THE SOFTWARE OR THE USE OR OTHER DEALINGS WITH THE SOFTWARE.\n\n",
  "name": "UCAR License",
  "licenseId": "UCAR",
  "crossRef": [
    {
      "match": "false",
      "url": "https://github.com/Unidata/UDUNITS-2/blob/master/COPYRIGHT",
      "isValid": true,
      "isLive": true,
      "timestamp": "2023-06-18T16:47:53Z",
      "isWayBackLink": false,
      "order": 0
    }
  ],
  "seeAlso": [
    "https://github.com/Unidata/UDUNITS-2/blob/master/COPYRIGHT"
  ],
  "isOsiApproved": false,
  "licenseTextHtml": "\n         \u003cvar class\u003d\"replaceable-license-text\"\u003e \n            Copyright 2014 University Corporation for Atmospheric\n            Research and contributors. All rights reserved.\n         \u003c/var\u003e\n         \u003cp\u003e\n            This software was developed by the Unidata Program\n            Center of the University Corporation for Atmospheric\n            Research (UCAR) \u0026lt;http://www.unidata.ucar.edu\u0026gt;.\n         \u003c/p\u003e\n\n         \u003cp\u003e\n            Redistribution and use in source and binary\n            forms, with or without modification, are permitted\n            provided that the following conditions are met:\n         \u003c/p\u003e\n\n\u003cul style\u003d\"list-style:none\"\u003e\n            \n\u003cli\u003e\n               \u003cvar class\u003d\"replaceable-license-text\"\u003e 1)\u003c/var\u003e\n               Redistributions of source code must retain the above copyright\n               notice, this list of conditions and the following disclaimer.\n            \u003c/li\u003e\n            \n\u003cli\u003e\n               \u003cvar class\u003d\"replaceable-license-text\"\u003e 2)\u003c/var\u003e\n               Redistributions in binary form must reproduce the\n               above copyright notice, this list of conditions and\n               the following disclaimer in the documentation and/or\n               other materials provided with the distribution.\n            \u003c/li\u003e\n            \n\u003cli\u003e\n               \u003cvar class\u003d\"replaceable-license-text\"\u003e 3)\u003c/var\u003e\n               Neither the names of the development group, the copyright\n               holders, nor the names of contributors may be used to endorse\n               or promote products derived from this software without specific\n               prior written permission.\n            \u003c/li\u003e\n            \n\u003cli\u003e\n               \u003cvar class\u003d\"replaceable-license-text\"\u003e 4)\u003c/var\u003e This license shall terminate\n               automatically and you may no longer exercise any of the rights\n               granted to you by this license as of the date you commence\n               an action, including a cross-claim or counterclaim, against\n               the copyright holders or any contributor alleging that this\n               software infringes a patent. This termination provision\n               shall not apply for an action alleging patent infringement by\n               combinations of this software with other software or hardware.\n            \u003c/li\u003e\n         \n\u003c/ul\u003e\n         \u003cp\u003e\n            THE SOFTWARE IS PROVIDED \u0026quot;AS IS\u0026quot;, WITHOUT WARRANTY OF ANY\n            KIND, EXPRESS OR IMPLIED, INCLUDING BUT NOT LIMITED TO THE\n            WARRANTIES OF MERCHANTABILITY, FITNESS FOR A PARTICULAR\n            PURPOSE AND NONINFRINGEMENT. IN NO EVENT SHALL THE CONTRIBUTORS\n            OR COPYRIGHT HOLDERS BE LIABLE FOR ANY CLAIM, DAMAGES OR\n            OTHER LIABILITY, WHETHER IN AN ACTION OF CONTRACT, TORT OR\n            OTHERWISE, ARISING FROM, OUT OF OR IN CONNECTION WITH THE\n            SOFTWARE OR THE USE OR OTHER DEALINGS WITH THE SOFTWARE.\n         \u003c/p\u003e\n\n      "
}