{
  "isDeprecatedLicenseId": false,
  "isFsfLibre": true,
  "licenseText": "Copyright (c) [year] [copyright holders]\n\nThe Universal Permissive License (UPL), Version 1.0\n\nSubject to the condition set forth below, permission is hereby granted to any person obtaining a copy of this software, associated documentation and/or data (collectively the \"Software\"), free of charge and under any and all copyright rights in the Software, and any and all patent rights owned or freely licensable by each licensor hereunder covering either (i) the unmodified Software as contributed to or provided by such licensor, or (ii) the Larger Works (as defined below), to deal in both\n\n(a) the Software, and\n\n(b) any piece of software and/or hardware listed in the lrgrwrks.txt file if one is included with the Software (each a “Larger Work” to which the Software is contributed by such licensors),\n\nwithout restriction, including without limitation the rights to copy, create derivative works of, display, perform, and distribute the Software and make, use, sell, offer for sale, import, export, have made, and have sold the Software and the Larger Work(s), and to sublicense the foregoing rights on either these or other terms.\n\nThis license is subject to the following condition:\n\nThe above copyright notice and either this complete permission notice or at a minimum a reference to the UPL must be included in all copies or substantial portions of the Software.\n\nTHE SOFTWARE IS PROVIDED \"AS IS\", WITHOUT WARRANTY OF ANY KIND, EXPRESS OR IMPLIED, INCLUDING BUT NOT LIMITED TO THE WARRANTIES OF MERCHANTABILITY, FITNESS FOR A PARTICULAR PURPOSE AND NONINFRINGEMENT. IN NO EVENT SHALL THE AUTHORS OR COPYRIGHT HOLDERS BE LIABLE FOR ANY CLAIM, DAMAGES OR OTHER LIABILITY, WHETHER IN AN ACTION OF CONTRACT, TORT OR OTHERWISE, ARISING FROM, OUT OF OR IN CONNECTION WITH THE SOFTWARE OR THE USE OR OTHER DEALINGS IN THE SOFTWARE.\n",
  "standardLicenseTemplate": "\u003c\u003cvar;name\u003d\"copyright\";original\u003d\"Copyright (c) [year] [copyright holders]  \";match\u003d\".{0,5000}\"\u003e\u003e\u003c\u003cbeginOptional\u003e\u003e The Universal Permissive License (UPL), Version 1.0\n\n\u003c\u003cendOptional\u003e\u003e\n\nSubject to the condition set forth below, permission is hereby granted to any person obtaining a copy of this software, associated documentation and/or data (collectively the \"Software\"), free of charge and under any and all copyright rights in the Software, and any and all patent rights owned or freely licensable by each licensor hereunder covering either (i) the unmodified Software as contributed to or provided by such licensor, or (ii) the Larger Works (as defined below), to deal in both\n\n   \u003c\u003cvar;name\u003d\"bullet\";original\u003d\"(a)\";match\u003d\".{0,20}\"\u003e\u003e the Software, and\n\n   \u003c\u003cvar;name\u003d\"bullet\";original\u003d\"(b)\";match\u003d\".{0,20}\"\u003e\u003e any piece of software and/or hardware listed in the lrgrwrks.txt file if one is included with the Software (each a \"Larger Work\" to which the Software is contributed by such licensors),\n\nwithout restriction, including without limitation the rights to copy, create derivative works of, display, perform, and distribute the Software and make, use, sell, offer for sale, import, export, have made, and have sold the Software and the Larger Work(s), and to sublicense the foregoing rights on either these or other terms.\n\nThis license is subject to the following condition:\n\nThe above copyright notice and either this complete permission notice or at a minimum a reference to the UPL must be included in all copies or substantial portions of the Software.\n\nTHE SOFTWARE IS PROVIDED \"AS IS\", WITHOUT WARRANTY OF ANY KIND, EXPRESS OR IMPLIED, INCLUDING BUT NOT LIMITED TO THE WARRANTIES OF MERCHANTABILITY, FITNESS FOR A PARTICULAR PURPOSE AND NONINFRINGEMENT. IN NO EVENT SHALL THE AUTHORS OR COPYRIGHT HOLDERS BE LIABLE FOR ANY CLAIM, DAMAGES OR OTHER LIABILITY, WHETHER IN AN ACTION OF CONTRACT, TORT OR OTHERWISE, ARISING FROM, OUT OF OR IN CONNECTION WITH THE SOFTWARE OR THE USE OR OTHER DEALINGS IN THE SOFTWARE.\n\n",
  "name": "Universal Permissive License v1.0",
  "licenseId": "UPL-1.0",
  "crossRef": [
    {
      "match": "N/A",
      "url": "https://opensource.org/licenses/UPL",
      "isValid": true,
      "isLive": false,
      "timestamp": "2023-06-18T16:38:08Z",
      "isWayBackLink": false,
      "order": 0
    }
  ],
  "seeAlso": [
    "https://opensource.org/licenses/UPL"
  ],
  "isOsiApproved": true,
  "licenseTextHtml": "\n      \u003cdiv class\u003d\"replaceable-license-text\"\u003e \n         \u003cp\u003eCopyright (c) [year] [copyright holders]\u003c/p\u003e\n\n      \u003c/div\u003e\n      \u003cdiv class\u003d\"optional-license-text\"\u003e \n         \u003cp\u003eThe Universal Permissive License (UPL), Version 1.0\u003c/p\u003e\n\n      \u003c/div\u003e\n\n      \u003cp\u003eSubject to the condition set forth below, permission is hereby granted to any person obtaining a copy of\n         this software, associated documentation and/or data (collectively the \u0026quot;Software\u0026quot;), free of charge and\n         under any and all copyright rights in the Software, and any and all patent rights owned or freely\n         licensable by each licensor hereunder covering either (i) the unmodified Software as contributed to or\n         provided by such licensor, or (ii) the Larger Works (as defined below), to deal in both\u003c/p\u003e\n\n\u003cul style\u003d\"list-style:none\"\u003e\n        \n\u003cli\u003e\n            \u003cvar class\u003d\"replaceable-license-text\"\u003e (a)\u003c/var\u003e\n          the Software, and\n        \u003c/li\u003e\n        \n\u003cli\u003e\n            \u003cvar class\u003d\"replaceable-license-text\"\u003e (b)\u003c/var\u003e\n          any piece of software and/or hardware listed in the lrgrwrks.txt file if one is included with the\n             Software (each a \u0026quot;Larger Work\u0026quot; to which the Software is contributed by such licensors),\n        \u003c/li\u003e\n      \n\u003c/ul\u003e\n      \u003cp\u003ewithout restriction, including without limitation the rights to copy, create derivative works of,\n         display, perform, and distribute the Software and make, use, sell, offer for sale, import, export,\n         have made, and have sold the Software and the Larger Work(s), and to sublicense the foregoing rights\n         on either these or other terms.\u003c/p\u003e\n\n      \u003cp\u003eThis license is subject to the following condition:\u003c/p\u003e\n\n      \u003cp\u003eThe above copyright notice and either this complete permission notice or at a minimum a reference to the\n         UPL must be included in all copies or substantial portions of the Software.\u003c/p\u003e\n\n      \u003cp\u003eTHE SOFTWARE IS PROVIDED \u0026quot;AS IS\u0026quot;, WITHOUT WARRANTY OF ANY KIND, EXPRESS OR IMPLIED, INCLUDING BUT NOT\n         LIMITED TO THE WARRANTIES OF MERCHANTABILITY, FITNESS FOR A PARTICULAR PURPOSE AND NONINFRINGEMENT. IN\n         NO EVENT SHALL THE AUTHORS OR COPYRIGHT HOLDERS BE LIABLE FOR ANY CLAIM, DAMAGES OR OTHER LIABILITY,\n         WHETHER IN AN ACTION OF CONTRACT, TORT OR OTHERWISE, ARISING FROM, OUT OF OR IN CONNECTION WITH THE\n         SOFTWARE OR THE USE OR OTHER DEALINGS IN THE SOFTWARE.\u003c/p\u003e\n\n    "
}