{
  "isDeprecatedLicenseId": false,
  "isFsfLibre": true,
  "licenseText": "Academic Free License\nVersion 1.2\n\nThis Academic Free License applies to any original work of authorship (the \"Original Work\") whose owner (the \"Licensor\") has placed the\nfollowing notice immediately following the copyright notice for the Original Work:\n\n     Licensed under the Academic Free License version 1.2\n\nGrant of License. Licensor hereby grants to any person obtaining a copy of the Original Work (\"You\") a world-wide, royalty-free, non-exclusive, perpetual, non-sublicenseable license (1) to use, copy, modify, merge, publish, perform, distribute and/or sell copies of the Original Work and derivative works thereof, and (2) under patent claims owned or controlled by the Licensor that are embodied in the Original Work as furnished by the Licensor, to make, use, sell and offer for sale the Original Work and derivative works thereof, subject to the\nfollowing conditions.\n\nAttribution Rights. You must retain, in the Source Code of any Derivative Works that You create, all copyright, patent or trademark notices from the Source Code of the Original Work, as well as any notices of licensing and any descriptive text identified therein as an \"Attribution Notice.\" You must cause the Source Code for any Derivative Works that You create to carry a prominent Attribution Notice reasonably calculated to inform recipients that You have modified the Original Work.\n\nExclusions from License Grant. Neither the names of Licensor, nor the names of any contributors to the Original Work, nor any of their trademarks or service marks, may be used to endorse or promote products derived from this Original Work without express prior written permission of the Licensor.\n\nWarranty and Disclaimer of Warranty. Licensor warrants that the copyright in and to the Original Work is owned by the Licensor or that the Original Work is distributed by Licensor under a valid current license from the copyright owner. Except as expressly stated in the immediately proceeding sentence, the Original Work is provided under this License on an \"AS IS\" BASIS and WITHOUT WARRANTY, either express or implied, including, without limitation, the warranties of NON-INFRINGEMENT, MERCHANTABILITY or FITNESS FOR A PARTICULAR PURPOSE. THE ENTIRE RISK AS TO THE QUALITY OF THE ORIGINAL WORK IS WITH YOU. This DISCLAIMER OF WARRANTY constitutes an essential part of this License. No license to Original Work is granted hereunder except under this disclaimer.\n\nLimitation of Liability. Under no circumstances and under no legal theory, whether in tort (including negligence), contract, or otherwise, shall the Licensor be liable to any person for any direct, indirect, special, incidental, or consequential damages of any character arising as a result of this License or the use of the Original Work including, without limitation, damages for loss of goodwill, work stoppage, computer failure or malfunction, or any and all other commercial damages or losses. This limitation of liability shall not apply to liability for death or personal injury resulting from Licensor\u0027s negligence to the extent applicable law prohibits such limitation. Some jurisdictions do not allow the exclusion or limitation of incidental or consequential damages, so this exclusion and limitation may not apply to You.\n\nLicense to Source Code. The term \"Source Code\" means the preferred form of the Original Work for making modifications to it and all available\ndocumentation describing how to modify the Original Work. Licensor hereby agrees to provide a machine-readable copy of the Source Code of the Original Work along with each copy of the Original Work that Licensor distributes. Licensor reserves the right to satisfy this obligation by placing a machine-readable copy of the Source Code in an information repository reasonably calculated to permit inexpensive and convenient access by You for as long as Licensor continues to distribute the Original Work, and by publishing the address of that information repository in a notice immediately following the copyright notice that applies to the Original Work.\n\nMutual Termination for Patent Action. This License shall terminate automatically and You may no longer exercise any of the rights granted to You by this License if You file a lawsuit in any court alleging that any OSI Certified open source software that is licensed under any license containing this \"Mutual Termination for Patent Action\" clause infringes any patent claims that are essential to use that software.\n\nRight to Use. You may use the Original Work in all ways not otherwise restricted or conditioned by this License or by law, and Licensor promises not to interfere with or be responsible for such uses by You.\n\nThis license is Copyright (C) 2002 Lawrence E. Rosen. All rights reserved.\nPermission is hereby granted to copy and distribute this license without modification. This license may not be modified without the express written permission of its copyright owner.\n",
  "standardLicenseHeaderTemplate": "Licensed under the Academic Free License version 1.2\n\n",
  "standardLicenseTemplate": "\u003c\u003cbeginOptional\u003e\u003eAcademic Free License\n\nVersion 1.2\n\n\u003c\u003cendOptional\u003e\u003e\u003c\u003cbeginOptional\u003e\u003e This Academic Free License applies to any original work of authorship (the \"Original Work\") whose owner (the \"Licensor\") has placed the following notice immediately following the copyright notice for the Original Work:\n\nLicensed under the Academic Free License version 1.2\n\n\u003c\u003cendOptional\u003e\u003e\n\nGrant of License. Licensor hereby grants to any person obtaining a copy of the Original Work (\"You\") a world-wide, royalty-free, non-exclusive, perpetual, non-sublicenseable license (1) to use, copy, modify, merge, publish, perform, distribute and/or sell copies of the Original Work and derivative works thereof, and (2) under patent claims owned or controlled by the Licensor that are embodied in the Original Work as furnished by the Licensor, to make, use, sell and offer for sale the Original Work and derivative works thereof, subject to the following conditions.\n\nAttribution Rights. You must retain, in the Source Code of any Derivative Works that You create, all copyright, patent or trademark notices from the Source Code of the Original Work, as well as any notices of licensing and any descriptive text identified therein as an \"Attribution Notice.\" You must cause the Source Code for any Derivative Works that You create to carry a prominent Attribution Notice reasonably calculated to inform recipients that You have modified the Original Work.\n\nExclusions from License Grant. Neither the names of Licensor, nor the names of any contributors to the Original Work, nor any of their trademarks or service marks, may be used to endorse or promote products derived from this Original Work without express prior written permission of the Licensor.\n\nWarranty and Disclaimer of Warranty. Licensor warrants that the copyright in and to the Original Work is owned by the Licensor or that the Original Work is distributed by Licensor under a valid current license from the copyright owner. Except as expressly stated in the immediately proceeding sentence, the Original Work is provided under this License on an \"AS IS\" BASIS and WITHOUT WARRANTY, either express or implied, including, without limitation, the warranties of NON-INFRINGEMENT, MERCHANTABILITY or FITNESS FOR A PARTICULAR PURPOSE. THE ENTIRE RISK AS TO THE QUALITY OF THE ORIGINAL WORK IS WITH YOU. This DISCLAIMER OF WARRANTY constitutes an essential part of this License. No license to Original Work is granted hereunder except under this disclaimer.\n\nLimitation of Liability. Under no circumstances and under no legal theory, whether in tort (including negligence), contract, or otherwise, shall the Licensor be liable to any person for any direct, indirect, special, incidental, or consequential damages of any character arising as a result of this License or the use of the Original Work including, without limitation, damages for loss of goodwill, work stoppage, computer failure or malfunction, or any and all other commercial damages or losses. This limitation of liability shall not apply to liability for death or personal injury resulting from Licensor\u0027s negligence to the extent applicable law prohibits such limitation. Some jurisdictions do not allow the exclusion or limitation of incidental or consequential damages, so this exclusion and limitation may not apply to You.\n\nLicense to Source Code. The term \"Source Code\" means the preferred form of the Original Work for making modifications to it and all available documentation describing how to modify the Original Work. Licensor hereby agrees to provide a machine-readable copy of the Source Code of the Original Work along with each copy of the Original Work that Licensor distributes. Licensor reserves the right to satisfy this obligation by placing a machine-readable copy of the Source Code in an information repository reasonably calculated to permit inexpensive and convenient access by You for as long as Licensor continues to distribute the Original Work, and by publishing the address of that information repository in a notice immediately following the copyright notice that applies to the Original Work.\n\nMutual Termination for Patent Action. This License shall terminate automatically and You may no longer exercise any of the rights granted to You by this License if You file a lawsuit in any court alleging that any OSI Certified open source software that is licensed under any license containing this \"Mutual Termination for Patent Action\" clause infringes any patent claims that are essential to use that software.\n\nRight to Use. You may use the Original Work in all ways not otherwise restricted or conditioned by this License or by law, and Licensor promises not to interfere with or be responsible for such uses by You.\n\nThis license is Copyright (C) 2002 Lawrence E. Rosen. All rights reserved.\n\nPermission is hereby granted to copy and distribute this license without modification. This license may not be modified without the express written permission of its copyright owner.\n\n",
  "name": "Academic Free License v1.2",
  "licenseComments": "This license has been superseded by later versions. We found these notes here: https://web.archive.org/web/20100828113909/http://opensource.linux-mirror.org/licenses/afl-1.2.txt The following is intended to describe the essential differences between the Academic Free License (AFL) version 1.0 and other open source licenses: The Academic Free License is similar to the BSD, MIT, UoI/NCSA and Apache licenses in many respects but it is intended to solve a few problems with those licenses. * The AFL is written so as to make it clear what software is being licensed (by the inclusion of a statement following the copyright notice in the software). This way, the license functions better than a template license. The BSD, MIT and UoI/NCSA licenses apply to unidentified software. * The AFL contains a complete copyright grant to the software. The BSD and Apache licenses are vague and incomplete in that respect. * The AFL contains a complete patent grant to the software. The BSD, MIT, UoI/NCSA and Apache licenses rely on an implied patent license and contain no explicit patent grant. * The AFL makes it clear that no trademark rights are granted to the licensor\u0027s trademarks. The Apache license contains such a provision, but the BSD, MIT and UoI/NCSA licenses do not. * The AFL includes the warranty by the licensor that it either owns the copyright or that it is distributing the software under a license. None of the other licenses contain that warranty. All other warranties are disclaimed, as is the case for the other licenses. * The AFL is itself copyrighted (with the right granted to copy and distribute without modification). This ensures that the owner of the copyright to the license will control changes. The Apache license contains a copyright notice, but the BSD, MIT and UoI/NCSA licenses do not.",
  "licenseId": "AFL-1.2",
  "standardLicenseHeader": "Licensed under the Academic Free License version 1.2\n\n",
  "crossRef": [
    {
      "match": "N/A",
      "url": "http://wayback.archive.org/web/20021204204652/http://www.opensource.org/licenses/academic.php",
      "isValid": false,
      "isLive": false,
      "timestamp": "2023-10-17T18:34:40Z",
      "isWayBackLink": false,
      "order": 1
    },
    {
      "match": "false",
      "url": "http://opensource.linux-mirror.org/licenses/afl-1.2.txt",
      "isValid": true,
      "isLive": true,
      "timestamp": "2023-10-17T18:34:50Z",
      "isWayBackLink": false,
      "order": 0
    }
  ],
  "seeAlso": [
    "http://opensource.linux-mirror.org/licenses/afl-1.2.txt",
    "http://wayback.archive.org/web/20021204204652/http://www.opensource.org/licenses/academic.php"
  ],
  "isOsiApproved": true,
  "licenseTextHtml": "\n      \u003cdiv class\u003d\"optional-license-text\"\u003e \n         \u003cp\u003eAcademic Free License\u003c/p\u003e\n\n         \u003cp\u003eVersion 1.2\u003c/p\u003e\n\n      \u003c/div\u003e\n      \u003cdiv class\u003d\"optional-license-text\"\u003e \n         \u003cp\u003eThis Academic Free License applies to any original work of authorship (the \u0026quot;Original Work\u0026quot;) whose owner\n         (the \u0026quot;Licensor\u0026quot;) has placed the following notice immediately following the copyright notice for the\n         Original Work:\u003c/p\u003e\n\n         \u003cp\u003eLicensed under the Academic Free License version 1.2\u003c/p\u003e\n\n      \u003c/div\u003e\n\n      \u003cp\u003eGrant of License. Licensor hereby grants to any person obtaining a copy of the Original Work (\u0026quot;You\u0026quot;) a\n         world-wide, royalty-free, non-exclusive, perpetual, non-sublicenseable license (1) to use, copy,\n         modify, merge, publish, perform, distribute and/or sell copies of the Original Work and derivative\n         works thereof, and (2) under patent claims owned or controlled by the Licensor that are embodied in\n         the Original Work as furnished by the Licensor, to make, use, sell and offer for sale the Original\n         Work and derivative works thereof, subject to the following conditions.\u003c/p\u003e\n\n      \u003cp\u003eAttribution Rights. You must retain, in the Source Code of any Derivative Works that You create, all\n         copyright, patent or trademark notices from the Source Code of the Original Work, as well as any\n         notices of licensing and any descriptive text identified therein as an \u0026quot;Attribution Notice.\u0026quot; You must\n         cause the Source Code for any Derivative Works that You create to carry a prominent Attribution Notice\n         reasonably calculated to inform recipients that You have modified the Original Work.\u003c/p\u003e\n\n      \u003cp\u003eExclusions from License Grant. Neither the names of Licensor, nor the names of any contributors to the\n         Original Work, nor any of their trademarks or service marks, may be used to endorse or promote\n         products derived from this Original Work without express prior written permission of the Licensor.\u003c/p\u003e\n\n      \u003cp\u003eWarranty and Disclaimer of Warranty. Licensor warrants that the copyright in and to the Original Work is\n         owned by the Licensor or that the Original Work is distributed by Licensor under a valid current\n         license from the copyright owner. Except as expressly stated in the immediately proceeding sentence,\n         the Original Work is provided under this License on an \u0026quot;AS IS\u0026quot; BASIS and WITHOUT WARRANTY, either\n         express or implied, including, without limitation, the warranties of NON-INFRINGEMENT, MERCHANTABILITY\n         or FITNESS FOR A PARTICULAR PURPOSE. THE ENTIRE RISK AS TO THE QUALITY OF THE ORIGINAL WORK IS WITH\n         YOU. This DISCLAIMER OF WARRANTY constitutes an essential part of this License. No license to Original\n         Work is granted hereunder except under this disclaimer.\u003c/p\u003e\n\n      \u003cp\u003eLimitation of Liability. Under no circumstances and under no legal theory, whether in tort (including\n         negligence), contract, or otherwise, shall the Licensor be liable to any person for any direct,\n         indirect, special, incidental, or consequential damages of any character arising as a result of this\n         License or the use of the Original Work including, without limitation, damages for loss of goodwill,\n         work stoppage, computer failure or malfunction, or any and all other commercial damages or losses.\n         This limitation of liability shall not apply to liability for death or personal injury resulting from\n         Licensor\u0026apos;s negligence to the extent applicable law prohibits such limitation. Some jurisdictions do\n         not allow the exclusion or limitation of incidental or consequential damages, so this exclusion and\n         limitation may not apply to You.\u003c/p\u003e\n\n      \u003cp\u003eLicense to Source Code. The term \u0026quot;Source Code\u0026quot; means the preferred form of the Original Work for making\n         modifications to it and all available documentation describing how to modify the Original Work. Licensor\n         hereby agrees to provide a machine-readable copy of the Source Code of the Original Work along with each\n         copy of the Original Work that Licensor distributes. Licensor reserves the right to satisfy this\n         obligation by placing a machine-readable copy of the Source Code in an information repository\n         reasonably calculated to permit inexpensive and convenient access by You for as long as\n         Licensor continues to distribute the Original Work, and by publishing the address of that\n         information repository in a notice immediately following the copyright notice that applies to\n         the Original Work.\u003c/p\u003e\n\n      \u003cp\u003eMutual Termination for Patent Action. This License shall terminate automatically and You may no longer\n         exercise any of the rights granted to You by this License if You file a lawsuit in any court alleging\n         that any OSI Certified open source software that is licensed under any license containing this \u0026quot;Mutual\n         Termination for Patent Action\u0026quot; clause infringes any patent claims that are essential to use that\n         software.\u003c/p\u003e\n\n      \u003cp\u003eRight to Use. You may use the Original Work in all ways not otherwise restricted or conditioned by this\n         License or by law, and Licensor promises not to interfere with or be responsible for such uses by\n         You.\u003c/p\u003e\n\n      \u003cp\u003eThis license is Copyright (C) 2002 Lawrence E. Rosen. All rights reserved.\u003c/p\u003e\n\n      \u003cp\u003ePermission is hereby granted to copy and distribute this license without modification. This license\n         may not be modified without the express written permission of its copyright owner.\u003c/p\u003e\n\n    ",
  "standardLicenseHeaderHtml": "\n         \u003cp\u003eLicensed under the Academic Free License version 1.2\u003c/p\u003e\n\n         "
}