{
  "isDeprecatedLicenseId": false,
  "licenseText": "\nCopyright (c) 2003-2005 Sun Microsystems, Inc. All Rights Reserved.\n\nRedistribution and use in source and binary forms, with or without modification, are permitted provided that the following conditions are met:\n\n     - Redistribution of source code must retain the above copyright notice, this list of conditions and the following disclaimer.\n\n     - Redistribution in binary form must reproduce the above copyright notice, this list of conditions and the following disclaimer in the documentation and/or other materials provided with the distribution.\n\n     - Neither the name of Sun Microsystems, Inc. or the names of contributors may be used to endorse or promote products derived from this software without specific prior written permission.\n\nThis software is provided \"AS IS,\" without a warranty of any kind. ALL EXPRESS OR IMPLIED CONDITIONS, REPRESENTATIONS AND WARRANTIES, INCLUDING ANY IMPLIED WARRANTY OF MERCHANTABILITY, FITNESS FOR A PARTICULAR PURPOSE OR NON-INFRINGEMENT, ARE HEREBY EXCLUDED. SUN MICROSYSTEMS, INC. (\"SUN\") AND ITS LICENSORS SHALL NOT BE LIABLE FOR ANY DAMAGES SUFFERED BY LICENSEE AS A RESULT OF USING, MODIFYING OR DISTRIBUTING THIS SOFTWARE OR ITS DERIVATIVES. IN NO EVENT WILL SUN OR ITS LICENSORS BE LIABLE FOR ANY LOST REVENUE, PROFIT OR DATA, OR FOR DIRECT, INDIRECT, SPECIAL, CONSEQUENTIAL, INCIDENTAL OR PUNITIVE DAMAGES, HOWEVER CAUSED AND REGARDLESS OF THE THEORY OF LIABILITY, ARISING OUT OF THE USE OF OR INABILITY TO USE THIS SOFTWARE, EVEN IF SUN HAS BEEN ADVISED OF THE POSSIBILITY OF SUCH DAMAGES.\n\nYou acknowledge that this software is not designed or intended for use in the design, construction, operation or maintenance of any nuclear facility.\n",
  "standardLicenseTemplate": "\u003c\u003cvar;name\u003d\"copyright\";original\u003d\"Copyright (c) 2003-2005 Sun Microsystems, Inc. All Rights Reserved.  \";match\u003d\".{0,5000}\"\u003e\u003e\n\nRedistribution and use in source and binary forms, with or without modification, are permitted provided that the following conditions are met:\n\n   \u003c\u003cvar;name\u003d\"bullet\";original\u003d\"-\";match\u003d\".{0,20}\"\u003e\u003e Redistribution of source code must retain the above copyright notice, this list of conditions and the following disclaimer.\n\n   \u003c\u003cvar;name\u003d\"bullet\";original\u003d\"-\";match\u003d\".{0,20}\"\u003e\u003e Redistribution in binary form must reproduce the above copyright notice, this list of conditions and the following disclaimer in the documentation and/or other materials provided with the distribution.\n\n   \u003c\u003cvar;name\u003d\"bullet\";original\u003d\"-\";match\u003d\".{0,20}\"\u003e\u003e Neither the name of Sun Microsystems, Inc. or the names of contributors may be used to endorse or promote products derived from this software without specific prior written permission.\n\nThis software is provided \"AS IS,\" without a warranty of any kind. ALL EXPRESS OR IMPLIED CONDITIONS, REPRESENTATIONS AND WARRANTIES, INCLUDING ANY IMPLIED WARRANTY OF MERCHANTABILITY, FITNESS FOR A PARTICULAR PURPOSE OR NON-INFRINGEMENT, ARE HEREBY EXCLUDED. SUN MICROSYSTEMS, INC. (\"SUN\") AND ITS LICENSORS SHALL NOT BE LIABLE FOR ANY DAMAGES SUFFERED BY LICENSEE AS A RESULT OF USING, MODIFYING OR DISTRIBUTING THIS SOFTWARE OR ITS DERIVATIVES. IN NO EVENT WILL SUN OR ITS LICENSORS BE LIABLE FOR ANY LOST REVENUE, PROFIT OR DATA, OR FOR DIRECT, INDIRECT, SPECIAL, CONSEQUENTIAL, INCIDENTAL OR PUNITIVE DAMAGES, HOWEVER CAUSED AND REGARDLESS OF THE THEORY OF LIABILITY, ARISING OUT OF THE USE OF OR INABILITY TO USE THIS SOFTWARE, EVEN IF SUN HAS BEEN ADVISED OF THE POSSIBILITY OF SUCH DAMAGES.\n\nYou acknowledge that this software is not designed or intended for use in the design, construction, operation or maintenance of any nuclear facility.\n\n",
  "name": "BSD 3-Clause No Nuclear Warranty",
  "licenseComments": "This license has a Sun copyright notice. It is the same license as BSD-3-Clause-No-Nuclear-License, except it has a disclaimer for nuclear factility use, instead of the software \"not licensed\" for such use.",
  "licenseId": "BSD-3-Clause-No-Nuclear-Warranty",
  "crossRef": [
    {
      "match": "false",
      "url": "https://jogamp.org/git/?p\u003dgluegen.git;a\u003dblob_plain;f\u003dLICENSE.txt",
      "isValid": true,
      "isLive": true,
      "timestamp": "2023-10-17T18:33:58Z",
      "isWayBackLink": false,
      "order": 0
    }
  ],
  "seeAlso": [
    "https://jogamp.org/git/?p\u003dgluegen.git;a\u003dblob_plain;f\u003dLICENSE.txt"
  ],
  "isOsiApproved": false,
  "licenseTextHtml": "\n      \u003cdiv class\u003d\"replaceable-license-text\"\u003e \n         \u003cp\u003eCopyright (c) 2003-2005 Sun Microsystems, Inc. All Rights Reserved.\u003c/p\u003e\n\n      \u003c/div\u003e\n      \u003cp\u003eRedistribution and use in source and binary forms, with or\n         without modification, are permitted provided that the\n         following conditions are met:\u003c/p\u003e\n\n\u003cul style\u003d\"list-style:none\"\u003e\n        \n\u003cli\u003e\n            \u003cvar class\u003d\"replaceable-license-text\"\u003e -\u003c/var\u003e\n          Redistribution of source code must retain the above\n             copyright notice, this list of conditions and the\n             following disclaimer.\n        \u003c/li\u003e\n        \n\u003cli\u003e\n            \u003cvar class\u003d\"replaceable-license-text\"\u003e -\u003c/var\u003e\n          Redistribution in binary form must reproduce the above\n             copyright notice, this list of conditions and the\n             following disclaimer in the documentation and/or other\n             materials provided with the distribution.\n        \u003c/li\u003e\n        \n\u003cli\u003e\n            \u003cvar class\u003d\"replaceable-license-text\"\u003e -\u003c/var\u003e\n          Neither the name of Sun Microsystems, Inc. or the names\n             of contributors may be used to endorse or promote\n             products derived from this software without specific\n             prior written permission.\n        \u003c/li\u003e\n      \n\u003c/ul\u003e\n      \u003cp\u003eThis software is provided \u0026quot;AS IS,\u0026quot; without a warranty of any\n         kind. ALL EXPRESS OR IMPLIED CONDITIONS, REPRESENTATIONS AND\n         WARRANTIES, INCLUDING ANY IMPLIED WARRANTY OF MERCHANTABILITY,\n         FITNESS FOR A PARTICULAR PURPOSE OR NON-INFRINGEMENT, ARE\n         HEREBY EXCLUDED. SUN MICROSYSTEMS, INC. (\u0026quot;SUN\u0026quot;) AND ITS\n         LICENSORS SHALL NOT BE LIABLE FOR ANY DAMAGES SUFFERED BY\n         LICENSEE AS A RESULT OF USING, MODIFYING OR DISTRIBUTING THIS\n         SOFTWARE OR ITS DERIVATIVES. IN NO EVENT WILL SUN OR ITS\n         LICENSORS BE LIABLE FOR ANY LOST REVENUE, PROFIT OR DATA, OR\n         FOR DIRECT, INDIRECT, SPECIAL, CONSEQUENTIAL, INCIDENTAL OR\n         PUNITIVE DAMAGES, HOWEVER CAUSED AND REGARDLESS OF THE THEORY\n         OF LIABILITY, ARISING OUT OF THE USE OF OR INABILITY TO USE\n         THIS SOFTWARE, EVEN IF SUN HAS BEEN ADVISED OF THE POSSIBILITY\n         OF SUCH DAMAGES.\u003c/p\u003e\n\n      \u003cp\u003eYou acknowledge that this software is not designed or intended\n         for use in the design, construction, operation or maintenance\n         of any nuclear facility.\u003c/p\u003e\n\n    "
}