{
  "isDeprecatedLicenseId": false,
  "licenseText": "This program, \"bzip2\", the associated library \"libbzip2\", and all documentation, are copyright (C) 1996-2010 Julian R Seward. All rights reserved.\n\nRedistribution and use in source and binary forms, with or without modification, are permitted provided that the following conditions are met:\n\n     1. Redistributions of source code must retain the above copyright notice, this list of conditions and the following disclaimer.\n\n     2. The origin of this software must not be misrepresented; you must not claim that you wrote the original software. If you use this software in a product, an acknowledgment in the product documentation would be appreciated but is not required.\n\n     3. Altered source versions must be plainly marked as such, and must not be misrepresented as being the original software.\n\n     4. The name of the author may not be used to endorse or promote products derived from this software without specific prior written permission.\n\nTHIS SOFTWARE IS PROVIDED BY THE AUTHOR ``AS IS\u0027\u0027 AND ANY EXPRESS OR IMPLIED WARRANTIES, INCLUDING, BUT NOT LIMITED TO, THE IMPLIED WARRANTIES OF MERCHANTABILITY AND FITNESS FOR A PARTICULAR PURPOSE ARE DISCLAIMED. IN NO EVENT SHALL THE AUTHOR BE LIABLE FOR ANY DIRECT, INDIRECT, INCIDENTAL, SPECIAL, EXEMPLARY, OR CONSEQUENTIAL DAMAGES (INCLUDING, BUT NOT LIMITED TO, PROCUREMENT OF SUBSTITUTE GOODS OR SERVICES; LOSS OF USE, DATA, OR PROFITS; OR BUSINESS INTERRUPTION) HOWEVER CAUSED AND ON ANY THEORY OF LIABILITY, WHETHER IN CONTRACT, STRICT LIABILITY, OR TORT (INCLUDING NEGLIGENCE OR OTHERWISE) ARISING IN ANY WAY OUT OF THE USE OF THIS SOFTWARE, EVEN IF ADVISED OF THE POSSIBILITY OF SUCH DAMAGE.\n\nJulian Seward, jseward@bzip.org bzip2/libbzip2 version 1.0.6 of 6 September 2010\n",
  "standardLicenseTemplate": "\u003c\u003cvar;name\u003d\"copyright\";original\u003d\"This program, \"bzip2\", the associated library \"libbzip2\", and all documentation, are copyright (C) 1996-2010 Julian R Seward. All rights reserved.  \";match\u003d\".{0,5000}\"\u003e\u003e\n\nRedistribution and use in source and binary forms, with or without modification, are permitted provided that the following conditions are met:\n\n   \u003c\u003cvar;name\u003d\"bullet\";original\u003d\"1.\";match\u003d\".{0,20}\"\u003e\u003e Redistributions of source code must retain the above copyright notice, this list of conditions and the following disclaimer.\n\n   \u003c\u003cvar;name\u003d\"bullet\";original\u003d\"2.\";match\u003d\".{0,20}\"\u003e\u003e The origin of this software must not be misrepresented; you must not claim that you wrote the original software. If you use this software in a product, an acknowledgment in the product documentation would be appreciated but is not required.\n\n   \u003c\u003cvar;name\u003d\"bullet\";original\u003d\"3.\";match\u003d\".{0,20}\"\u003e\u003e Altered source versions must be plainly marked as such, and must not be misrepresented as being the original software.\n\n   \u003c\u003cvar;name\u003d\"bullet\";original\u003d\"4.\";match\u003d\".{0,20}\"\u003e\u003e The name of the author may not be used to endorse or promote products derived from this software without specific prior written permission.\n\nTHIS SOFTWARE IS PROVIDED BY THE AUTHOR ``AS IS\u0027\u0027 AND ANY EXPRESS OR IMPLIED WARRANTIES, INCLUDING, BUT NOT LIMITED TO, THE IMPLIED WARRANTIES OF MERCHANTABILITY AND FITNESS FOR A PARTICULAR PURPOSE ARE DISCLAIMED. IN NO EVENT SHALL THE AUTHOR BE LIABLE FOR ANY DIRECT, INDIRECT, INCIDENTAL, SPECIAL, EXEMPLARY, OR CONSEQUENTIAL DAMAGES (INCLUDING, BUT NOT LIMITED TO, PROCUREMENT OF SUBSTITUTE GOODS OR SERVICES; LOSS OF USE, DATA, OR PROFITS; OR BUSINESS INTERRUPTION) HOWEVER CAUSED AND ON ANY THEORY OF LIABILITY, WHETHER IN CONTRACT, STRICT LIABILITY, OR TORT (INCLUDING NEGLIGENCE OR OTHERWISE) ARISING IN ANY WAY OUT OF THE USE OF THIS SOFTWARE, EVEN IF ADVISED OF THE POSSIBILITY OF SUCH DAMAGE.\n\n\u003c\u003cbeginOptional\u003e\u003eJulian Seward, jseward@bzip.org bzip2/libbzip2 version \u003c\u003cvar;name\u003d\"VersionNumber\";original\u003d\"1.0.6\";match\u003d\".+\"\u003e\u003e of \u003c\u003cvar;name\u003d\"VersionDate\";original\u003d\"6 September 2010\";match\u003d\".+\"\u003e\u003e\n\n\u003c\u003cendOptional\u003e\u003e\u003c\u003cbeginOptional\u003e\u003e PATENTS: To the best of my knowledge, bzip2 and libbzip2 do not use any patented algorithms. However, I do not have the resources to carry out a patent search. Therefore I cannot give any guarantee of the above statement.\n\n\u003c\u003cendOptional\u003e\u003e",
  "name": "bzip2 and libbzip2 License v1.0.6",
  "licenseId": "bzip2-1.0.6",
  "crossRef": [
    {
      "match": "false",
      "url": "http://bzip.org/1.0.5/bzip2-manual-1.0.5.html",
      "isValid": true,
      "isLive": true,
      "timestamp": "2023-10-17T18:48:33Z",
      "isWayBackLink": false,
      "order": 1
    },
    {
      "match": "false",
      "url": "https://sourceware.org/git/?p\u003dbzip2.git;a\u003dblob;f\u003dLICENSE;hb\u003dbzip2-1.0.6",
      "isValid": true,
      "isLive": true,
      "timestamp": "2023-10-17T18:48:33Z",
      "isWayBackLink": false,
      "order": 0
    }
  ],
  "seeAlso": [
    "https://sourceware.org/git/?p\u003dbzip2.git;a\u003dblob;f\u003dLICENSE;hb\u003dbzip2-1.0.6",
    "http://bzip.org/1.0.5/bzip2-manual-1.0.5.html"
  ],
  "isOsiApproved": false,
  "licenseTextHtml": "\n      \u003cdiv class\u003d\"replaceable-license-text\"\u003e \n         \u003cp\u003eThis program, \u0026quot;bzip2\u0026quot;, the associated library \u0026quot;libbzip2\u0026quot;, and all documentation, are\n         copyright (C) 1996-2010 Julian R Seward. All rights reserved.\u003c/p\u003e\n\n      \u003c/div\u003e\n\n      \u003cp\u003eRedistribution and use in source and binary forms, with or without modification, are permitted provided\n         that the following conditions are met:\u003c/p\u003e\n\n\u003cul style\u003d\"list-style:none\"\u003e\n        \n\u003cli\u003e\n            \u003cvar class\u003d\"replaceable-license-text\"\u003e 1.\u003c/var\u003e\n          Redistributions of source code must retain the above copyright notice, this list of\n             conditions and the following disclaimer.\n        \u003c/li\u003e\n        \n\u003cli\u003e\n            \u003cvar class\u003d\"replaceable-license-text\"\u003e 2.\u003c/var\u003e\n          The origin of this software must not be misrepresented; you must not claim that you wrote the\n             original software. If you use this software in a product, an acknowledgment in the product\n             documentation would be appreciated but is not required.\n        \u003c/li\u003e\n        \n\u003cli\u003e\n            \u003cvar class\u003d\"replaceable-license-text\"\u003e 3.\u003c/var\u003e\n          Altered source versions must be plainly marked as such, and must not be misrepresented as\n             being the original software.\n        \u003c/li\u003e\n        \n\u003cli\u003e\n            \u003cvar class\u003d\"replaceable-license-text\"\u003e 4.\u003c/var\u003e\n          The name of the author may not be used to endorse or promote products derived from this\n             software without specific prior written permission.\n        \u003c/li\u003e\n      \n\u003c/ul\u003e\n      \u003cp\u003eTHIS SOFTWARE IS PROVIDED BY THE AUTHOR ``AS IS\u0026apos;\u0026apos; AND ANY EXPRESS OR IMPLIED WARRANTIES,\n         INCLUDING, BUT NOT LIMITED TO, THE IMPLIED WARRANTIES OF MERCHANTABILITY AND FITNESS FOR A PARTICULAR\n         PURPOSE ARE DISCLAIMED. IN NO EVENT SHALL THE AUTHOR BE LIABLE FOR ANY DIRECT, INDIRECT, INCIDENTAL,\n         SPECIAL, EXEMPLARY, OR CONSEQUENTIAL DAMAGES (INCLUDING, BUT NOT LIMITED TO, PROCUREMENT OF SUBSTITUTE\n         GOODS OR SERVICES; LOSS OF USE, DATA, OR PROFITS; OR BUSINESS INTERRUPTION) HOWEVER CAUSED AND ON ANY\n         THEORY OF LIABILITY, WHETHER IN CONTRACT, STRICT LIABILITY, OR TORT (INCLUDING NEGLIGENCE OR\n         OTHERWISE) ARISING IN ANY WAY OUT OF THE USE OF THIS SOFTWARE, EVEN IF ADVISED OF THE POSSIBILITY OF\n         SUCH DAMAGE.\u003c/p\u003e\n\n      \u003cdiv class\u003d\"optional-license-text\"\u003e \u003cp\u003eJulian Seward, jseward@bzip.org bzip2/libbzip2 version \u003cvar class\u003d\"replaceable-license-text\"\u003e 1.0.6\u003c/var\u003e of \u003cvar class\u003d\"replaceable-license-text\"\u003e 6 September 2010\u003c/var\u003e\u003c/p\u003e\n\u003c/div\u003e\n      \u003cdiv class\u003d\"optional-license-text\"\u003e \u003cp\u003ePATENTS: To the best of my knowledge, bzip2 and libbzip2 do not use any patented algorithms.\n         However, I do not have the resources to carry out a patent search. Therefore I cannot give any\n         guarantee of the above statement.\n         \u003c/p\u003e\n\u003c/div\u003e\n     "
}