{
  "isDeprecatedLicenseId": true,
  "isFsfLibre": true,
  "licenseText": "The eCos license version 2.0\n\nThis file is part of eCos, the Embedded Configurable Operating System. Copyright (C) 1998, 1999, 2000, 2001, 2002 Red Hat, Inc.\n\neCos is free software; you can redistribute it and/or modify it under the terms of the GNU General Public License as published by the Free Software Foundation; either version 2 or (at your option) any later version.\n\neCos is distributed in the hope that it will be useful, but WITHOUT ANY WARRANTY; without even the implied warranty of MERCHANTABILITY or FITNESS FOR A PARTICULAR PURPOSE. See the GNU General Public License for more details.\n\nYou should have received a copy of the GNU General Public License along with eCos; if not, write to the Free Software Foundation, Inc., 51 Franklin St, Fifth Floor, Boston, MA 02110-1301 USA.\n\nAs a special exception, if other files instantiate templates or use macros or inline functions from this file, or you compile this file and link it with other works to produce a work based on this file, this file does not by itself cause the resulting work to be covered by the GNU General Public License. However the source code for this file must still be made available in accordance with section (3) of the GNU General Public License.\n\nThis exception does not invalidate any other reasons why a work based on this file might be covered by the GNU General Public License.\n\nAlternative licenses for eCos may be arranged by contacting Red Hat, Inc. at http://sources.redhat.com/ecos/ecos-license/ -------------------------------------------\n\n####ECOSGPLCOPYRIGHTEND####\n\n",
  "standardLicenseTemplate": "\u003c\u003cbeginOptional\u003e\u003eThe eCos license version 2.0\u003c\u003cendOptional\u003e\u003e\n\nThis file is part of eCos, the Embedded Configurable Operating System. Copyright (C) 1998, 1999, 2000, 2001, 2002 Red Hat, Inc.\n\neCos is free software; you can redistribute it and/or modify it under the terms of the GNU General Public License as published by the Free Software Foundation; either version 2 or (at your option) any later version.\n\neCos is distributed in the hope that it will be useful, but WITHOUT ANY WARRANTY; without even the implied warranty of MERCHANTABILITY or FITNESS FOR A PARTICULAR PURPOSE. See the GNU General Public License for more details.\n\nYou should have received a copy of the GNU General Public License along with eCos; if not, write to the Free Software Foundation, Inc., 51 Franklin St, Fifth Floor, Boston, MA 02110-1301 USA.\n\nAs a special exception, if other files instantiate templates or use macros or inline functions from this file, or you compile this file and link it with other works to produce a work based on this file, this file does not by itself cause the resulting work to be covered by the GNU General Public License. However the source code for this file must still be made available in accordance with section (3) of the GNU General Public License.\n\nThis exception does not invalidate any other reasons why a work based on this file might be covered by the GNU General Public License.\n\nAlternative licenses for eCos may be arranged by contacting Red Hat, Inc. at http://sources.redhat.com/ecos/ecos-license/ -------------------------------------------\n\n\u003c\u003cbeginOptional\u003e\u003e####ECOSGPLCOPYRIGHTEND####\n\n\u003c\u003cendOptional\u003e\u003e",
  "name": "eCos license version 2.0",
  "licenseComments": "DEPRECATED: Use license expression including main license, \"WITH\" operator, and identifier: eCos-exception-2.0",
  "licenseId": "eCos-2.0",
  "crossRef": [
    {
      "match": "false",
      "url": "https://www.gnu.org/licenses/ecos-license.html",
      "isValid": true,
      "isLive": true,
      "timestamp": "2023-10-17T18:34:12Z",
      "isWayBackLink": false,
      "order": 0
    }
  ],
  "seeAlso": [
    "https://www.gnu.org/licenses/ecos-license.html"
  ],
  "isOsiApproved": false,
  "licenseTextHtml": "\n      \u003cvar class\u003d\"optional-license-text\"\u003e The eCos license version 2.0\u003c/var\u003e\n\n\t     \u003cp\u003eThis file is part of eCos, the Embedded Configurable Operating System. Copyright (C) 1998, 1999, 2000, 2001, 2002 Red Hat, Inc.\u003c/p\u003e\n\n\t     \u003cp\u003eeCos is free software; you can redistribute it and/or modify it under the terms of the GNU General Public License as published by the Free Software Foundation; either version 2 or (at your option) any later version.\u003c/p\u003e\n\n\t     \u003cp\u003eeCos is distributed in the hope that it will be useful, but WITHOUT ANY WARRANTY; without even the implied warranty of MERCHANTABILITY or FITNESS FOR A PARTICULAR PURPOSE. See the GNU General Public License for more details.\u003c/p\u003e\n\n\t     \u003cp\u003eYou should have received a copy of the GNU General Public License along with eCos; if not, write to the Free Software Foundation, Inc., 51 Franklin St, Fifth Floor, Boston, MA 02110-1301 USA.\u003c/p\u003e\n\n\t     \u003cp\u003eAs a special exception, if other files instantiate templates or use macros or inline functions from this file, or you compile this file and link it with other works to produce a work based on this file, this file does not by itself cause the resulting work to be covered by the GNU General Public License. However the source code for this file must still be made available in accordance with section (3) of the GNU General Public License.\u003c/p\u003e\n\n\t     \u003cp\u003eThis exception does not invalidate any other reasons why a work based on this file might be covered by the GNU General Public License.\u003c/p\u003e\n\n\t     \u003cp\u003eAlternative licenses for eCos may be arranged by contacting Red Hat, Inc. at http://sources.redhat.com/ecos/ecos-license/ -------------------------------------------\u003c/p\u003e\n\n      \u003cdiv class\u003d\"optional-license-text\"\u003e \n\t        \u003cp\u003e####ECOSGPLCOPYRIGHTEND####\u003c/p\u003e\n\n      \u003c/div\u003e\n    ",
  "deprecatedVersion": "2.0rc2"
}