{
  "isDeprecatedLicenseId": false,
  "licenseText": "IEC Code Components End-user licence agreement\n\nCode Components in IEC standards (International Standards, Technical Specifications or\nTechnical Reports) which have been identified and approved for licensing, are licensed subject to\nthe following conditions:\n\n- Redistributions of software must retain the Copyright Notice, this list of conditions and the\ndisclaimer below (“Disclaimer”).\n- The software license extends to modifications permitted under the relevant IEC standard.\n- The software license extends to clarifications and corrections approved by IEC.\n- Neither the name of IEC, nor the names of specific contributors, may be used to endorse or\npromote products derived from this software without specific prior written permission. The\nrelevant IEC standard may be referenced when claiming compliance with the relevant IEC\nstandard.\n- The user of Code Components shall attribute each such Code Component to IEC and identify\nthe IEC standard from which it is taken. Such attribution (e.g., “This code was derived from IEC\n[insert standard reference number:publication year] within modifications permitted in the\nrelevant IEC standard. Please reproduce this note if possible.”), may be placed in the code itself\nor any other reasonable location.\n\nCode Components means components included in IEC standards that are intended to be directly\nprocessed by a computer and also includes any text found between the markers \u003cCODE\nBEGINS\u003e and \u003cCODE ENDS\u003e, or otherwise clearly labeled in this standard as a Code\nComponent.\n\nThe Disclaimer is:\nEACH OF THE CODE COMPONENTS IS PROVIDED BY THE COPYRIGHT HOLDERS AND\nCONTRIBUTORS “AS IS” AND ANY EXPRESS OR IMPLIED WARRANTIES, INCLUDING, BUT\nNOT LIMITED TO, THE IMPLIED WARRANTIES OF MERCHANTABILITY AND FITNESS FOR A\nPARTICULAR PURPOSE ARE DISCLAIMED. IN NO EVENT SHALL THE COPYRIGHT OWNER\nOR CONTRIBUTORS BE LIABLE FOR ANY DIRECT, INDIRECT, INCIDENTAL, SPECIAL,\nEXEMPLARY, OR CONSEQUENTIAL DAMAGES (INCLUDING, BUT NOT LIMITED TO,\nPROCUREMENT OF SUBSTITUTE GOODS OR SERVICES; LOSS OF USE, DATA, OR\nPROFITS; OR BUSINESS INTERRUPTION) HOWEVER CAUSED AND ON ANY THEORY OF\nLIABILITY, WHETHER IN CONTRACT, STRICT LIABILITY, OR TORT (INCLUDING\nNEGLIGENCE OR OTHERWISE) ARISING IN ANY WAY OUT OF THE USE OF THE CODE\nCOMPONENTS, EVEN IF ADVISED OF THE POSSIBILITY OF SUCH DAMAGE. \n",
  "standardLicenseTemplate": "\u003c\u003cbeginOptional\u003e\u003eIEC Code Components End-user licence agreement\u003c\u003cendOptional\u003e\u003e\n\nCode Components in IEC standards (International Standards, Technical Specifications or Technical Reports) which have been identified and approved for licensing, are licensed subject to the following conditions:\n\n   \u003c\u003cvar;name\u003d\"bullet\";original\u003d\"-\";match\u003d\".{0,20}\"\u003e\u003e\n\n   Redistributions of software must retain the Copyright Notice, this list of conditions and the disclaimer below (\"Disclaimer\").\n\n   \u003c\u003cvar;name\u003d\"bullet\";original\u003d\"-\";match\u003d\".{0,20}\"\u003e\u003e\n\n   The software license extends to modifications permitted under the relevant IEC standard.\n\n   \u003c\u003cvar;name\u003d\"bullet\";original\u003d\"-\";match\u003d\".{0,20}\"\u003e\u003e\n\n   The software license extends to clarifications and corrections approved by IEC.\n\n   \u003c\u003cvar;name\u003d\"bullet\";original\u003d\"-\";match\u003d\".{0,20}\"\u003e\u003e\n\n   Neither the name of IEC, nor the names of specific contributors, may be used to endorse or promote products derived from this software without specific prior written permission. The relevant IEC standard may be referenced when claiming compliance with the relevant IEC standard.\n\n   \u003c\u003cvar;name\u003d\"bullet\";original\u003d\"-\";match\u003d\".{0,20}\"\u003e\u003e\n\n   The user of Code Components shall attribute each such Code Component to IEC and identify the IEC standard from which it is taken. Such attribution (e.g., \"This code was derived from IEC [insert standard reference number:publication year] within modifications permitted in the relevant IEC standard. Please reproduce this note if possible.\"), may be placed in the code itself or any other reasonable location.\n\nCode Components means components included in IEC standards that are intended to be directly processed by a computer and also includes any text found between the markers \u003cCODE BEGINS\u003e and \u003cCODE ENDS\u003e, or otherwise clearly labeled in this standard as a Code Component.\n\nThe Disclaimer is: EACH OF THE CODE COMPONENTS IS PROVIDED BY THE COPYRIGHT HOLDERS AND CONTRIBUTORS \"AS IS\" AND ANY EXPRESS OR IMPLIED WARRANTIES, INCLUDING, BUT NOT LIMITED TO, THE IMPLIED WARRANTIES OF MERCHANTABILITY AND FITNESS FOR A PARTICULAR PURPOSE ARE DISCLAIMED. IN NO EVENT SHALL THE COPYRIGHT OWNER OR CONTRIBUTORS BE LIABLE FOR ANY DIRECT, INDIRECT, INCIDENTAL, SPECIAL, EXEMPLARY, OR CONSEQUENTIAL DAMAGES (INCLUDING, BUT NOT LIMITED TO, PROCUREMENT OF SUBSTITUTE GOODS OR SERVICES; LOSS OF USE, DATA, OR PROFITS; OR BUSINESS INTERRUPTION) HOWEVER CAUSED AND ON ANY THEORY OF LIABILITY, WHETHER IN CONTRACT, STRICT LIABILITY, OR TORT (INCLUDING NEGLIGENCE OR OTHERWISE) ARISING IN ANY WAY OUT OF THE USE OF THE CODE COMPONENTS, EVEN IF ADVISED OF THE POSSIBILITY OF SUCH DAMAGE.\n\n",
  "name": "IEC    Code Components End-user licence agreement",
  "licenseId": "IEC-Code-Components-EULA",
  "crossRef": [
    {
      "match": "false",
      "url": "https://www.iec.ch/copyright",
      "isValid": true,
      "isLive": true,
      "timestamp": "2023-10-17T18:39:26Z",
      "isWayBackLink": false,
      "order": 2
    },
    {
      "match": "false",
      "url": "https://www.iec.ch/CCv1",
      "isValid": true,
      "isLive": true,
      "timestamp": "2023-10-17T18:39:27Z",
      "isWayBackLink": false,
      "order": 1
    },
    {
      "match": "false",
      "url": "https://www.iec.ch/webstore/custserv/pdf/CC-EULA.pdf",
      "isValid": true,
      "isLive": true,
      "timestamp": "2023-10-17T18:39:27Z",
      "isWayBackLink": false,
      "order": 0
    }
  ],
  "seeAlso": [
    "https://www.iec.ch/webstore/custserv/pdf/CC-EULA.pdf",
    "https://www.iec.ch/CCv1",
    "https://www.iec.ch/copyright"
  ],
  "isOsiApproved": false,
  "licenseTextHtml": "\n         \u003cvar class\u003d\"optional-license-text\"\u003e IEC Code Components End-user licence\n         agreement\u003c/var\u003e\n         \u003cp\u003e\n            Code Components in IEC standards (International Standards,\n            Technical Specifications or Technical Reports) which\n            have been identified and approved for licensing,\n            are licensed subject to the following conditions:\n         \u003c/p\u003e\n\n\u003cul style\u003d\"list-style:none\"\u003e\n            \n\u003cli\u003e\n               \u003cvar class\u003d\"replaceable-license-text\"\u003e -\u003c/var\u003e\n               \u003cp\u003e\n                  Redistributions of software must retain the\n                  Copyright Notice, this list of conditions\n                  and the disclaimer below (\u0026quot;Disclaimer\u0026quot;).\n               \u003c/p\u003e\n\n            \u003c/li\u003e\n            \n\u003cli\u003e\n               \u003cvar class\u003d\"replaceable-license-text\"\u003e -\u003c/var\u003e\n               \u003cp\u003e\n                  The software license extends to modifications\n                  permitted under the relevant IEC standard.\n               \u003c/p\u003e\n\n            \u003c/li\u003e\n            \n\u003cli\u003e\n               \u003cvar class\u003d\"replaceable-license-text\"\u003e -\u003c/var\u003e\n               \u003cp\u003e\n                  The software license extends to clarifications\n                  and corrections approved by IEC.\n               \u003c/p\u003e\n\n            \u003c/li\u003e\n            \n\u003cli\u003e\n               \u003cvar class\u003d\"replaceable-license-text\"\u003e -\u003c/var\u003e\n               \u003cp\u003e\n                  Neither the name of IEC, nor the names of specific\n                  contributors, may be used to endorse or promote products\n                  derived from this software without specific prior written\n                  permission. The relevant IEC standard may be referenced\n                  when claiming compliance with the relevant IEC standard.\n               \u003c/p\u003e\n\n            \u003c/li\u003e\n            \n\u003cli\u003e\n               \u003cvar class\u003d\"replaceable-license-text\"\u003e -\u003c/var\u003e\n               \u003cp\u003e\n                  The user of Code Components shall attribute each such Code\n                  Component to IEC and identify the IEC standard from which\n                  it is taken. Such attribution (e.g., \u0026quot;This code was derived\n                  from IEC [insert standard reference number:publication\n                  year] within modifications permitted in the relevant IEC\n                  standard. Please reproduce this note if possible.\u0026quot;), may be\n                  placed in the code itself or any other reasonable location.\n               \u003c/p\u003e\n\n            \u003c/li\u003e\n         \n\u003c/ul\u003e\n         \u003cp\u003e\n            Code Components means components included in IEC standards\n            that are intended to be directly processed by a computer\n            and also includes any text found between the markers\n            \u0026lt;CODE BEGINS\u0026gt; and \u0026lt;CODE ENDS\u0026gt;, or otherwise\n            clearly labeled in this standard as a Code Component.\n         \u003c/p\u003e\n\n         \u003cp\u003e\n            The Disclaimer is: EACH OF THE CODE COMPONENTS IS PROVIDED BY\n            THE COPYRIGHT HOLDERS AND CONTRIBUTORS \u0026quot;AS IS\u0026quot; AND ANY EXPRESS\n            OR IMPLIED WARRANTIES, INCLUDING, BUT NOT LIMITED TO, THE IMPLIED\n            WARRANTIES OF MERCHANTABILITY AND FITNESS FOR A PARTICULAR\n            PURPOSE ARE DISCLAIMED. IN NO EVENT SHALL THE COPYRIGHT OWNER\n            OR CONTRIBUTORS BE LIABLE FOR ANY DIRECT, INDIRECT, INCIDENTAL,\n            SPECIAL, EXEMPLARY, OR CONSEQUENTIAL DAMAGES (INCLUDING, BUT\n            NOT LIMITED TO, PROCUREMENT OF SUBSTITUTE GOODS OR SERVICES;\n            LOSS OF USE, DATA, OR PROFITS; OR BUSINESS INTERRUPTION)\n            HOWEVER CAUSED AND ON ANY THEORY OF LIABILITY, WHETHER IN\n            CONTRACT, STRICT LIABILITY, OR TORT (INCLUDING NEGLIGENCE\n            OR OTHERWISE) ARISING IN ANY WAY OUT OF THE USE OF THE CODE\n            COMPONENTS, EVEN IF ADVISED OF THE POSSIBILITY OF SUCH DAMAGE.\n         \u003c/p\u003e\n\n      "
}