{
  "isDeprecatedLicenseId": false,
  "licenseText": "COPYRIGHT\n\nThe following is a notice of limited availability of the code, and disclaimer which must be included in the prologue of the code and in all source listings of the code.\n\nCopyright Notice\n1998--2020, Argonne National Laboratory\n\nPermission is hereby granted to use, reproduce, prepare derivative works, and to redistribute to others. This software was authored by:\n\nMathematics and Computer Science Division\nArgonne National Laboratory, Argonne IL 60439\n\n(and)\n\nDepartment of Computer Science\nUniversity of Illinois at Urbana-Champaign\n\nGOVERNMENT LICENSE\n\nPortions of this material resulted from work developed under a U.S. Government Contract and are subject to the following license: the Government is granted for itself and others acting on its behalf a paid-up, nonexclusive, irrevocable worldwide license in this computer software to reproduce, prepare derivative works, and perform publicly and display publicly.\n\nDISCLAIMER\n\nThis computer code material was prepared, in part, as an account of work sponsored by an agency of the United States Government. Neither the United States, nor the University of Chicago, nor any of their employees, makes any warranty express or implied, or assumes any legal liability or responsibility for the accuracy, completeness, or usefulness of any information, apparatus, product, or process disclosed, or represents that its use would not infringe privately owned rights.\n",
  "standardLicenseTemplate": "\u003c\u003cvar;name\u003d\"copyright\";original\u003d\"COPYRIGHT  \";match\u003d\".{0,5000}\"\u003e\u003e\n\nThe following is a notice of limited availability of the code, and disclaimer which must be included in the prologue of the code and in all source listings of the code.\n\n\u003c\u003cvar;name\u003d\"copyright\";original\u003d\"Copyright Notice    1998--2020, Argonne National Laboratory  \";match\u003d\".{0,5000}\"\u003e\u003e\n\nPermission is hereby granted to use, reproduce, prepare derivative works, and to redistribute to others. This software was authored by:\n\n\u003c\u003cvar;name\u003d\"author\";original\u003d\"Mathematics and Computer Science Division    Argonne National Laboratory, Argonne IL 60439    (and)    Department of Computer Science    University of Illinois at Urbana-Champaign  \";match\u003d\".+\"\u003e\u003e\n\nGOVERNMENT LICENSE\n\nPortions of this material resulted from work developed under a U.S. Government Contract and are subject to the following license: the Government is granted for itself and others acting on its behalf a paid-up, nonexclusive, irrevocable worldwide license in this computer software to reproduce, prepare derivative works, and perform publicly and display publicly.\n\nDISCLAIMER\n\nThis computer code material was prepared, in part, as an account of work sponsored by an agency of the United States Government. Neither the United States, nor the University of Chicago, nor any of their employees, makes any warranty express or implied, or assumes any legal liability or responsibility for the accuracy, completeness, or usefulness of any information, apparatus, product, or process disclosed, or represents that its use would not infringe privately owned rights.\n\n",
  "name": "mpich2 License",
  "licenseId": "mpich2",
  "crossRef": [
    {
      "match": "false",
      "url": "https://fedoraproject.org/wiki/Licensing/MIT",
      "isValid": true,
      "isLive": true,
      "timestamp": "2023-10-17T18:33:47Z",
      "isWayBackLink": false,
      "order": 0
    }
  ],
  "seeAlso": [
    "https://fedoraproject.org/wiki/Licensing/MIT"
  ],
  "isOsiApproved": false,
  "licenseTextHtml": "\n      \u003cdiv class\u003d\"replaceable-license-text\"\u003e \n         \u003cp\u003eCOPYRIGHT\u003c/p\u003e\n\n      \u003c/div\u003e\n\n      \u003cp\u003eThe following is a notice of limited availability of the code, and disclaimer which must be included in\n\t      the prologue of the code and in all source listings of the code.\u003c/p\u003e\n\n      \u003cdiv class\u003d\"replaceable-license-text\"\u003e \n\t      \u003cp\u003eCopyright Notice\u003c/p\u003e\n\n\t      \u003cp\u003e1998--2020, Argonne National Laboratory\u003c/p\u003e\n\n      \u003c/div\u003e\n      \u003cp\u003ePermission is hereby granted to use, reproduce, prepare derivative works, and to redistribute to others.\n         This software was authored by:\u003c/p\u003e\n\n      \u003cdiv class\u003d\"replaceable-license-text\"\u003e \n\t \u003cp\u003eMathematics and Computer Science Division\u003c/p\u003e\n\n\t \u003cp\u003eArgonne National Laboratory, Argonne IL 60439\u003c/p\u003e\n\n\t \u003cp\u003e(and)\u003c/p\u003e\n\n\t \u003cp\u003eDepartment of Computer Science\u003c/p\u003e\n\n\t \u003cp\u003eUniversity of Illinois at Urbana-Champaign\u003c/p\u003e\n\n      \u003c/div\u003e\n      \u003cp\u003eGOVERNMENT LICENSE\u003c/p\u003e\n\n      \u003cp\u003ePortions of this material resulted from work developed under a U.S. Government Contract and are subject\n         to the following license: the Government is granted for itself and others acting on its behalf a\n         paid-up, nonexclusive, irrevocable worldwide license in this computer software to reproduce, prepare\n         derivative works, and perform publicly and display publicly.\u003c/p\u003e\n\n      \u003cp\u003eDISCLAIMER\u003c/p\u003e\n\n      \u003cp\u003eThis computer code material was prepared, in part, as an account of work sponsored by an agency of the\n         United States Government. Neither the United States, nor the University of Chicago, nor any of their\n         employees, makes any warranty express or implied, or assumes any legal liability or responsibility for\n         the accuracy, completeness, or usefulness of any information, apparatus, product, or process\n         disclosed, or represents that its use would not infringe privately owned rights.\u003c/p\u003e\n\n    "
}