{
  "isDeprecatedLicenseId": false,
  "licenseText": "OGC Software License, Version 1.0\n\nThis OGC work (including software, documents, or other related items) is being provided by the copyright holders under the following license. By obtaining, using and/or copying this work, you (the licensee) agree that you have read, understood, and will comply with the following terms and conditions:\n\nPermission to use, copy, and modify this software and its documentation, with or without modification, for any purpose and without fee or royalty is hereby granted, provided that you include the following on ALL copies of the software and documentation or portions thereof, including modifications, that you make:\n\n1. The full text of this NOTICE in a location viewable to users of the redistributed or derivative work.\n\n2. Any pre-existing intellectual property disclaimers, notices, or terms and conditions. If none exist, a short notice of the following form (hypertext is preferred, text is permitted) should be used within the body of any redistributed or derivative code: \"Copyright © [$date-of-document] Open Geospatial Consortium, Inc. All Rights Reserved. http://www.ogc.org/ogc/legal (Hypertext is preferred, but a textual representation is permitted.)\n\n3. Notice of any changes or modifications to the OGC files, including the date changes were made. (We recommend you provide URIs to the location from which the code is derived.)\n\nTHIS SOFTWARE AND DOCUMENTATION IS PROVIDED \"AS IS,\" AND COPYRIGHT HOLDERS MAKE NO REPRESENTATIONS OR WARRANTIES, EXPRESS OR IMPLIED, INCLUDING BUT NOT LIMITED TO, WARRANTIES OF MERCHANTABILITY OR FITNESS FOR ANY PARTICULAR PURPOSE OR THAT THE USE OF THE SOFTWARE OR DOCUMENTATION WILL NOT INFRINGE ANY THIRD PARTY PATENTS, COPYRIGHTS, TRADEMARKS OR OTHER RIGHTS.\n\nCOPYRIGHT HOLDERS WILL NOT BE LIABLE FOR ANY DIRECT, INDIRECT, SPECIAL OR CONSEQUENTIAL DAMAGES ARISING OUT OF ANY USE OF THE SOFTWARE OR DOCUMENTATION.\n\nThe name and trademarks of copyright holders may NOT be used in advertising or publicity pertaining to the software without specific, written prior permission. Title to copyright in this software and any associated documentation will at all times remain with copyright holders.\n",
  "standardLicenseTemplate": "\u003c\u003cbeginOptional\u003e\u003eOGC Software License, Version 1.0\u003c\u003cendOptional\u003e\u003e\n\nThis OGC work (including software, documents, or other related items) is being provided by the copyright holders under the following license. By obtaining, using and/or copying this work, you (the licensee) agree that you have read, understood, and will comply with the following terms and conditions:\n\nPermission to use, copy, and modify this software and its documentation, with or without modification, for any purpose and without fee or royalty is hereby granted, provided that you include the following on ALL copies of the software and documentation or portions thereof, including modifications, that you make:\n\n   \u003c\u003cvar;name\u003d\"bullet\";original\u003d\"1.\";match\u003d\".{0,20}\"\u003e\u003e The full text of this NOTICE in a location viewable to users of the redistributed or derivative work.\n\n   \u003c\u003cvar;name\u003d\"bullet\";original\u003d\"2.\";match\u003d\".{0,20}\"\u003e\u003e Any pre-existing intellectual property disclaimers, notices, or terms and conditions. If none exist, a short notice of the following form (hypertext is preferred, text is permitted) should be used within the body of any redistributed or derivative code: \"Copyright © [$date-of-document] Open Geospatial Consortium, Inc. All Rights Reserved. http://www. \u003c\u003cvar;name\u003d\"url1\";original\u003d\"ogc\";match\u003d\"ogc|opengeospatial\"\u003e\u003e .org/ogc/legal (Hypertext is preferred, but a textual representation is permitted.)\n\n   \u003c\u003cvar;name\u003d\"bullet\";original\u003d\"3.\";match\u003d\".{0,20}\"\u003e\u003e Notice of any changes or modifications to the OGC files, including the date changes were made. (We recommend you provide URIs to the location from which the code is derived.)\n\nTHIS SOFTWARE AND DOCUMENTATION IS PROVIDED \"AS IS,\" AND COPYRIGHT HOLDERS MAKE NO REPRESENTATIONS OR WARRANTIES, EXPRESS OR IMPLIED, INCLUDING BUT NOT LIMITED TO, WARRANTIES OF MERCHANTABILITY OR FITNESS FOR ANY PARTICULAR PURPOSE OR THAT THE USE OF THE SOFTWARE OR DOCUMENTATION WILL NOT INFRINGE ANY THIRD PARTY PATENTS, COPYRIGHTS, TRADEMARKS OR OTHER RIGHTS.\n\nCOPYRIGHT HOLDERS WILL NOT BE LIABLE FOR ANY DIRECT, INDIRECT, SPECIAL OR CONSEQUENTIAL DAMAGES ARISING OUT OF ANY USE OF THE SOFTWARE OR DOCUMENTATION.\n\nThe name and trademarks of copyright holders may NOT be used in advertising or publicity pertaining to the software without specific, written prior permission. Title to copyright in this software and any associated documentation will at all times remain with copyright holders.\n\n",
  "name": "OGC Software License, Version 1.0",
  "licenseId": "OGC-1.0",
  "crossRef": [
    {
      "match": "N/A",
      "url": "https://www.ogc.org/ogc/software/1.0",
      "isValid": true,
      "isLive": false,
      "timestamp": "2023-10-17T18:42:06Z",
      "isWayBackLink": false,
      "order": 0
    }
  ],
  "seeAlso": [
    "https://www.ogc.org/ogc/software/1.0"
  ],
  "isOsiApproved": false,
  "licenseTextHtml": "\n            \u003cvar class\u003d\"optional-license-text\"\u003e \n                OGC Software License, Version 1.0\n            \u003c/var\u003e\n\n            \u003cp\u003eThis OGC work (including software, documents, or other related items) is being provided by the copyright holders under the following license. By obtaining, using and/or copying this work, you (the licensee) agree that you have read, understood, and will comply with the following terms and conditions:\u003c/p\u003e\n\n            \u003cp\u003ePermission to use, copy, and modify this software and its documentation, with or without modification, for any purpose and without fee or royalty is hereby granted, provided that you include the following on ALL copies of the software and documentation or portions thereof, including modifications, that you make:\u003c/p\u003e\n\n\u003cul style\u003d\"list-style:none\"\u003e\n                \n\u003cli\u003e\u003cvar class\u003d\"replaceable-license-text\"\u003e 1.\u003c/var\u003e The full text of this NOTICE in a location viewable to users of the redistributed or derivative work.\u003c/li\u003e\n\n\u003cli\u003e\u003cvar class\u003d\"replaceable-license-text\"\u003e 2.\u003c/var\u003e Any pre-existing intellectual property disclaimers, notices, or terms and conditions. If none exist, a short notice of the following form (hypertext is preferred, text is permitted) should be used within the body of any redistributed or derivative code: \u0026quot;Copyright © [$date-of-document] Open Geospatial Consortium, Inc. All Rights Reserved. http://www.\u003cvar class\u003d\"replaceable-license-text\"\u003e ogc\u003c/var\u003e.org/ogc/legal (Hypertext is preferred, but a textual representation is permitted.)\u003c/li\u003e\n\n\u003cli\u003e\u003cvar class\u003d\"replaceable-license-text\"\u003e 3.\u003c/var\u003e Notice of any changes or modifications to the OGC files, including the date changes were made. (We recommend you provide URIs to the location from which the code is derived.)\u003c/li\u003e\n            \n\u003c/ul\u003e\n\n            \u003cp\u003eTHIS SOFTWARE AND DOCUMENTATION IS PROVIDED \u0026quot;AS IS,\u0026quot; AND COPYRIGHT HOLDERS MAKE NO REPRESENTATIONS OR WARRANTIES, EXPRESS OR IMPLIED, INCLUDING BUT NOT LIMITED TO, WARRANTIES OF MERCHANTABILITY OR FITNESS FOR ANY PARTICULAR PURPOSE OR THAT THE USE OF THE SOFTWARE OR DOCUMENTATION WILL NOT INFRINGE ANY THIRD PARTY PATENTS, COPYRIGHTS, TRADEMARKS OR OTHER RIGHTS.\u003c/p\u003e\n\n            \u003cp\u003eCOPYRIGHT HOLDERS WILL NOT BE LIABLE FOR ANY DIRECT, INDIRECT, SPECIAL OR CONSEQUENTIAL DAMAGES ARISING OUT OF ANY USE OF THE SOFTWARE OR DOCUMENTATION.\u003c/p\u003e\n\n            \u003cp\u003eThe name and trademarks of copyright holders may NOT be used in advertising or publicity pertaining to the software without specific, written prior permission. Title to copyright in this software and any associated documentation will at all times remain with copyright holders.\u003c/p\u003e\n\n        "
}