{
  "isDeprecatedLicenseId": false,
  "licenseText": "Copyright 2002 (C) The Codehaus. All Rights Reserved.\n\nRedistribution and use of this software and associated documentation (\"Software\"), with or without modification, are permitted provided that the following conditions are met:\n\n1. Redistributions of source code must retain copyright statements and notices. Redistributions must also contain a copy of this document.\n\n2. Redistributions in binary form must reproduce the above copyright notice, this list of conditions and the following disclaimer in the documentation and/or other materials provided with the distribution.\n\n3. The name \"classworlds” must not be used to endorse or promote products derived from this Software without prior written permission of The Codehaus. For written permission, please contact bob@codehaus.org.\n\n4. Products derived from this Software may not be called \"classworlds” nor may \"classworlds” appear in their names without prior written permission of The Codehaus. \"classworlds” is a registered trademark of The Codehaus.\n\n5. Due credit should be given to The Codehaus. (http://classworlds.codehaus.org/).\n\nTHIS SOFTWARE IS PROVIDED BY THE CODEHAUS AND CONTRIBUTORS ``AS IS\u0027\u0027 AND ANY EXPRESSED OR IMPLIED WARRANTIES, INCLUDING, BUT NOT LIMITED TO, THE IMPLIED WARRANTIES OF MERCHANTABILITY AND FITNESS FOR A PARTICULAR PURPOSE ARE DISCLAIMED. IN NO EVENT SHALL THE CODEHAUS OR ITS CONTRIBUTORS BE LIABLE FOR ANY DIRECT, INDIRECT, INCIDENTAL, SPECIAL, EXEMPLARY, OR CONSEQUENTIAL DAMAGES (INCLUDING, BUT NOT LIMITED TO, PROCUREMENT OF SUBSTITUTE GOODS OR SERVICES; LOSS OF USE, DATA, OR PROFITS; OR BUSINESS INTERRUPTION) HOWEVER CAUSED AND ON ANY THEORY OF LIABILITY, WHETHER IN CONTRACT, STRICT LIABILITY, OR TORT (INCLUDING NEGLIGENCE OR OTHERWISE) ARISING IN ANY WAY OUT OF THE USE OF THIS SOFTWARE, EVEN IF ADVISED OF THE POSSIBILITY OF SUCH DAMAGE.\n",
  "standardLicenseTemplate": "\u003c\u003cvar;name\u003d\"copyright\";original\u003d\"Copyright 2002 (C) The Codehaus. All Rights Reserved.  \";match\u003d\".{0,5000}\"\u003e\u003e\n\nRedistribution and use of this software and associated documentation (\"Software\"), with or without modification, are permitted provided that the following conditions are met:\n\n   \u003c\u003cvar;name\u003d\"bullet\";original\u003d\"1.\";match\u003d\".{0,20}\"\u003e\u003e Redistributions of source code must retain copyright statements and notices. Redistributions must also contain a copy of this document.\n\n   \u003c\u003cvar;name\u003d\"bullet\";original\u003d\"2.\";match\u003d\".{0,20}\"\u003e\u003e Redistributions in binary form must reproduce the above copyright notice, this list of conditions and the following disclaimer in the documentation and/or other materials provided with the distribution.\n\n   \u003c\u003cvar;name\u003d\"bullet\";original\u003d\"3.\";match\u003d\".{0,20}\"\u003e\u003e The name \u003c\u003cvar;name\u003d\"nameClause3\";original\u003d\"\"classworlds\"\";match\u003d\".+\"\u003e\u003e must not be used to endorse or promote products derived from this Software without prior written permission of \u003c\u003cvar;name\u003d\"organizationClause3\";original\u003d\"The Codehaus\";match\u003d\".+\"\u003e\u003e . For written permission, please contact \u003c\u003cvar;name\u003d\"contactClause4\";original\u003d\"bob@codehaus.org\";match\u003d\".+\"\u003e\u003e .\n\n   \u003c\u003cvar;name\u003d\"bullet\";original\u003d\"4.\";match\u003d\".{0,20}\"\u003e\u003e Products derived from this Software may not be called \u003c\u003cvar;name\u003d\"nameClause4\";original\u003d\"\"classworlds\"\";match\u003d\".+\"\u003e\u003e nor may \u003c\u003cvar;name\u003d\"name2Clause4\";original\u003d\"\"classworlds\"\";match\u003d\".+\"\u003e\u003e appear in their names without prior written permission of \u003c\u003cvar;name\u003d\"name3Clause4\";original\u003d\"The Codehaus\";match\u003d\".+\"\u003e\u003e . \u003c\u003cvar;name\u003d\"trademark\";original\u003d\"\"classworlds\"\";match\u003d\".+\"\u003e\u003e is a registered trademark of \u003c\u003cvar;name\u003d\"name4Clause4\";original\u003d\"The Codehaus\";match\u003d\".+\"\u003e\u003e .\n\n   \u003c\u003cvar;name\u003d\"bullet\";original\u003d\"5.\";match\u003d\".{0,20}\"\u003e\u003e Due credit should be given to \u003c\u003cvar;name\u003d\"nameURL\";original\u003d\"The Codehaus. (http://classworlds.codehaus.org/)\";match\u003d\".+\"\u003e\u003e .\n\nTHIS SOFTWARE IS PROVIDED BY \u003c\u003cvar;name\u003d\"nameDisclaimer\";original\u003d\"THE CODEHAUS\";match\u003d\".+\"\u003e\u003e AND CONTRIBUTORS ``AS IS\u0027\u0027 AND ANY EXPRESSED OR IMPLIED WARRANTIES, INCLUDING, BUT NOT LIMITED TO, THE IMPLIED WARRANTIES OF MERCHANTABILITY AND FITNESS FOR A PARTICULAR PURPOSE ARE DISCLAIMED. IN NO EVENT SHALL \u003c\u003cvar;name\u003d\"name2Disclaimer\";original\u003d\"THE CODEHAUS\";match\u003d\".+\"\u003e\u003e OR ITS CONTRIBUTORS BE LIABLE FOR ANY DIRECT, INDIRECT, INCIDENTAL, SPECIAL, EXEMPLARY, OR CONSEQUENTIAL DAMAGES (INCLUDING, BUT NOT LIMITED TO, PROCUREMENT OF SUBSTITUTE GOODS OR SERVICES; LOSS OF USE, DATA, OR PROFITS; OR BUSINESS INTERRUPTION) HOWEVER CAUSED AND ON ANY THEORY OF LIABILITY, WHETHER IN CONTRACT, STRICT LIABILITY, OR TORT (INCLUDING NEGLIGENCE OR OTHERWISE) ARISING IN ANY WAY OUT OF THE USE OF THIS SOFTWARE, EVEN IF ADVISED OF THE POSSIBILITY OF SUCH DAMAGE.\n\n",
  "name": "Plexus Classworlds License",
  "licenseComments": "dom4j uses this same license.",
  "licenseId": "Plexus",
  "crossRef": [
    {
      "match": "false",
      "url": "https://fedoraproject.org/wiki/Licensing/Plexus_Classworlds_License",
      "isValid": true,
      "isLive": true,
      "timestamp": "2023-10-17T18:38:20Z",
      "isWayBackLink": false,
      "order": 0
    }
  ],
  "seeAlso": [
    "https://fedoraproject.org/wiki/Licensing/Plexus_Classworlds_License"
  ],
  "isOsiApproved": false,
  "licenseTextHtml": "\n      \u003cdiv class\u003d\"replaceable-license-text\"\u003e \n         \u003cp\u003eCopyright 2002 (C) The Codehaus. All Rights Reserved. \n      \u003c/p\u003e\n\n      \u003c/div\u003e\n\n      \u003cp\u003eRedistribution and use of this software and associated documentation (\u0026quot;Software\u0026quot;), with or without\n         modification, are permitted provided that the following conditions are met:\u003c/p\u003e\n\n\u003cul style\u003d\"list-style:none\"\u003e\n        \n\u003cli\u003e\n            \u003cvar class\u003d\"replaceable-license-text\"\u003e 1.\u003c/var\u003e\n          Redistributions of source code must retain copyright statements and notices. Redistributions must\n             also contain a copy of this document.\n        \u003c/li\u003e\n        \n\u003cli\u003e\n            \u003cvar class\u003d\"replaceable-license-text\"\u003e 2.\u003c/var\u003e\n          Redistributions in binary form must reproduce the above copyright notice, this list of conditions\n             and the following disclaimer in the documentation and/or other materials provided with the\n             distribution.\n        \u003c/li\u003e\n        \n\u003cli\u003e\n            \u003cvar class\u003d\"replaceable-license-text\"\u003e 3.\u003c/var\u003e\n          The name\n            \u003cvar class\u003d\"replaceable-license-text\"\u003e \u0026quot;classworlds\u0026quot;\u003c/var\u003e must not be used to endorse or promote\n            products derived from this Software without prior written permission of\n            \u003cvar class\u003d\"replaceable-license-text\"\u003e The Codehaus\u003c/var\u003e. For written permission, please contact\n            \u003cvar class\u003d\"replaceable-license-text\"\u003e bob@codehaus.org\u003c/var\u003e.\n\n        \u003c/li\u003e\n        \n\u003cli\u003e\n            \u003cvar class\u003d\"replaceable-license-text\"\u003e 4.\u003c/var\u003e\n          Products derived from this Software may not be called\n            \u003cvar class\u003d\"replaceable-license-text\"\u003e \u0026quot;classworlds\u0026quot;\u003c/var\u003e nor may\n            \u003cvar class\u003d\"replaceable-license-text\"\u003e \u0026quot;classworlds\u0026quot;\u003c/var\u003e appear in their names without prior\n            written permission of\n            \u003cvar class\u003d\"replaceable-license-text\"\u003e The Codehaus\u003c/var\u003e.\n            \u003cvar class\u003d\"replaceable-license-text\"\u003e \u0026quot;classworlds\u0026quot;\u003c/var\u003e is a registered trademark of\n            \u003cvar class\u003d\"replaceable-license-text\"\u003e The Codehaus\u003c/var\u003e.\n\n        \u003c/li\u003e\n        \n\u003cli\u003e\n            \u003cvar class\u003d\"replaceable-license-text\"\u003e 5.\u003c/var\u003e\n          Due credit should be given to\n            \u003cvar class\u003d\"replaceable-license-text\"\u003e The Codehaus. (http://classworlds.codehaus.org/)\u003c/var\u003e.\n\n        \u003c/li\u003e\n      \n\u003c/ul\u003e\n      \u003cp\u003eTHIS SOFTWARE IS PROVIDED BY\n        \u003cvar class\u003d\"replaceable-license-text\"\u003e THE CODEHAUS\u003c/var\u003e AND CONTRIBUTORS ``AS IS\u0026apos;\u0026apos; AND ANY EXPRESSED OR\n        IMPLIED WARRANTIES, INCLUDING, BUT NOT LIMITED TO, THE IMPLIED WARRANTIES OF MERCHANTABILITY AND FITNESS\n        FOR A PARTICULAR PURPOSE ARE DISCLAIMED. IN NO EVENT SHALL\n        \u003cvar class\u003d\"replaceable-license-text\"\u003e THE CODEHAUS\u003c/var\u003e OR ITS CONTRIBUTORS BE LIABLE FOR ANY DIRECT,\n        INDIRECT, INCIDENTAL, SPECIAL, EXEMPLARY, OR CONSEQUENTIAL DAMAGES (INCLUDING, BUT NOT LIMITED TO,\n        PROCUREMENT OF SUBSTITUTE GOODS OR SERVICES; LOSS OF USE, DATA, OR PROFITS; OR BUSINESS INTERRUPTION)\n        HOWEVER CAUSED AND ON ANY THEORY OF LIABILITY, WHETHER IN CONTRACT, STRICT LIABILITY, OR TORT (INCLUDING\n        NEGLIGENCE OR OTHERWISE) ARISING IN ANY WAY OUT OF THE USE OF THIS SOFTWARE, EVEN IF ADVISED OF THE\n        POSSIBILITY OF SUCH DAMAGE.\n      \u003c/p\u003e\n\n    "
}