{
  "isDeprecatedLicenseId": false,
  "licenseText": "Copyright (c) 2002 Mark Salyzyn\nAll rights reserved.\n\nTERMS AND CONDITIONS OF USE\n\nRedistribution and use in source form, with or without modification, are\npermitted provided that redistributions of source code must retain the\nabove copyright notice, this list of conditions and the following\ndisclaimer.\n\nThis software is provided `as is\u0027 by Mark Salyzyn and any express or implied\nwarranties, including, but not limited to, the implied warranties of\nmerchantability and fitness for a particular purpose, are disclaimed. In no\nevent shall Mark Salyzyn be liable for any direct, indirect, incidental,\nspecial, exemplary or consequential damages (including, but not limited to,\nprocurement of substitute goods or services; loss of use, data, or profits;\nor business interruptions) however caused and on any theory of liability,\nwhether in contract, strict liability, or tort (including negligence or\notherwise) arising in any way out of the use of this software, even if\nadvised of the possibility of such damage.\n\nAny restrictions or encumberances added to this source code or derivitives,\nis prohibited.\n",
  "standardLicenseTemplate": "\u003c\u003cvar;name\u003d\"copyright\";original\u003d\"Copyright (c) 2002 Mark Salyzyn  All rights reserved.  \";match\u003d\".{0,5000}\"\u003e\u003e\u003c\u003cbeginOptional\u003e\u003e TERMS AND CONDITIONS OF USE\n\n\u003c\u003cendOptional\u003e\u003e\n\nRedistribution and use in source form, with or without modification, are permitted provided that redistributions of source code must retain the above copyright notice, this list of conditions and the following disclaimer.\n\nThis software is provided `as is\u0027 by \u003c\u003cvar;name\u003d\"author\";original\u003d\"Mark Salyzyn\";match\u003d\".+\"\u003e\u003e and any express or implied warranties, including, but not limited to, the implied warranties of merchantability and fitness for a particular purpose, are disclaimed. In no event shall \u003c\u003cvar;name\u003d\"author\";original\u003d\"Mark Salyzyn\";match\u003d\".+\"\u003e\u003e be liable for any direct, indirect, incidental, special, exemplary or consequential damages (including, but not limited to, procurement of substitute goods or services; loss of use, data, or profits; or business interruptions) however caused and on any theory of liability, whether in contract, strict liability, or tort (including negligence or otherwise) arising in any way out of the use of this software, even if advised of the possibility of such damage.\n\nAny restrictions or encumberances added to this source code or derivitives, is prohibited.\n\n",
  "name": "pnmstitch License",
  "licenseId": "pnmstitch",
  "crossRef": [
    {
      "match": "false",
      "url": "https://sourceforge.net/p/netpbm/code/HEAD/tree/super_stable/editor/pnmstitch.c#l2",
      "isValid": true,
      "isLive": true,
      "timestamp": "2023-10-17T18:41:03Z",
      "isWayBackLink": false,
      "order": 0
    }
  ],
  "seeAlso": [
    "https://sourceforge.net/p/netpbm/code/HEAD/tree/super_stable/editor/pnmstitch.c#l2"
  ],
  "isOsiApproved": false,
  "licenseTextHtml": "\n        \u003cdiv class\u003d\"replaceable-license-text\"\u003e \n                \u003cp\u003e\n                        Copyright (c) 2002 Mark Salyzyn\n                        \u003cbr /\u003e\n\nAll rights reserved.\n                \u003c/p\u003e\n\n        \u003c/div\u003e\n        \u003cdiv class\u003d\"optional-license-text\"\u003e \n                \u003cp\u003e\n                        TERMS AND CONDITIONS OF USE\n                \u003c/p\u003e\n\n        \u003c/div\u003e\n        \u003cp\u003e\n                Redistribution and use in source form, with or\n                without modification, are permitted provided\n                that redistributions of source code must retain the above\n                copyright notice, this list of conditions and the following\n                disclaimer.\n        \u003c/p\u003e\n\n        \u003cp\u003e\n                This software is provided `as is\u0026apos; by \u003cvar class\u003d\"replaceable-license-text\"\u003e Mark Salyzyn\u003c/var\u003e\n                and any express or implied warranties, including, but not\n                limited to, the implied warranties of merchantability and\n                fitness for a particular purpose, are disclaimed. In no event\n                shall \u003cvar class\u003d\"replaceable-license-text\"\u003e Mark Salyzyn\u003c/var\u003e be liable for any direct, indirect,\n                incidental, special, exemplary or consequential damages\n                (including, but not limited to, procurement of substitute goods\n                or services; loss of use, data, or profits; or business\n                interruptions) however caused and on any theory of liability,\n                whether in contract, strict liability, or tort (including\n                negligence or otherwise) arising in any way out of the use of\n                this software, even if advised of the possibility of such\n                damage.\n        \u003c/p\u003e\n\n        \u003cp\u003e\n                Any restrictions or encumberances added to this source code or\n                derivitives, is prohibited.\n        \u003c/p\u003e\n\n      "
}