{
  "isDeprecatedLicenseId": false,
  "isFsfLibre": true,
  "licenseText": "SGI FREE SOFTWARE LICENSE B\n(Version 2.0, Sept. 18, 2008)\n\nCopyright (C) [dates of first publication] Silicon Graphics, Inc. All Rights Reserved.\n\nPermission is hereby granted, free of charge, to any person obtaining a copy of this software and associated documentation files (the \"Software\"), to deal in the Software without restriction, including without limitation the rights to use, copy, modify, merge, publish, distribute, sublicense, and/or sell copies of the Software, and to permit persons to whom the Software is furnished to do so, subject to the following conditions:\n\nThe above copyright notice including the dates of first publication and either this permission notice or a reference to http://oss.sgi.com/projects/FreeB/ shall be included in all copies or substantial portions of the Software.\n\nTHE SOFTWARE IS PROVIDED \"AS IS\", WITHOUT WARRANTY OF ANY KIND, EXPRESS OR IMPLIED, INCLUDING BUT NOT LIMITED TO THE WARRANTIES OF MERCHANTABILITY, FITNESS FOR A PARTICULAR PURPOSE AND NONINFRINGEMENT. IN NO EVENT SHALL SILICON GRAPHICS, INC. BE LIABLE FOR ANY CLAIM, DAMAGES OR OTHER LIABILITY, WHETHER IN AN ACTION OF CONTRACT, TORT OR OTHERWISE, ARISING FROM, OUT OF OR IN CONNECTION WITH THE SOFTWARE OR THE USE OR OTHER DEALINGS IN THE SOFTWARE.\n\nExcept as contained in this notice, the name of Silicon Graphics, Inc. shall not be used in advertising or otherwise to promote the sale, use or other dealings in this Software without prior written authorization from Silicon Graphics, Inc.\n",
  "standardLicenseTemplate": "\u003c\u003cbeginOptional\u003e\u003eSGI FREE SOFTWARE LICENSE B\n\n(Version 2.0, Sept. 18, 2008)\n\n\u003c\u003cendOptional\u003e\u003e \u003c\u003cvar;name\u003d\"copyright\";original\u003d\"Copyright (C) [dates of first publication] Silicon Graphics, Inc. All Rights Reserved.  \";match\u003d\".{0,5000}\"\u003e\u003e\n\nPermission is hereby granted, free of charge, to any person obtaining a copy of this software and associated documentation files (the \"Software\"), to deal in the Software without restriction, including without limitation the rights to use, copy, modify, merge, publish, distribute, sublicense, and/or sell copies of the Software, and to permit persons to whom the Software is furnished to do so, subject to the following conditions:\n\nThe above copyright notice including the dates of first publication and either this permission notice or a reference to http://oss.sgi.com/projects/FreeB/ shall be included in all copies or substantial portions of the Software.\n\nTHE SOFTWARE IS PROVIDED \"AS IS\", WITHOUT WARRANTY OF ANY KIND, EXPRESS OR IMPLIED, INCLUDING BUT NOT LIMITED TO THE WARRANTIES OF MERCHANTABILITY, FITNESS FOR A PARTICULAR PURPOSE AND NONINFRINGEMENT. IN NO EVENT SHALL SILICON GRAPHICS, INC. BE LIABLE FOR ANY CLAIM, DAMAGES OR OTHER LIABILITY, WHETHER IN AN ACTION OF CONTRACT, TORT OR OTHERWISE, ARISING FROM, OUT OF OR IN CONNECTION WITH THE SOFTWARE OR THE USE OR OTHER DEALINGS IN THE SOFTWARE.\n\nExcept as contained in this notice, the name of Silicon Graphics, Inc. shall not be used in advertising or otherwise to promote the sale, use or other dealings in this Software without prior written authorization from Silicon Graphics, Inc.\n\n",
  "name": "SGI Free Software License B v2.0",
  "licenseComments": "This license was released 18 Sept 2008",
  "licenseId": "SGI-B-2.0",
  "crossRef": [
    {
      "match": "N/A",
      "url": "http://oss.sgi.com/projects/FreeB/SGIFreeSWLicB.2.0.pdf",
      "isValid": true,
      "isLive": false,
      "timestamp": "2023-10-17T18:35:59Z",
      "isWayBackLink": false,
      "order": 0
    }
  ],
  "seeAlso": [
    "http://oss.sgi.com/projects/FreeB/SGIFreeSWLicB.2.0.pdf"
  ],
  "isOsiApproved": false,
  "licenseTextHtml": "\n      \u003cdiv class\u003d\"optional-license-text\"\u003e \n         \u003cp\u003eSGI FREE SOFTWARE LICENSE B\n        \u003cbr /\u003e\n\n(Version 2.0, Sept. 18, 2008)\n      \u003c/p\u003e\n\n      \u003c/div\u003e\n      \u003cdiv class\u003d\"replaceable-license-text\"\u003e \n         \u003cp\u003eCopyright (C) [dates of first publication] Silicon Graphics, Inc. All Rights Reserved.\u003c/p\u003e\n\n      \u003c/div\u003e\n\n      \u003cp\u003ePermission is hereby granted, free of charge, to any person obtaining a copy of this software and\n         associated documentation files (the \u0026quot;Software\u0026quot;), to deal in the Software without restriction,\n         including without limitation the rights to use, copy, modify, merge, publish, distribute, sublicense,\n         and/or sell copies of the Software, and to permit persons to whom the Software is furnished to do so,\n         subject to the following conditions:\u003c/p\u003e\n\n      \u003cp\u003eThe above copyright notice including the dates of first publication and either this permission notice or\n         a reference to http://oss.sgi.com/projects/FreeB/ shall be included in all copies or substantial\n         portions of the Software.\u003c/p\u003e\n\n      \u003cp\u003eTHE SOFTWARE IS PROVIDED \u0026quot;AS IS\u0026quot;, WITHOUT WARRANTY OF ANY KIND, EXPRESS OR IMPLIED, INCLUDING BUT NOT\n         LIMITED TO THE WARRANTIES OF MERCHANTABILITY, FITNESS FOR A PARTICULAR PURPOSE AND NONINFRINGEMENT. IN\n         NO EVENT SHALL SILICON GRAPHICS, INC. BE LIABLE FOR ANY CLAIM, DAMAGES OR OTHER LIABILITY, WHETHER IN\n         AN ACTION OF CONTRACT, TORT OR OTHERWISE, ARISING FROM, OUT OF OR IN CONNECTION WITH THE SOFTWARE OR\n         THE USE OR OTHER DEALINGS IN THE SOFTWARE.\u003c/p\u003e\n\n      \u003cp\u003eExcept as contained in this notice, the name of Silicon Graphics, Inc. shall not be used in advertising\n         or otherwise to promote the sale, use or other dealings in this Software without prior written\n         authorization from Silicon Graphics, Inc.\u003c/p\u003e\n\n    "
}