{
  "isDeprecatedLicenseId": false,
  "licenseText": "(c) Copyright 1993, Silicon Graphics, Inc.\nALL RIGHTS RESERVED\nPermission to use, copy, modify, and distribute this software for\nany purpose and without fee is hereby granted, provided that the above\ncopyright notice appear in all copies and that both the copyright notice\nand this permission notice appear in supporting documentation, and that\nthe name of Silicon Graphics, Inc. not be used in advertising\nor publicity pertaining to distribution of the software without specific,\nwritten prior permission.\n\nTHE MATERIAL EMBODIED ON THIS SOFTWARE IS PROVIDED TO YOU \"AS-IS\"\nAND WITHOUT WARRANTY OF ANY KIND, EXPRESS, IMPLIED OR OTHERWISE,\nINCLUDING WITHOUT LIMITATION, ANY WARRANTY OF MERCHANTABILITY OR\nFITNESS FOR A PARTICULAR PURPOSE.  IN NO EVENT SHALL SILICON\nGRAPHICS, INC.  BE LIABLE TO YOU OR ANYONE ELSE FOR ANY DIRECT,\nSPECIAL, INCIDENTAL, INDIRECT OR CONSEQUENTIAL DAMAGES OF ANY\nKIND, OR ANY DAMAGES WHATSOEVER, INCLUDING WITHOUT LIMITATION,\nLOSS OF PROFIT, LOSS OF USE, SAVINGS OR REVENUE, OR THE CLAIMS OF\nTHIRD PARTIES, WHETHER OR NOT SILICON GRAPHICS, INC.  HAS BEEN\nADVISED OF THE POSSIBILITY OF SUCH LOSS, HOWEVER CAUSED AND ON\nANY THEORY OF LIABILITY, ARISING OUT OF OR IN CONNECTION WITH THE\nPOSSESSION, USE OR PERFORMANCE OF THIS SOFTWARE.\n\nUS Government Users Restricted Rights\nUse, duplication, or disclosure by the Government is subject to\nrestrictions set forth in FAR 52.227.19(c)(2) or subparagraph\n(c)(1)(ii) of the Rights in Technical Data and Computer Software\nclause at DFARS 252.227-7013 and/or in similar or successor\nclauses in the FAR or the DOD or NASA FAR Supplement.\nUnpublished-- rights reserved under the copyright laws of the\nUnited States.  Contractor/manufacturer is Silicon Graphics,\nInc., 2011 N.  Shoreline Blvd., Mountain View, CA 94039-7311.\n\nOpenGL(TM) is a trademark of Silicon Graphics, Inc.\n",
  "standardLicenseTemplate": "\u003c\u003cvar;name\u003d\"copyright\";original\u003d\"(c) Copyright 1993, Silicon Graphics, Inc.  ALL RIGHTS RESERVED  \";match\u003d\".{0,5000}\"\u003e\u003e\n\nPermission to use, copy, modify, and distribute this software for any purpose and without fee is hereby granted, provided that the above copyright notice appear in all copies and that both the copyright notice and this permission notice appear in supporting documentation, and that the name of Silicon Graphics, Inc. not be used in advertising or publicity pertaining to distribution of the software without specific, written prior permission.\n\nTHE MATERIAL EMBODIED ON THIS SOFTWARE IS PROVIDED TO YOU \"AS-IS\" AND WITHOUT WARRANTY OF ANY KIND, EXPRESS, IMPLIED OR OTHERWISE, INCLUDING WITHOUT LIMITATION, ANY WARRANTY OF MERCHANTABILITY OR FITNESS FOR A PARTICULAR PURPOSE. IN NO EVENT SHALL SILICON GRAPHICS, INC. BE LIABLE TO YOU OR ANYONE ELSE FOR ANY DIRECT, SPECIAL, INCIDENTAL, INDIRECT OR CONSEQUENTIAL DAMAGES OF ANY KIND, OR ANY DAMAGES WHATSOEVER, INCLUDING WITHOUT LIMITATION, LOSS OF PROFIT, LOSS OF USE, SAVINGS OR REVENUE, OR THE CLAIMS OF THIRD PARTIES, WHETHER OR NOT SILICON GRAPHICS, INC. HAS BEEN ADVISED OF THE POSSIBILITY OF SUCH LOSS, HOWEVER CAUSED AND ON ANY THEORY OF LIABILITY, ARISING OUT OF OR IN CONNECTION WITH THE POSSESSION, USE OR PERFORMANCE OF THIS SOFTWARE.\n\nUS Government Users Restricted Rights\n\nUse, duplication, or disclosure by the Government is subject to restrictions set forth in FAR 52.227.19(c)(2) or subparagraph (c)(1)(ii) of the Rights in Technical Data and Computer Software clause at DFARS 252.227-7013 and/or in similar or successor clauses in the FAR or the DOD or NASA FAR Supplement. Unpublished-- rights reserved under the copyright laws of the United States. Contractor/manufacturer is Silicon Graphics, Inc., 2011 N. Shoreline Blvd., Mountain View, CA 94039-7311.\n\nOpenGL(TM) is a trademark of Silicon Graphics, Inc.\n\n",
  "name": "SGI OpenGL License",
  "licenseId": "SGI-OpenGL",
  "crossRef": [
    {
      "match": "false",
      "url": "https://gitlab.freedesktop.org/mesa/glw/-/blob/master/README?ref_type\u003dheads",
      "isValid": true,
      "isLive": true,
      "timestamp": "2023-10-17T18:36:38Z",
      "isWayBackLink": false,
      "order": 0
    }
  ],
  "seeAlso": [
    "https://gitlab.freedesktop.org/mesa/glw/-/blob/master/README?ref_type\u003dheads"
  ],
  "isOsiApproved": false,
  "licenseTextHtml": "\n      \u003cdiv class\u003d\"replaceable-license-text\"\u003e \n        \u003cp\u003e(c) Copyright 1993, Silicon Graphics, Inc.\u003cbr /\u003e\n\n           ALL RIGHTS RESERVED\u003c/p\u003e\n\n      \u003c/div\u003e\n\n      \u003cp\u003ePermission to use, copy, modify, and distribute this software for\n        any purpose and without fee is hereby granted, provided that the above\n        copyright notice appear in all copies and that both the copyright notice\n        and this permission notice appear in supporting documentation, and that\n        the name of Silicon Graphics, Inc. not be used in advertising\n        or publicity pertaining to distribution of the software without specific,\n        written prior permission.\u003c/p\u003e\n\n      \u003cp\u003eTHE MATERIAL EMBODIED ON THIS SOFTWARE IS PROVIDED TO YOU \u0026quot;AS-IS\u0026quot;\n        AND WITHOUT WARRANTY OF ANY KIND, EXPRESS, IMPLIED OR OTHERWISE,\n        INCLUDING WITHOUT LIMITATION, ANY WARRANTY OF MERCHANTABILITY OR\n        FITNESS FOR A PARTICULAR PURPOSE.  IN NO EVENT SHALL SILICON\n        GRAPHICS, INC.  BE LIABLE TO YOU OR ANYONE ELSE FOR ANY DIRECT,\n        SPECIAL, INCIDENTAL, INDIRECT OR CONSEQUENTIAL DAMAGES OF ANY\n        KIND, OR ANY DAMAGES WHATSOEVER, INCLUDING WITHOUT LIMITATION,\n        LOSS OF PROFIT, LOSS OF USE, SAVINGS OR REVENUE, OR THE CLAIMS OF\n        THIRD PARTIES, WHETHER OR NOT SILICON GRAPHICS, INC.  HAS BEEN\n        ADVISED OF THE POSSIBILITY OF SUCH LOSS, HOWEVER CAUSED AND ON\n        ANY THEORY OF LIABILITY, ARISING OUT OF OR IN CONNECTION WITH THE\n        POSSESSION, USE OR PERFORMANCE OF THIS SOFTWARE.\u003c/p\u003e\n\n      \u003cp\u003eUS Government Users Restricted Rights\u003cbr /\u003e\n\n        Use, duplication, or disclosure by the Government is subject to\n        restrictions set forth in FAR 52.227.19(c)(2) or subparagraph\n        (c)(1)(ii) of the Rights in Technical Data and Computer Software\n        clause at DFARS 252.227-7013 and/or in similar or successor\n        clauses in the FAR or the DOD or NASA FAR Supplement.\n        Unpublished-- rights reserved under the copyright laws of the\n        United States.  Contractor/manufacturer is Silicon Graphics,\n        Inc., 2011 N.  Shoreline Blvd., Mountain View, CA 94039-7311.\u003c/p\u003e\n\n        \u003cp\u003eOpenGL(TM) is a trademark of Silicon Graphics, Inc.\u003c/p\u003e\n\n    "
}