{
  "isDeprecatedLicenseId": false,
  "licenseText": "Copyright 1989-2019 by Donald Arseneau (Vancouver, Canada, asnd@triumf.ca)\n\nThis software may be freely transmitted, reproduced, or modified\nfor any purpose provided that this copyright notice is left intact.\n",
  "standardLicenseTemplate": "\u003c\u003cvar;name\u003d\"copyright\";original\u003d\"Copyright 1989-2019 by Donald Arseneau (Vancouver, Canada, asnd@triumf.ca)\";match\u003d\".{0,5000}\"\u003e\u003e\n\nThis software may be freely transmitted, reproduced, or modified for any purpose provided that this copyright notice is left intact.\n\n",
  "name": "ulem License",
  "licenseComments": "This license is a very similar to fwlw and magaz, but has slightly different obligations.",
  "licenseId": "ulem",
  "crossRef": [
    {
      "match": "false",
      "url": "https://mirrors.ctan.org/macros/latex/contrib/ulem/README",
      "isValid": true,
      "isLive": true,
      "timestamp": "2023-10-17T18:35:44Z",
      "isWayBackLink": false,
      "order": 0
    }
  ],
  "seeAlso": [
    "https://mirrors.ctan.org/macros/latex/contrib/ulem/README"
  ],
  "isOsiApproved": false,
  "licenseTextHtml": "\n         \u003cvar class\u003d\"replaceable-license-text\"\u003e \n            Copyright 1989-2019 by Donald Arseneau (Vancouver, Canada, asnd@triumf.ca)\n         \u003c/var\u003e\n         \u003cp\u003e\n            This software may be freely transmitted, reproduced, or modified\n            for any purpose provided that this copyright notice is left intact.\n         \u003c/p\u003e\n\n      "
}