{
  "isDeprecatedLicenseId": false,
  "isFsfLibre": true,
  "licenseText": "X11 License\n\nCopyright (C) 1996 X Consortium\n\nPermission is hereby granted, free of charge, to any person obtaining a copy of this software and associated documentation files (the \"Software\"), to deal in the Software without restriction, including without limitation the rights to use, copy, modify, merge, publish, distribute, sublicense, and/or sell copies of the Software, and to permit persons to whom the Software is furnished to do so, subject to the following conditions:\n\nThe above copyright notice and this permission notice shall be included in all copies or substantial portions of the Software.\n\nTHE SOFTWARE IS PROVIDED \"AS IS\", WITHOUT WARRANTY OF ANY KIND, EXPRESS OR IMPLIED, INCLUDING BUT NOT LIMITED TO THE WARRANTIES OF MERCHANTABILITY, FITNESS FOR A PARTICULAR PURPOSE AND NONINFRINGEMENT. IN NO EVENT SHALL THE X CONSORTIUM BE LIABLE FOR ANY CLAIM, DAMAGES OR OTHER LIABILITY, WHETHER IN AN ACTION OF CONTRACT, TORT OR OTHERWISE, ARISING FROM, OUT OF OR IN CONNECTION WITH THE SOFTWARE OR THE USE OR OTHER DEALINGS IN THE SOFTWARE.\n\nExcept as contained in this notice, the name of the X Consortium shall not be used in advertising or otherwise to promote the sale, use or other dealings in this Software without prior written authorization from the X Consortium.\n\nX Window System is a trademark of X Consortium, Inc.\n",
  "standardLicenseTemplate": "\u003c\u003cbeginOptional\u003e\u003eX11 License\n\n\u003c\u003cendOptional\u003e\u003e \u003c\u003cvar;name\u003d\"copyright\";original\u003d\"Copyright (C) 1996 X Consortium  \";match\u003d\".{0,5000}\"\u003e\u003e\n\nPermission is hereby granted, free of charge, to any person obtaining a copy of this software and associated documentation files (the \"Software\"), to deal in the Software without restriction, including without limitation the rights to use, copy, modify, merge, publish, distribute, sublicense, and/or sell copies of the Software, and to permit persons to whom the Software is furnished to do so, subject to the following conditions:\n\nThe above copyright notice and this permission notice shall be included in all copies or substantial portions of the Software.\n\nTHE SOFTWARE IS PROVIDED \"AS IS\", WITHOUT WARRANTY OF ANY KIND, EXPRESS OR IMPLIED, INCLUDING BUT NOT LIMITED TO THE WARRANTIES OF MERCHANTABILITY, FITNESS FOR A PARTICULAR PURPOSE AND NONINFRINGEMENT. IN NO EVENT SHALL \u003c\u003cvar;name\u003d\"nameDisclaimer\";original\u003d\"THE X CONSORTIUM\";match\u003d\".+\"\u003e\u003e BE LIABLE FOR ANY CLAIM, DAMAGES OR OTHER LIABILITY, WHETHER IN AN ACTION OF CONTRACT, TORT OR OTHERWISE, ARISING FROM, OUT OF OR IN CONNECTION WITH THE SOFTWARE OR THE USE OR OTHER DEALINGS IN THE SOFTWARE.\n\nExcept as contained in this notice, the name of \u003c\u003cvar;name\u003d\"name2Disclaimer\";original\u003d\"the X Consortium\";match\u003d\".+\"\u003e\u003e shall not be used in advertising or otherwise to promote the sale, use or other dealings in this Software without prior written authorization from \u003c\u003cvar;name\u003d\"name3Disclaimer\";original\u003d\"the X Consortium.\";match\u003d\".+\"\u003e\u003e\n\n\u003c\u003cbeginOptional\u003e\u003eX Window System is a trademark of X Consortium, Inc.\n\n\u003c\u003cendOptional\u003e\u003e",
  "name": "X11 License",
  "licenseComments": "This is same as MIT, but with no advertising clause added.",
  "licenseId": "X11",
  "crossRef": [
    {
      "match": "false",
      "url": "http://www.xfree86.org/3.3.6/COPYRIGHT2.html#3",
      "isValid": true,
      "isLive": true,
      "timestamp": "2023-10-17T18:34:02Z",
      "isWayBackLink": false,
      "order": 0
    }
  ],
  "seeAlso": [
    "http://www.xfree86.org/3.3.6/COPYRIGHT2.html#3"
  ],
  "isOsiApproved": false,
  "licenseTextHtml": "\n      \u003cdiv class\u003d\"optional-license-text\"\u003e \n         \u003cp\u003eX11 License\u003c/p\u003e\n\n      \u003c/div\u003e\n      \u003cdiv class\u003d\"replaceable-license-text\"\u003e \n         \u003cp\u003eCopyright (C) 1996 X Consortium\u003c/p\u003e\n\n      \u003c/div\u003e\n\n      \u003cp\u003ePermission is hereby granted, free of charge, to any person obtaining a copy of this software and\n         associated documentation files (the \u0026quot;Software\u0026quot;), to deal in the Software without restriction,\n         including without limitation the rights to use, copy, modify, merge, publish, distribute, sublicense,\n         and/or sell copies of the Software, and to permit persons to whom the Software is furnished to do so,\n         subject to the following conditions:\u003c/p\u003e\n\n      \u003cp\u003eThe above copyright notice and this permission notice shall be included in all copies or substantial\n         portions of the Software.\u003c/p\u003e\n\n      \u003cp\u003eTHE SOFTWARE IS PROVIDED \u0026quot;AS IS\u0026quot;, WITHOUT WARRANTY OF ANY KIND, EXPRESS OR IMPLIED, INCLUDING BUT NOT\n         LIMITED TO THE WARRANTIES OF MERCHANTABILITY, FITNESS FOR A PARTICULAR PURPOSE AND NONINFRINGEMENT. IN\n         NO EVENT SHALL \u003cvar class\u003d\"replaceable-license-text\"\u003e THE X CONSORTIUM\u003c/var\u003e BE LIABLE FOR ANY CLAIM, DAMAGES OR OTHER LIABILITY, WHETHER IN AN\n         ACTION OF CONTRACT, TORT OR OTHERWISE, ARISING FROM, OUT OF OR IN CONNECTION WITH THE SOFTWARE OR THE\n         USE OR OTHER DEALINGS IN THE SOFTWARE.\u003c/p\u003e\n\n      \u003cp\u003eExcept as contained in this notice, the name of \u003cvar class\u003d\"replaceable-license-text\"\u003e the X Consortium\u003c/var\u003e shall not be used in advertising or\n         otherwise to promote the sale, use or other dealings in this Software without prior written\n\t      authorization from \u003cvar class\u003d\"replaceable-license-text\"\u003e the X Consortium.\u003c/var\u003e\u003c/p\u003e\n\n      \u003cdiv class\u003d\"optional-license-text\"\u003e \u003cp\u003eX Window System is a trademark of X Consortium, Inc.\u003c/p\u003e\n\u003c/div\u003e\n    "
}