{
  "isDeprecatedLicenseId": false,
  "licenseText": "Copyright (c) 1997,1998,2002,2007 Adobe Systems Incorporated\n\nPermission is hereby granted, free of charge, to any person obtaining a copy of this documentation file to use, copy, publish, distribute, sublicense, and/or sell copies of the documentation, and to permit others to do the same, provided that:\n\n     - No modification, editing or other alteration of this document is allowed; and\n     - The above copyright notice and this permission notice shall be included in all copies of the documentation.\n\nPermission is hereby granted, free of charge, to any person obtaining a copy of this documentation file, to create their own derivative works from the content of this document to use, copy, publish, distribute, sublicense, and/or sell the derivative works, and to permit others to do the same, provided that the derived work is not represented as being a copy or version of this document.\n\nAdobe shall not be liable to any party for any loss of revenue or profit or for indirect, incidental, special, consequential, or other similar damages, whether based on tort (including without limitation negligence or strict liability), contract or other legal or equitable grounds even if Adobe has been advised or had reason to know of the possibility of such damages. The Adobe materials are provided on an \"AS IS\" basis.Ê Adobe specifically disclaims all express, statutory, or implied warranties relating to the Adobe materials, including but not limited to those concerning merchantability or fitness for a particular purpose or non-infringement of any third party rights regarding the Adobe materials.\n",
  "standardLicenseTemplate": "\u003c\u003cvar;name\u003d\"copyright\";original\u003d\"Copyright (c) 1997,1998,2002,2007 Adobe Systems Incorporated  \";match\u003d\".{0,5000}\"\u003e\u003e\nPermission is hereby granted, free of charge, to any person obtaining a copy of this documentation file to use, copy, publish, distribute, sublicense, and/or sell copies of the documentation, and to permit others to do the same, provided that:\n\n   \u003c\u003cvar;name\u003d\"bullet\";original\u003d\"-\";match\u003d\".{0,20}\"\u003e\u003e No modification, editing or other alteration of this document is allowed; and\n   \u003c\u003cvar;name\u003d\"bullet\";original\u003d\"-\";match\u003d\".{0,20}\"\u003e\u003e The above copyright notice and this permission notice shall be included in all copies of the documentation.\nPermission is hereby granted, free of charge, to any person obtaining a copy of this documentation file, to create their own derivative works from the content of this document to use, copy, publish, distribute, sublicense, and/or sell the derivative works, and to permit others to do the same, provided that the derived work is not represented as being a copy or version of this document.\n\nAdobe shall not be liable to any party for any loss of revenue or profit or for indirect, incidental, special, consequential, or other similar damages, whether based on tort (including without limitation negligence or strict liability), contract or other legal or equitable grounds even if Adobe has been advised or had reason to know of the possibility of such damages. \u003c\u003cvar;name\u003d\"eCircumflex1\";original\u003d\"\";match\u003d\"Ê?\"\u003e\u003e The Adobe materials are provided on an \"AS IS\" basis. \u003c\u003cvar;name\u003d\"eCircumflex2\";original\u003d\"\";match\u003d\"Ê?\"\u003e\u003e Adobe specifically disclaims all express, statutory, or implied warranties relating to the Adobe materials, including but not limited to those concerning merchantability or fitness for a particular purpose or non-infringement of any third party rights regarding the Adobe materials.\n\n",
  "name": "Adobe Glyph List License",
  "licenseId": "Adobe-Glyph",
  "crossRef": [
    {
      "match": "false",
      "url": "https://fedoraproject.org/wiki/Licensing/MIT#AdobeGlyph",
      "isValid": true,
      "isLive": true,
      "timestamp": "2024-12-30T18:01:54Z",
      "isWayBackLink": false,
      "order": 0
    }
  ],
  "seeAlso": [
    "https://fedoraproject.org/wiki/Licensing/MIT#AdobeGlyph"
  ],
  "isOsiApproved": false,
  "licenseTextHtml": "\n      \u003cdiv class\u003d\"replaceable-license-text\"\u003e\u003cspan title\u003d\"can be replaced with the pattern .{0,5000}\"\u003e \n         \u003cp\u003eCopyright (c) 1997,1998,2002,2007 Adobe Systems Incorporated\u003c/p\u003e\n\n      \u003c/span\u003e\u003c/div\u003e\n\n      \u003cp\u003ePermission is hereby granted, free of charge, to any person obtaining a copy of this documentation file\n         to use, copy, publish, distribute, sublicense, and/or sell copies of the documentation, and to permit\n         others to do the same, provided that:\u003c/p\u003e\n\n\u003cul style\u003d\"list-style:none\"\u003e\n        \n\u003cli\u003e\n            \u003cvar class\u003d\"replaceable-license-text\"\u003e\u003cspan title\u003d\"can be replaced with the pattern .{0,20}\"\u003e -\u003c/span\u003e\u003c/var\u003e\n          No modification, editing or other alteration of this document is allowed; and\n        \u003c/li\u003e\n        \n\u003cli\u003e\n            \u003cvar class\u003d\"replaceable-license-text\"\u003e\u003cspan title\u003d\"can be replaced with the pattern .{0,20}\"\u003e -\u003c/span\u003e\u003c/var\u003e\n          The above copyright notice and this permission notice shall be included in all copies of the\n             documentation.\n        \u003c/li\u003e\n      \n\u003c/ul\u003e\n      \u003cp\u003ePermission is hereby granted, free of charge, to any person obtaining a copy of this documentation file,\n         to create their own derivative works from the content of this document to use, copy, publish,\n         distribute, sublicense, and/or sell the derivative works, and to permit others to do the same,\n         provided that the derived work is not represented as being a copy or version of this document.\u003c/p\u003e\n\n      \u003cp\u003eAdobe shall not be liable to any party for any loss of revenue or profit or for indirect, incidental,\n         special, consequential, or other similar damages, whether based on tort (including without limitation\n         negligence or strict liability), contract or other legal or equitable grounds even if Adobe has been\n         advised or had reason to know of the possibility of such damages.\u003cvar class\u003d\"replaceable-license-text\"\u003e\u003cspan title\u003d\"can be replaced with the pattern Ê?\"\u003e \u003c/span\u003e\u003c/var\u003e The Adobe\n         materials are provided on an \u0026quot;AS IS\u0026quot; basis.\u003cvar class\u003d\"replaceable-license-text\"\u003e\u003cspan title\u003d\"can be replaced with the pattern Ê?\"\u003e \u003c/span\u003e\u003c/var\u003e Adobe specifically disclaims all\n         express, statutory, or implied warranties relating to the Adobe materials, including but not limited\n         to those concerning merchantability or fitness for a particular purpose or non-infringement of any\n         third party rights regarding the Adobe materials.\u003c/p\u003e\n\n    "
}