{
  "isDeprecatedLicenseId": false,
  "licenseText": "Copyright (c) 2006 Academy of Motion Picture Arts and Sciences (\"A.M.P.A.S.\"). Portions contributed by others as indicated. All rights reserved.\n\nA world-wide, royalty-free, non-exclusive right to distribute, copy, modify, create derivatives, and use, in source and binary forms, is hereby granted, subject to acceptance of this license. Performance of any of the aforementioned acts indicates acceptance to be bound by the following terms and conditions:\n\n     * Redistributions of source code must retain the above copyright notice, this list of conditions and the Disclaimer of Warranty.\n\n     * Redistributions in binary form must reproduce the above copyright notice, this list of conditions and the Disclaimer of Warranty in the documentation and/or other materials provided with the distribution.\n\n     * Nothing in this license shall be deemed to grant any rights to trademarks, copyrights, patents, trade secrets or any other intellectual property of A.M.P.A.S. or any contributors, except as expressly stated herein, and neither the name of A.M.P.A.S. nor of any other contributors to this software, may be used to endorse or promote products derived from this software without specific prior written permission of A.M.P.A.S. or contributor, as appropriate.\n\nThis license shall be governed by the laws of the State of California, and subject to the jurisdiction of the courts therein.\n\nDisclaimer of Warranty: THIS SOFTWARE IS PROVIDED BY A.M.P.A.S. AND CONTRIBUTORS \"AS IS\" AND ANY EXPRESS OR IMPLIED WARRANTIES, INCLUDING, BUT NOT LIMITED TO, THE IMPLIED WARRANTIES OF MERCHANTABILITY, FITNESS FOR A PARTICULAR PURPOSE, AND NON-INFRINGEMENT ARE DISCLAIMED. IN NO EVENT SHALL A.M.P.A.S., ANY CONTRIBUTORS OR DISTRIBUTORS BE LIABLE FOR ANY DIRECT, INDIRECT, INCIDENTAL, SPECIAL, EXEMPLARY, OR CONSEQUENTIAL DAMAGES (INCLUDING, BUT NOT LIMITED TO, PROCUREMENT OF SUBSTITUTE GOODS OR SERVICES; LOSS OF USE, DATA, OR PROFITS; OR BUSINESS INTERRUPTION) HOWEVER CAUSED AND ON ANY THEORY OF LIABILITY, WHETHER IN CONTRACT, STRICT LIABILITY, OR TORT (INCLUDING NEGLIGENCE OR OTHERWISE) ARISING IN ANY WAY OUT OF THE USE OF THIS SOFTWARE, EVEN IF ADVISED OF THE POSSIBILITY OF SUCH DAMAGE.\n",
  "standardLicenseTemplate": "\u003c\u003cvar;name\u003d\"copyright\";original\u003d\"Copyright (c) 2006 Academy of Motion Picture Arts and Sciences (\"A.M.P.A.S.\"). Portions contributed by others as indicated. All rights reserved.  \";match\u003d\".{0,5000}\"\u003e\u003e\nA world-wide, royalty-free, non-exclusive right to distribute, copy, modify, create derivatives, and use, in source and binary forms, is hereby granted, subject to acceptance of this license. Performance of any of the aforementioned acts indicates acceptance to be bound by the following terms and conditions:\n\n   \u003c\u003cvar;name\u003d\"bullet\";original\u003d\"*\";match\u003d\".{0,20}\"\u003e\u003e Redistributions of source code must retain the above copyright notice, this list of conditions and the Disclaimer of Warranty.\n   \u003c\u003cvar;name\u003d\"bullet\";original\u003d\"*\";match\u003d\".{0,20}\"\u003e\u003e Redistributions in binary form must reproduce the above copyright notice, this list of conditions and the Disclaimer of Warranty in the documentation and/or other materials provided with the distribution.\n   \u003c\u003cvar;name\u003d\"bullet\";original\u003d\"*\";match\u003d\".{0,20}\"\u003e\u003e Nothing in this license shall be deemed to grant any rights to trademarks, copyrights, patents, trade secrets or any other intellectual property of A.M.P.A.S. or any contributors, except as expressly stated herein, and neither the name of A.M.P.A.S. nor of any other contributors to this software, may be used to endorse or promote products derived from this software without specific prior written permission of A.M.P.A.S. or contributor, as appropriate.\nThis license shall be governed by the laws of the State of California, and subject to the jurisdiction of the courts therein.\n\nDisclaimer of Warranty: THIS SOFTWARE IS PROVIDED BY A.M.P.A.S. AND CONTRIBUTORS \"AS IS\" AND ANY EXPRESS OR IMPLIED WARRANTIES, INCLUDING, BUT NOT LIMITED TO, THE IMPLIED WARRANTIES OF MERCHANTABILITY, FITNESS FOR A PARTICULAR PURPOSE, AND NON-INFRINGEMENT ARE DISCLAIMED. IN NO EVENT SHALL A.M.P.A.S., ANY CONTRIBUTORS OR DISTRIBUTORS BE LIABLE FOR ANY DIRECT, INDIRECT, INCIDENTAL, SPECIAL, EXEMPLARY, OR CONSEQUENTIAL DAMAGES (INCLUDING, BUT NOT LIMITED TO, PROCUREMENT OF SUBSTITUTE GOODS OR SERVICES; LOSS OF USE, DATA, OR PROFITS; OR BUSINESS INTERRUPTION) HOWEVER CAUSED AND ON ANY THEORY OF LIABILITY, WHETHER IN CONTRACT, STRICT LIABILITY, OR TORT (INCLUDING NEGLIGENCE OR OTHERWISE) ARISING IN ANY WAY OUT OF THE USE OF THIS SOFTWARE, EVEN IF ADVISED OF THE POSSIBILITY OF SUCH DAMAGE.\n\n",
  "name": "Academy of Motion Picture Arts and Sciences BSD",
  "licenseId": "AMPAS",
  "crossRef": [
    {
      "match": "--",
      "url": "https://fedoraproject.org/wiki/Licensing/BSD#AMPASBSD",
      "isValid": true,
      "isLive": false,
      "timestamp": "2024-12-30T17:55:06Z",
      "isWayBackLink": false,
      "order": 0
    }
  ],
  "seeAlso": [
    "https://fedoraproject.org/wiki/Licensing/BSD#AMPASBSD"
  ],
  "isOsiApproved": false,
  "licenseTextHtml": "\n      \u003cdiv class\u003d\"replaceable-license-text\"\u003e\u003cspan title\u003d\"can be replaced with the pattern .{0,5000}\"\u003e \n         \u003cp\u003eCopyright (c) 2006 Academy of Motion Picture Arts and Sciences (\u0026quot;A.M.P.A.S.\u0026quot;). Portions contributed by\n         others as indicated. All rights reserved.\u003c/p\u003e\n\n      \u003c/span\u003e\u003c/div\u003e\n\n      \u003cp\u003eA world-wide, royalty-free, non-exclusive right to distribute, copy, modify, create derivatives, and use,\n         in source and binary forms, is hereby granted, subject to acceptance of this license. Performance of\n         any of the aforementioned acts indicates acceptance to be bound by the following terms and\n         conditions:\u003c/p\u003e\n\n\u003cul style\u003d\"list-style:none\"\u003e\n        \n\u003cli\u003e\n            \u003cvar class\u003d\"replaceable-license-text\"\u003e\u003cspan title\u003d\"can be replaced with the pattern .{0,20}\"\u003e *\u003c/span\u003e\u003c/var\u003e\n          Redistributions of source code must retain the above copyright notice, this list of conditions\n             and the Disclaimer of Warranty.\n        \u003c/li\u003e\n        \n\u003cli\u003e\n            \u003cvar class\u003d\"replaceable-license-text\"\u003e\u003cspan title\u003d\"can be replaced with the pattern .{0,20}\"\u003e *\u003c/span\u003e\u003c/var\u003e\n          Redistributions in binary form must reproduce the above copyright notice, this list of conditions\n             and the Disclaimer of Warranty in the documentation and/or other materials provided with the\n             distribution.\n        \u003c/li\u003e\n        \n\u003cli\u003e\n            \u003cvar class\u003d\"replaceable-license-text\"\u003e\u003cspan title\u003d\"can be replaced with the pattern .{0,20}\"\u003e *\u003c/span\u003e\u003c/var\u003e\n          Nothing in this license shall be deemed to grant any rights to trademarks, copyrights, patents,\n             trade secrets or any other intellectual property of A.M.P.A.S. or any contributors, except as\n             expressly stated herein, and neither the name of A.M.P.A.S. nor of any other contributors to\n             this software, may be used to endorse or promote products derived from this software without\n             specific prior written permission of A.M.P.A.S. or contributor, as appropriate.\n        \u003c/li\u003e\n      \n\u003c/ul\u003e\n      \u003cp\u003eThis license shall be governed by the laws of the State of California, and subject to the jurisdiction of\n         the courts therein.\u003c/p\u003e\n\n      \u003cp\u003eDisclaimer of Warranty: THIS SOFTWARE IS PROVIDED BY A.M.P.A.S. AND CONTRIBUTORS \u0026quot;AS IS\u0026quot; AND ANY EXPRESS\n         OR IMPLIED WARRANTIES, INCLUDING, BUT NOT LIMITED TO, THE IMPLIED WARRANTIES OF MERCHANTABILITY,\n         FITNESS FOR A PARTICULAR PURPOSE, AND NON-INFRINGEMENT ARE DISCLAIMED. IN NO EVENT SHALL A.M.P.A.S.,\n         ANY CONTRIBUTORS OR DISTRIBUTORS BE LIABLE FOR ANY DIRECT, INDIRECT, INCIDENTAL, SPECIAL, EXEMPLARY,\n         OR CONSEQUENTIAL DAMAGES (INCLUDING, BUT NOT LIMITED TO, PROCUREMENT OF SUBSTITUTE GOODS OR SERVICES;\n         LOSS OF USE, DATA, OR PROFITS; OR BUSINESS INTERRUPTION) HOWEVER CAUSED AND ON ANY THEORY OF\n         LIABILITY, WHETHER IN CONTRACT, STRICT LIABILITY, OR TORT (INCLUDING NEGLIGENCE OR OTHERWISE) ARISING\n         IN ANY WAY OUT OF THE USE OF THIS SOFTWARE, EVEN IF ADVISED OF THE POSSIBILITY OF SUCH DAMAGE.\u003c/p\u003e\n\n    "
}