{
  "isDeprecatedLicenseId": false,
  "licenseText": "Copyright Copyright (c) 2003 by Bitstream, Inc. All Rights Reserved. Bitstream Vera is a trademark of Bitstream, Inc.\n\nPermission is hereby granted, free of charge, to any person obtaining a copy of the fonts accompanying this license (\"Fonts\") and associated documentation files (the \"Font Software\"), to reproduce and distribute the Font Software, including without limitation the rights to use, copy, merge, publish, distribute, and/or sell copies of the Font Software, and to permit persons to whom the Font Software is furnished to do so, subject to the following conditions:\n\nThe above copyright and trademark notices and this permission notice shall be included in all copies of one or more of the Font Software typefaces.\n\nThe Font Software may be modified, altered, or added to, and in particular the designs of glyphs or characters in the Fonts may be modified and additional glyphs or characters may be added to the Fonts, only if the fonts are renamed to names not containing either the words \"Bitstream\" or the word \"Vera\".\n\nThis License becomes null and void to the extent applicable to Fonts or Font Software that has been modified and is distributed under the \"Bitstream Vera\" names.\n\nThe Font Software may be sold as part of a larger software package but no copy of one or more of the Font Software typefaces may be sold by itself.\n\nTHE FONT SOFTWARE IS PROVIDED \"AS IS\", WITHOUT WARRANTY OF ANY KIND, EXPRESS OR IMPLIED, INCLUDING BUT NOT LIMITED TO ANY WARRANTIES OF MERCHANTABILITY, FITNESS FOR A PARTICULAR PURPOSE AND NONINFRINGEMENT OF COPYRIGHT, PATENT, TRADEMARK, OR OTHER RIGHT. IN NO EVENT SHALL BITSTREAM OR THE GNOME FOUNDATION BE LIABLE FOR ANY CLAIM, DAMAGES OR OTHER LIABILITY, INCLUDING ANY GENERAL, SPECIAL, INDIRECT, INCIDENTAL, OR CONSEQUENTIAL DAMAGES, WHETHER IN AN ACTION OF CONTRACT, TORT OR OTHERWISE, ARISING FROM, OUT OF THE USE OR INABILITY TO USE THE FONT SOFTWARE OR FROM OTHER DEALINGS IN THE FONT SOFTWARE.\n\nExcept as contained in this notice, the names of Gnome, the Gnome Foundation, and Bitstream Inc., shall not be used in advertising or otherwise to promote the sale, use or other dealings in this Font Software without prior written authorization from the Gnome Foundation or Bitstream Inc., respectively. For further information, contact: fonts at gnome dot org.\n",
  "standardLicenseTemplate": "Copyright Copyright (c) 2003 by Bitstream, Inc. All Rights Reserved. Bitstream Vera is a trademark of Bitstream, Inc.\n\nPermission is hereby granted, free of charge, to any person obtaining a copy of the fonts accompanying this license (\"Fonts\") and associated documentation files (the \"Font Software\"), to reproduce and distribute the Font Software, including without limitation the rights to use, copy, merge, publish, distribute, and/or sell copies of the Font Software, and to permit persons to whom the Font Software is furnished to do so, subject to the following conditions:\n\nThe above copyright and trademark notices and this permission notice shall be included in all copies of one or more of the Font Software typefaces.\n\nThe Font Software may be modified, altered, or added to, and in particular the designs of glyphs or characters in the Fonts may be modified and additional glyphs or characters may be added to the Fonts, only if the fonts are renamed to names not containing either the words \"Bitstream\" or the word \"Vera\".\n\nThis License becomes null and void to the extent applicable to Fonts or Font Software that has been modified and is distributed under the \"Bitstream Vera\" names.\n\nThe Font Software may be sold as part of a larger software package but no copy of one or more of the Font Software typefaces may be sold by itself.\n\nTHE FONT SOFTWARE IS PROVIDED \"AS IS\", WITHOUT WARRANTY OF ANY KIND, EXPRESS OR IMPLIED, INCLUDING BUT NOT LIMITED TO ANY WARRANTIES OF MERCHANTABILITY, FITNESS FOR A PARTICULAR PURPOSE AND NONINFRINGEMENT OF COPYRIGHT, PATENT, TRADEMARK, OR OTHER RIGHT. IN NO EVENT SHALL BITSTREAM OR THE GNOME FOUNDATION BE LIABLE FOR ANY CLAIM, DAMAGES OR OTHER LIABILITY, INCLUDING ANY GENERAL, SPECIAL, INDIRECT, INCIDENTAL, OR CONSEQUENTIAL DAMAGES, WHETHER IN AN ACTION OF CONTRACT, TORT OR OTHERWISE, ARISING FROM, OUT OF THE USE OR INABILITY TO USE THE FONT SOFTWARE OR FROM OTHER DEALINGS IN THE FONT SOFTWARE.\n\nExcept as contained in this notice, the names of Gnome, the Gnome Foundation, and Bitstream Inc., shall not be used in advertising or otherwise to promote the sale, use or other dealings in this Font Software without prior written authorization from the Gnome Foundation or Bitstream Inc., respectively. For further information, contact: fonts at gnome dot org.\n\n",
  "name": "Bitstream Vera Font License",
  "licenseId": "Bitstream-Vera",
  "crossRef": [
    {
      "match": "N/A",
      "url": "https://web.archive.org/web/20080207013128/http://www.gnome.org/fonts/",
      "isValid": false,
      "isLive": false,
      "timestamp": "2024-12-30T17:56:07Z",
      "isWayBackLink": false,
      "order": 0
    },
    {
      "match": "true",
      "url": "https://docubrain.com/sites/default/files/licenses/bitstream-vera.html",
      "isValid": true,
      "isLive": true,
      "timestamp": "2024-12-30T17:56:07Z",
      "isWayBackLink": false,
      "order": 1
    }
  ],
  "seeAlso": [
    "https://web.archive.org/web/20080207013128/http://www.gnome.org/fonts/",
    "https://docubrain.com/sites/default/files/licenses/bitstream-vera.html"
  ],
  "isOsiApproved": false,
  "licenseTextHtml": "\u003cp\u003eCopyright\nCopyright (c) 2003 by Bitstream, Inc. All Rights Reserved. Bitstream Vera is a trademark of Bitstream, Inc.\u003c/p\u003e\n\n        \u003cp\u003ePermission is hereby granted, free of charge, to any person obtaining a copy of the fonts accompanying this license (\u0026quot;Fonts\u0026quot;) and associated documentation files (the \u0026quot;Font Software\u0026quot;), to reproduce and distribute the Font Software, including without limitation the rights to use, copy, merge, publish, distribute, and/or sell copies of the Font Software, and to permit persons to whom the Font Software is furnished to do so, subject to the following conditions:\u003c/p\u003e\n\n        \u003cp\u003eThe above copyright and trademark notices and this permission notice shall be included in all copies of one or more of the Font Software typefaces.\u003c/p\u003e\n\n        \u003cp\u003eThe Font Software may be modified, altered, or added to, and in particular the designs of glyphs or characters in the Fonts may be modified and additional glyphs or characters may be added to the Fonts, only if the fonts are renamed to names not containing either the words \u0026quot;Bitstream\u0026quot; or the word \u0026quot;Vera\u0026quot;.\u003c/p\u003e\n\n        \u003cp\u003eThis License becomes null and void to the extent applicable to Fonts or Font Software that has been modified and is distributed under the \u0026quot;Bitstream Vera\u0026quot; names.\u003c/p\u003e\n\n        \u003cp\u003eThe Font Software may be sold as part of a larger software package but no copy of one or more of the Font Software typefaces may be sold by itself.\u003c/p\u003e\n\n        \u003cp\u003eTHE FONT SOFTWARE IS PROVIDED \u0026quot;AS IS\u0026quot;, WITHOUT WARRANTY OF ANY KIND, EXPRESS OR IMPLIED, INCLUDING BUT NOT LIMITED TO ANY WARRANTIES OF MERCHANTABILITY, FITNESS FOR A PARTICULAR PURPOSE AND NONINFRINGEMENT OF COPYRIGHT, PATENT, TRADEMARK, OR OTHER RIGHT. IN NO EVENT SHALL BITSTREAM OR THE GNOME FOUNDATION BE LIABLE FOR ANY CLAIM, DAMAGES OR OTHER LIABILITY, INCLUDING ANY GENERAL, SPECIAL, INDIRECT, INCIDENTAL, OR CONSEQUENTIAL DAMAGES, WHETHER IN AN ACTION OF CONTRACT, TORT OR OTHERWISE, ARISING FROM, OUT OF THE USE OR INABILITY TO USE THE FONT SOFTWARE OR FROM OTHER DEALINGS IN THE FONT SOFTWARE.\u003c/p\u003e\n\n        \u003cp\u003eExcept as contained in this notice, the names of Gnome, the Gnome Foundation, and Bitstream Inc., shall not be used in advertising or otherwise to promote the sale, use or other dealings in this Font Software without prior written authorization from the Gnome Foundation or Bitstream Inc., respectively. For further information, contact: fonts at gnome dot org.\u003c/p\u003e\n\n    "
}