{
  "isDeprecatedLicenseId": true,
  "isFsfLibre": true,
  "licenseText": "Copyright (c) 2008 The NetBSD Foundation, Inc. All rights reserved.\n\nThis code is derived from software contributed to The NetBSD Foundation by\n\nRedistribution and use in source and binary forms, with or without modification, are permitted provided that the following conditions are met:\n\n1. Redistributions of source code must retain the above copyright notice, this list of conditions and the following disclaimer.\n\n2. Redistributions in binary form must reproduce the above copyright notice, this list of conditions and the following disclaimer in the documentation and/or other materials provided with the distribution.\n\nTHIS SOFTWARE IS PROVIDED BY THE NETBSD FOUNDATION, INC. AND CONTRIBUTORS ``AS IS\u0027\u0027 AND ANY EXPRESS OR IMPLIED WARRANTIES, INCLUDING, BUT NOT LIMITED TO, THE IMPLIED WARRANTIES OF MERCHANTABILITY AND FITNESS FOR A PARTICULAR PURPOSE ARE DISCLAIMED. IN NO EVENT SHALL THE FOUNDATION OR CONTRIBUTORS BE LIABLE FOR ANY DIRECT, INDIRECT, INCIDENTAL, SPECIAL, EXEMPLARY, OR CONSEQUENTIAL DAMAGES (INCLUDING, BUT NOT LIMITED TO, PROCUREMENT OF SUBSTITUTE GOODS OR SERVICES; LOSS OF USE, DATA, OR PROFITS; OR BUSINESS INTERRUPTION) HOWEVER CAUSED AND ON ANY THEORY OF LIABILITY, WHETHER IN CONTRACT, STRICT LIABILITY, OR TORT (INCLUDING NEGLIGENCE OR OTHERWISE) ARISING IN ANY WAY OUT OF THE USE OF THIS SOFTWARE, EVEN IF ADVISED OF THE POSSIBILITY OF SUCH DAMAGE.\n",
  "standardLicenseTemplate": "\u003c\u003cvar;name\u003d\"copyright\";original\u003d\"Copyright (c) 2008 The NetBSD Foundation, Inc. All rights reserved.  \";match\u003d\".{0,5000}\"\u003e\u003e\nThis code is derived from software contributed to The NetBSD Foundation by \u003c\u003cvar;name\u003d\"contributors\";original\u003d\"\";match\u003d\".*\"\u003e\u003e\n\nRedistribution and use in source and binary forms, with or without modification, are permitted provided that the following conditions are met:\n\n   \u003c\u003cvar;name\u003d\"bullet\";original\u003d\"1.\";match\u003d\".{0,20}\"\u003e\u003e Redistributions of source code must retain the above copyright notice, this list of conditions and the following disclaimer.\n   \u003c\u003cvar;name\u003d\"bullet\";original\u003d\"2.\";match\u003d\".{0,20}\"\u003e\u003e Redistributions in binary form must reproduce the above copyright notice, this list of conditions and the following disclaimer in the documentation and/or other materials provided with the distribution.\nTHIS SOFTWARE IS PROVIDED BY \u003c\u003cvar;name\u003d\"copyrightHolderAsIs\";original\u003d\"THE NETBSD FOUNDATION, INC. AND CONTRIBUTORS\";match\u003d\".+\"\u003e\u003e ``AS IS\u0027\u0027 AND ANY EXPRESS OR IMPLIED WARRANTIES, INCLUDING, BUT NOT LIMITED TO, THE IMPLIED WARRANTIES OF MERCHANTABILITY AND FITNESS FOR A PARTICULAR PURPOSE ARE DISCLAIMED. IN NO EVENT SHALL \u003c\u003cvar;name\u003d\"copyrightHolderLiability\";original\u003d\"THE FOUNDATION OR CONTRIBUTORS\";match\u003d\".+\"\u003e\u003e BE LIABLE FOR ANY DIRECT, INDIRECT, INCIDENTAL, SPECIAL, EXEMPLARY, OR CONSEQUENTIAL DAMAGES (INCLUDING, BUT NOT LIMITED TO, PROCUREMENT OF SUBSTITUTE GOODS OR SERVICES; LOSS OF USE, DATA, OR PROFITS; OR BUSINESS INTERRUPTION) HOWEVER CAUSED AND ON ANY THEORY OF LIABILITY, WHETHER IN CONTRACT, STRICT LIABILITY, OR TORT (INCLUDING NEGLIGENCE OR OTHERWISE) ARISING IN ANY WAY OUT OF THE USE OF THIS SOFTWARE, EVEN IF ADVISED OF THE POSSIBILITY OF SUCH DAMAGE.\n\n",
  "name": "BSD 2-Clause NetBSD License",
  "licenseComments": "NetBSD adopted this 2-clause license in 2008 for code contributed to NetBSD Foundation. It is being deprecated as a separate license because it is a match to BSD-2-Clause. The line describing that the code is derived from software contributed to NetBSD is not viewed as being a substantive part of the license text.",
  "comment": "NetBSD adopted this 2-clause license in 2008 for code contributed to NetBSD Foundation. It is being deprecated as a separate license because it is a match to BSD-2-Clause. The line describing that the code is derived from software contributed to NetBSD is not viewed as being a substantive part of the license text.",
  "licenseId": "BSD-2-Clause-NetBSD",
  "crossRef": [
    {
      "match": "true",
      "url": "http://www.netbsd.org/about/redistribution.html#default",
      "isValid": true,
      "isLive": true,
      "timestamp": "2024-12-30T17:56:30Z",
      "isWayBackLink": false,
      "order": 0
    }
  ],
  "seeAlso": [
    "http://www.netbsd.org/about/redistribution.html#default"
  ],
  "isOsiApproved": false,
  "licenseTextHtml": "\n      \u003cdiv class\u003d\"replaceable-license-text\"\u003e\u003cspan title\u003d\"can be replaced with the pattern .{0,5000}\"\u003e \n         \u003cp\u003eCopyright (c) 2008 The NetBSD Foundation, Inc. All rights reserved.\u003c/p\u003e\n\n      \u003c/span\u003e\u003c/div\u003e\n\n      \u003cp\u003eThis code is derived from software contributed to The NetBSD Foundation by\n        \u003cvar class\u003d\"replaceable-license-text\"\u003e\u003cspan title\u003d\"can be replaced with the pattern .*\"\u003e \u003c/span\u003e\u003c/var\u003e\n      \u003c/p\u003e\n\n      \u003cp\u003eRedistribution and use in source and binary forms, with or without modification, are permitted provided\n         that the following conditions are met:\u003c/p\u003e\n\n\u003cul style\u003d\"list-style:none\"\u003e\n        \n\u003cli\u003e\n            \u003cvar class\u003d\"replaceable-license-text\"\u003e\u003cspan title\u003d\"can be replaced with the pattern .{0,20}\"\u003e 1.\u003c/span\u003e\u003c/var\u003e\n          Redistributions of source code must retain the above copyright notice, this list of conditions\n             and the following disclaimer.\n        \u003c/li\u003e\n        \n\u003cli\u003e\n            \u003cvar class\u003d\"replaceable-license-text\"\u003e\u003cspan title\u003d\"can be replaced with the pattern .{0,20}\"\u003e 2.\u003c/span\u003e\u003c/var\u003e\n          Redistributions in binary form must reproduce the above copyright notice, this list of conditions\n             and the following disclaimer in the documentation and/or other materials provided with the\n             distribution.\n        \u003c/li\u003e\n      \n\u003c/ul\u003e\n      \u003cp\u003eTHIS SOFTWARE IS PROVIDED BY\n        \u003cvar class\u003d\"replaceable-license-text\"\u003e\u003cspan title\u003d\"can be replaced with the pattern .+\"\u003e THE NETBSD FOUNDATION, INC. AND CONTRIBUTORS\u003c/span\u003e\u003c/var\u003e ``AS IS\u0026apos;\u0026apos;\n        AND ANY EXPRESS OR IMPLIED WARRANTIES, INCLUDING, BUT NOT LIMITED TO, THE IMPLIED WARRANTIES OF\n        MERCHANTABILITY AND FITNESS FOR A PARTICULAR PURPOSE ARE DISCLAIMED. IN NO EVENT SHALL\n        \u003cvar class\u003d\"replaceable-license-text\"\u003e\u003cspan title\u003d\"can be replaced with the pattern .+\"\u003e THE FOUNDATION OR CONTRIBUTORS\u003c/span\u003e\u003c/var\u003e BE LIABLE FOR ANY\n        DIRECT, INDIRECT, INCIDENTAL, SPECIAL, EXEMPLARY, OR CONSEQUENTIAL DAMAGES (INCLUDING, BUT NOT LIMITED\n        TO, PROCUREMENT OF SUBSTITUTE GOODS OR SERVICES; LOSS OF USE, DATA, OR PROFITS; OR BUSINESS\n        INTERRUPTION) HOWEVER CAUSED AND ON ANY THEORY OF LIABILITY, WHETHER IN CONTRACT, STRICT LIABILITY, OR\n        TORT (INCLUDING NEGLIGENCE OR OTHERWISE) ARISING IN ANY WAY OUT OF THE USE OF THIS SOFTWARE, EVEN IF\n        ADVISED OF THE POSSIBILITY OF SUCH DAMAGE.\n      \u003c/p\u003e\n\n    ",
  "deprecatedVersion": "3.9"
}