{
  "isDeprecatedLicenseId": false,
  "licenseText": "Copyright (C) 1995, 1996 Systemics Ltd (http://www.systemics.com/)\nAll rights reserved.\n \nThis library and applications are FREE FOR COMMERCIAL AND NON-COMMERCIAL USE\nas long as the following conditions are adhered to.\n \nCopyright remains with Systemics Ltd, and as such any Copyright notices\nin the code are not to be removed.  If this code is used in a product,\nSystemics should be given attribution as the author of the parts used.\nThis can be in the form of a textual message at program startup or\nin documentation (online or textual) provided with the package.\n \nRedistribution and use in source and binary forms, with or without\nmodification, are permitted provided that the following conditions\nare met:\n1. Redistributions of source code must retain the copyright\n   notice, this list of conditions and the following disclaimer.\n2. Redistributions in binary form must reproduce the above copyright\n   notice, this list of conditions and the following disclaimer in the\n   documentation and/or other materials provided with the distribution.\n3. All advertising materials mentioning features or use of this software\n   must display the following acknowledgement:\n   This product includes software developed by Systemics Ltd (http://www.systemics.com/)   \n \nTHIS SOFTWARE IS PROVIDED BY SYSTEMICS LTD ``AS IS\u0027\u0027 AND\nANY EXPRESS OR IMPLIED WARRANTIES, INCLUDING, BUT NOT LIMITED TO, THE\nIMPLIED WARRANTIES OF MERCHANTABILITY AND FITNESS FOR A PARTICULAR PURPOSE\nARE DISCLAIMED.  IN NO EVENT SHALL THE AUTHOR OR CONTRIBUTORS BE LIABLE\nFOR ANY DIRECT, INDIRECT, INCIDENTAL, SPECIAL, EXEMPLARY, OR CONSEQUENTIAL\nDAMAGES (INCLUDING, BUT NOT LIMITED TO, PROCUREMENT OF SUBSTITUTE GOODS\nOR SERVICES; LOSS OF USE, DATA, OR PROFITS; OR BUSINESS INTERRUPTION)\nHOWEVER CAUSED AND ON ANY THEORY OF LIABILITY, WHETHER IN CONTRACT, STRICT\nLIABILITY, OR TORT (INCLUDING NEGLIGENCE OR OTHERWISE) ARISING IN ANY WAY\nOUT OF THE USE OF THIS SOFTWARE, EVEN IF ADVISED OF THE POSSIBILITY OF\nSUCH DAMAGE.\n \nThe licence and distribution terms for any publically available version or\nderivative of this code cannot be changed.  i.e. this code cannot simply be\ncopied and put under another distribution licence [including the GNU Public Licence.]\n",
  "standardLicenseTemplate": "\u003c\u003cvar;name\u003d\"copyright\";original\u003d\"Copyright (C) 1995, 1996 Systemics Ltd (http://www.systemics.com/) All rights reserved.  \";match\u003d\".{0,5000}\"\u003e\u003e\nThis library and applications are FREE FOR COMMERCIAL AND NON-COMMERCIAL USE as long as the following conditions are adhered to.\n\nCopyright remains with Systemics Ltd, and as such any Copyright notices in the code are not to be removed. If this code is used in a product, Systemics should be given attribution as the author of the parts used. This can be in the form of a textual message at program startup or in documentation (online or textual) provided with the package.\n\nRedistribution and use in source and binary forms, with or without modification, are permitted provided that the following conditions are met:\n\n   \u003c\u003cvar;name\u003d\"bullet\";original\u003d\"1.\";match\u003d\".{0,20}\"\u003e\u003e Redistributions of source code must retain the copyright notice, this list of conditions and the following disclaimer.\n   \u003c\u003cvar;name\u003d\"bullet\";original\u003d\"2.\";match\u003d\".{0,20}\"\u003e\u003e Redistributions in binary form must reproduce the above copyright notice, this list of conditions and the following disclaimer in the documentation and/or other materials provided with the distribution.\n   \u003c\u003cvar;name\u003d\"bullet\";original\u003d\"3.\";match\u003d\".{0,20}\"\u003e\u003e All advertising materials mentioning features or use of this software must display the following acknowledgement: This product includes software developed by Systemics Ltd (http://www.systemics.com/)\nTHIS SOFTWARE IS PROVIDED BY SYSTEMICS LTD ``AS IS\u0027\u0027 AND ANY EXPRESS OR IMPLIED WARRANTIES, INCLUDING, BUT NOT LIMITED TO, THE IMPLIED WARRANTIES OF MERCHANTABILITY AND FITNESS FOR A PARTICULAR PURPOSE ARE DISCLAIMED. IN NO EVENT SHALL THE AUTHOR OR CONTRIBUTORS BE LIABLE FOR ANY DIRECT, INDIRECT, INCIDENTAL, SPECIAL, EXEMPLARY, OR CONSEQUENTIAL DAMAGES (INCLUDING, BUT NOT LIMITED TO, PROCUREMENT OF SUBSTITUTE GOODS OR SERVICES; LOSS OF USE, DATA, OR PROFITS; OR BUSINESS INTERRUPTION) HOWEVER CAUSED AND ON ANY THEORY OF LIABILITY, WHETHER IN CONTRACT, STRICT LIABILITY, OR TORT (INCLUDING NEGLIGENCE OR OTHERWISE) ARISING IN ANY WAY OUT OF THE USE OF THIS SOFTWARE, EVEN IF ADVISED OF THE POSSIBILITY OF SUCH DAMAGE.\n\nThe licence and distribution terms for any publically available version or derivative of this code cannot be changed. i.e. this code cannot simply be copied and put under another distribution licence [including the GNU Public Licence.]\n\n",
  "name": "Systemics BSD variant license",
  "licenseId": "BSD-Systemics",
  "crossRef": [
    {
      "match": "true",
      "url": "https://metacpan.org/release/DPARIS/Crypt-DES-2.07/source/COPYRIGHT",
      "isValid": true,
      "isLive": true,
      "timestamp": "2024-12-30T17:55:43Z",
      "isWayBackLink": false,
      "order": 0
    }
  ],
  "seeAlso": [
    "https://metacpan.org/release/DPARIS/Crypt-DES-2.07/source/COPYRIGHT"
  ],
  "isOsiApproved": false,
  "licenseTextHtml": "\n            \u003cdiv class\u003d\"replaceable-license-text\"\u003e\u003cspan title\u003d\"can be replaced with the pattern .{0,5000}\"\u003e \n                \u003cp\u003e\n                       Copyright (C) 1995, 1996 Systemics Ltd (http://www.systemics.com/)\u003cbr /\u003e\n\n                       All rights reserved.\n                \u003c/p\u003e\n\n            \u003c/span\u003e\u003c/div\u003e\n\n            \u003cp\u003eThis library and applications are FREE FOR COMMERCIAL AND NON-COMMERCIAL USE\n               as long as the following conditions are adhered to.\u003c/p\u003e\n\n            \u003cp\u003eCopyright remains with Systemics Ltd, and as such any Copyright notices\n               in the code are not to be removed.  If this code is used in a product,\n               Systemics should be given attribution as the author of the parts used.\n               This can be in the form of a textual message at program startup or\n               in documentation (online or textual) provided with the package.\u003c/p\u003e\n\n            \u003cp\u003eRedistribution and use in source and binary forms, with or without\n               modification, are permitted provided that the following conditions\n               are met:\u003c/p\u003e\n\n\u003cul style\u003d\"list-style:none\"\u003e\n                \n\u003cli\u003e\n                    \u003cvar class\u003d\"replaceable-license-text\"\u003e\u003cspan title\u003d\"can be replaced with the pattern .{0,20}\"\u003e 1.\u003c/span\u003e\u003c/var\u003e\n                    Redistributions of source code must retain the copyright\n                    notice, this list of conditions and the following disclaimer.\n                \u003c/li\u003e\n                \n\u003cli\u003e\n                    \u003cvar class\u003d\"replaceable-license-text\"\u003e\u003cspan title\u003d\"can be replaced with the pattern .{0,20}\"\u003e 2.\u003c/span\u003e\u003c/var\u003e\n                    Redistributions in binary form must reproduce the above copyright\n                    notice, this list of conditions and the following disclaimer in the\n                    documentation and/or other materials provided with the distribution.\n                \u003c/li\u003e\n                \n\u003cli\u003e\n                    \u003cvar class\u003d\"replaceable-license-text\"\u003e\u003cspan title\u003d\"can be replaced with the pattern .{0,20}\"\u003e 3.\u003c/span\u003e\u003c/var\u003e\n                    All advertising materials mentioning features or use of this software\n                    must display the following acknowledgement:\n                    This product includes software developed by Systemics Ltd (http://www.systemics.com/)\n                \u003c/li\u003e\n            \n\u003c/ul\u003e\n\n            \u003cp\u003eTHIS SOFTWARE IS PROVIDED BY SYSTEMICS LTD ``AS IS\u0026apos;\u0026apos; AND\n               ANY EXPRESS OR IMPLIED WARRANTIES, INCLUDING, BUT NOT LIMITED TO, THE\n               IMPLIED WARRANTIES OF MERCHANTABILITY AND FITNESS FOR A PARTICULAR PURPOSE\n               ARE DISCLAIMED.  IN NO EVENT SHALL THE AUTHOR OR CONTRIBUTORS BE LIABLE\n               FOR ANY DIRECT, INDIRECT, INCIDENTAL, SPECIAL, EXEMPLARY, OR CONSEQUENTIAL\n               DAMAGES (INCLUDING, BUT NOT LIMITED TO, PROCUREMENT OF SUBSTITUTE GOODS\n               OR SERVICES; LOSS OF USE, DATA, OR PROFITS; OR BUSINESS INTERRUPTION)\n               HOWEVER CAUSED AND ON ANY THEORY OF LIABILITY, WHETHER IN CONTRACT, STRICT\n               LIABILITY, OR TORT (INCLUDING NEGLIGENCE OR OTHERWISE) ARISING IN ANY WAY\n               OUT OF THE USE OF THIS SOFTWARE, EVEN IF ADVISED OF THE POSSIBILITY OF\n               SUCH DAMAGE.\u003c/p\u003e\n\n           \u003cp\u003eThe licence and distribution terms for any publically available version or\n              derivative of this code cannot be changed.  i.e. this code cannot simply be\n              copied and put under another distribution licence\n              [including the GNU Public Licence.]\u003c/p\u003e\n\n        "
}