{
  "isDeprecatedLicenseId": false,
  "licenseText": "Copyright (c) \u003cYEAR\u003e \u003cCOPYRIGHT HOLDERS\u003e\n\nRedistribution and use in source and binary forms, with or without modification, are permitted provided that the following conditions are met:\n\n1. Redistributions of source code must retain the above copyright notice, this list of conditions and the following disclaimer.\n\n2. Redistributions in binary form must reproduce the above copyright notice, this list of conditions and the following disclaimer in the documentation and/or other materials provided with the distribution.\n\nSubject to the terms and conditions of this license, each copyright holder and contributor hereby grants to those receiving rights under this license a perpetual, worldwide, non-exclusive, no-charge, royalty-free, irrevocable (except for failure to satisfy the conditions of this license) patent license to make, have made, use, offer to sell, sell, import, and otherwise transfer this software, where such license applies only to those patent claims, already acquired or hereafter acquired, licensable by such copyright holder or contributor that are necessarily infringed by:\n\n(a) their Contribution(s) (the licensed copyrights of copyright holders and non-copyrightable additions of contributors, in source or binary form) alone; or\n\n(b) combination of their Contribution(s) with the work of authorship to which such Contribution(s) was added by such copyright holder or contributor, if, at the time the Contribution is added, such addition causes such combination to be necessarily infringed. The patent license shall not apply to any other combinations which include the Contribution.\n\nExcept as expressly stated above, no rights or licenses from any copyright holder or contributor is granted under this license, whether expressly, by implication, estoppel or otherwise.\n\nDISCLAIMER\n\nTHIS SOFTWARE IS PROVIDED BY THE COPYRIGHT HOLDERS AND CONTRIBUTORS \"AS IS\" AND ANY EXPRESS OR IMPLIED WARRANTIES, INCLUDING, BUT NOT LIMITED TO, THE IMPLIED WARRANTIES OF MERCHANTABILITY AND FITNESS FOR A PARTICULAR PURPOSE ARE DISCLAIMED. IN NO EVENT SHALL THE COPYRIGHT HOLDERS OR CONTRIBUTORS BE LIABLE FOR ANY DIRECT, INDIRECT, INCIDENTAL, SPECIAL, EXEMPLARY, OR CONSEQUENTIAL DAMAGES (INCLUDING, BUT NOT LIMITED TO, PROCUREMENT OF SUBSTITUTE GOODS OR SERVICES; LOSS OF USE, DATA, OR PROFITS; OR BUSINESS INTERRUPTION) HOWEVER CAUSED AND ON ANY THEORY OF LIABILITY, WHETHER IN CONTRACT, STRICT LIABILITY, OR TORT (INCLUDING NEGLIGENCE OR OTHERWISE) ARISING IN ANY WAY OUT OF THE USE OF THIS SOFTWARE, EVEN IF ADVISED OF THE POSSIBILITY OF SUCH DAMAGE.\n",
  "standardLicenseTemplate": "\u003c\u003cvar;name\u003d\"copyright\";original\u003d\"Copyright (c) \u003cYEAR\u003e \u003cCOPYRIGHT HOLDERS\u003e  \";match\u003d\".{0,5000}\"\u003e\u003e\nRedistribution and use in source and binary forms, with or without modification, are permitted provided that the following conditions are met:\n\n   \u003c\u003cvar;name\u003d\"bullet\";original\u003d\"1.\";match\u003d\".{0,20}\"\u003e\u003e Redistributions of source code must retain the above copyright notice, this list of conditions and the following disclaimer.\n   \u003c\u003cvar;name\u003d\"bullet\";original\u003d\"2.\";match\u003d\".{0,20}\"\u003e\u003e Redistributions in binary form must reproduce the above copyright notice, this list of conditions and the following disclaimer in the documentation and/or other materials provided with the distribution.\nSubject to the terms and conditions of this license, each copyright holder and contributor hereby grants to those receiving rights under this license a perpetual, worldwide, non-exclusive, no-charge, royalty-free, irrevocable (except for failure to satisfy the conditions of this license) patent license to make, have made, use, offer to sell, sell, import, and otherwise transfer this software, where such license applies only to those patent claims, already acquired or hereafter acquired, licensable by such copyright holder or contributor that are necessarily infringed by:\n\n   \u003c\u003cvar;name\u003d\"bullet\";original\u003d\"(a)\";match\u003d\".{0,20}\"\u003e\u003e their Contribution(s) (the licensed copyrights of copyright holders and non-copyrightable additions of contributors, in source or binary form) alone; or\n   \u003c\u003cvar;name\u003d\"bullet\";original\u003d\"(b)\";match\u003d\".{0,20}\"\u003e\u003e combination of their Contribution(s) with the work of authorship to which such Contribution(s) was added by such copyright holder or contributor, if, at the time the Contribution is added, such addition causes such combination to be necessarily infringed. The patent license shall not apply to any other combinations which include the Contribution.\nExcept as expressly stated above, no rights or licenses from any copyright holder or contributor is granted under this license, whether expressly, by implication, estoppel or otherwise.\n\nDISCLAIMER\n\nTHIS SOFTWARE IS PROVIDED BY THE COPYRIGHT HOLDERS AND CONTRIBUTORS \"AS IS\" AND ANY EXPRESS OR IMPLIED WARRANTIES, INCLUDING, BUT NOT LIMITED TO, THE IMPLIED WARRANTIES OF MERCHANTABILITY AND FITNESS FOR A PARTICULAR PURPOSE ARE DISCLAIMED. IN NO EVENT SHALL THE COPYRIGHT HOLDERS OR CONTRIBUTORS BE LIABLE FOR ANY DIRECT, INDIRECT, INCIDENTAL, SPECIAL, EXEMPLARY, OR CONSEQUENTIAL DAMAGES (INCLUDING, BUT NOT LIMITED TO, PROCUREMENT OF SUBSTITUTE GOODS OR SERVICES; LOSS OF USE, DATA, OR PROFITS; OR BUSINESS INTERRUPTION) HOWEVER CAUSED AND ON ANY THEORY OF LIABILITY, WHETHER IN CONTRACT, STRICT LIABILITY, OR TORT (INCLUDING NEGLIGENCE OR OTHERWISE) ARISING IN ANY WAY OUT OF THE USE OF THIS SOFTWARE, EVEN IF ADVISED OF THE POSSIBILITY OF SUCH DAMAGE.\n\n",
  "name": "BSD-2-Clause Plus Patent License",
  "licenseComments": "Note: This license is designed to provide: a) a simple permissive license; b) that is compatible with the GNU General Public License (GPL), version 2; and c) which also has an express patent grant included.\n\n",
  "comment": "Note: This license is designed to provide: a) a simple permissive license; b) that is compatible with the GNU General Public License (GPL), version 2; and c) which also has an express patent grant included.\n\n",
  "licenseId": "BSD-2-Clause-Patent",
  "crossRef": [
    {
      "match": "N/A",
      "url": "https://opensource.org/licenses/BSDplusPatent",
      "isValid": true,
      "isLive": false,
      "timestamp": "2024-12-30T17:57:09Z",
      "isWayBackLink": false,
      "order": 0
    }
  ],
  "seeAlso": [
    "https://opensource.org/licenses/BSDplusPatent"
  ],
  "isOsiApproved": true,
  "licenseTextHtml": "\n    \u003cdiv class\u003d\"replaceable-license-text\"\u003e\u003cspan title\u003d\"can be replaced with the pattern .{0,5000}\"\u003e \n      \u003cp\u003e\n        Copyright (c) \u0026lt;YEAR\u0026gt; \u0026lt;COPYRIGHT HOLDERS\u0026gt;\n      \u003c/p\u003e\n\n    \u003c/span\u003e\u003c/div\u003e\n    \u003cp\u003e\n      Redistribution and use in source and binary\n      forms, with or without modification, are permitted\n      provided that the following conditions are met:\n    \u003c/p\u003e\n\n\u003cul style\u003d\"list-style:none\"\u003e\n      \n\u003cli\u003e\n        \u003cvar class\u003d\"replaceable-license-text\"\u003e\u003cspan title\u003d\"can be replaced with the pattern .{0,20}\"\u003e 1.\u003c/span\u003e\u003c/var\u003e\n        Redistributions of source code must retain the above copyright\n        notice, this list of conditions and the following disclaimer.\n      \u003c/li\u003e\n      \n\u003cli\u003e\n        \u003cvar class\u003d\"replaceable-license-text\"\u003e\u003cspan title\u003d\"can be replaced with the pattern .{0,20}\"\u003e 2.\u003c/span\u003e\u003c/var\u003e\n        Redistributions in binary form must reproduce the above copyright\n        notice, this list of conditions and the following disclaimer in the\n        documentation and/or other materials provided with the distribution.\n      \u003c/li\u003e\n    \n\u003c/ul\u003e\n    \u003cp\u003e\n      Subject to the terms and conditions of this license, each copyright\n      holder and contributor hereby grants to those receiving rights under this\n      license a perpetual, worldwide, non-exclusive, no-charge, royalty-free,\n      irrevocable (except for failure to satisfy the conditions of this license)\n      patent license to make, have made, use, offer to sell, sell, import,\n      and otherwise transfer this software, where such license applies only to\n      those patent claims, already acquired or hereafter acquired, licensable\n      by such copyright holder or contributor that are necessarily infringed by:\n    \u003c/p\u003e\n\n\u003cul style\u003d\"list-style:none\"\u003e\n      \n\u003cli\u003e\n        \u003cvar class\u003d\"replaceable-license-text\"\u003e\u003cspan title\u003d\"can be replaced with the pattern .{0,20}\"\u003e (a)\u003c/span\u003e\u003c/var\u003e\n        their Contribution(s) (the licensed copyrights of\n        copyright holders and non-copyrightable additions\n        of contributors, in source or binary form) alone; or\n      \u003c/li\u003e\n      \n\u003cli\u003e\n        \u003cvar class\u003d\"replaceable-license-text\"\u003e\u003cspan title\u003d\"can be replaced with the pattern .{0,20}\"\u003e (b)\u003c/span\u003e\u003c/var\u003e\n        combination of their Contribution(s) with the work of authorship\n        to which such Contribution(s) was added by such copyright\n        holder or contributor, if, at the time the Contribution\n        is added, such addition causes such combination to be\n        necessarily infringed. The patent license shall not apply\n        to any other combinations which include the Contribution.\n      \u003c/li\u003e\n    \n\u003c/ul\u003e\n    \u003cp\u003e\n      Except as expressly stated above, no rights or licenses from any\n      copyright holder or contributor is granted under this license,\n      whether expressly, by implication, estoppel or otherwise.\n    \u003c/p\u003e\n\n    \u003cp\u003e\n      DISCLAIMER\n    \u003c/p\u003e\n\n    \u003cp\u003e\n      THIS SOFTWARE IS PROVIDED BY THE COPYRIGHT HOLDERS AND CONTRIBUTORS\n      \u0026quot;AS IS\u0026quot; AND ANY EXPRESS OR IMPLIED WARRANTIES, INCLUDING, BUT NOT\n      LIMITED TO, THE IMPLIED WARRANTIES OF MERCHANTABILITY AND FITNESS FOR\n      A PARTICULAR PURPOSE ARE DISCLAIMED. IN NO EVENT SHALL THE COPYRIGHT\n      HOLDERS OR CONTRIBUTORS BE LIABLE FOR ANY DIRECT, INDIRECT, INCIDENTAL,\n      SPECIAL, EXEMPLARY, OR CONSEQUENTIAL DAMAGES (INCLUDING, BUT NOT\n      LIMITED TO, PROCUREMENT OF SUBSTITUTE GOODS OR SERVICES; LOSS OF USE,\n      DATA, OR PROFITS; OR BUSINESS INTERRUPTION) HOWEVER CAUSED AND ON ANY\n      THEORY OF LIABILITY, WHETHER IN CONTRACT, STRICT LIABILITY, OR TORT\n      (INCLUDING NEGLIGENCE OR OTHERWISE) ARISING IN ANY WAY OUT OF THE USE\n      OF THIS SOFTWARE, EVEN IF ADVISED OF THE POSSIBILITY OF SUCH DAMAGE.\n    \u003c/p\u003e\n\n    "
}