{
  "isDeprecatedLicenseId": false,
  "licenseText": "This package contains a set of Russian fonts for X11 Release 6.\nCopyright (C) 1994-1995 Cronyx Ltd.\nChanges Copyright (C) 1996 by Sergey Vovk\nChanges Copyright (C) 1999-2000 by Serge Winitzki\nChanges Copyright (C) 1996-2000 by Andrey A. Chernov, Moscow, Russia.\n\nThis software may be used, modified, copied, distributed, and sold,\nin both source and binary form provided that the copyright\nand these terms are retained. Under no circumstances is the author\nresponsible for the proper functioning of this software, nor does\nthe author assume any responsibility for damages incurred with its use.\n",
  "standardLicenseTemplate": "\u003c\u003cvar;name\u003d\"copyright\";original\u003d\"This package contains a set of Russian fonts for X11 Release 6. Copyright (C) 1994-1995 Cronyx Ltd. Changes Copyright (C) 1996 by Sergey Vovk Changes Copyright (C) 1999-2000 by Serge Winitzki Changes Copyright (C) 1996-2000 by Andrey A. Chernov, Moscow, Russia.  \";match\u003d\".{0,5000}\"\u003e\u003e\nThis software may be used, modified, copied, distributed\u003c\u003cbeginOptional\u003e\u003e ,\u003c\u003cendOptional\u003e\u003e and sold, in both source and binary form provided that the\u003c\u003cbeginOptional\u003e\u003e above\u003c\u003cendOptional\u003e\u003e copyright and these terms are retained. Under no circumstances is the author responsible for the proper functioning of this software, nor does the author assume any responsibility for damages incurred with its use.\n\n",
  "name": "Cronyx License",
  "licenseId": "Cronyx",
  "crossRef": [
    {
      "match": "false",
      "url": "https://gitlab.freedesktop.org/xorg/font/screen-cyrillic/-/blob/master/COPYING",
      "isValid": true,
      "isLive": true,
      "timestamp": "2024-12-30T17:58:12Z",
      "isWayBackLink": false,
      "order": 3
    },
    {
      "match": "false",
      "url": "https://gitlab.freedesktop.org/xorg/font/alias/-/blob/master/COPYING",
      "isValid": true,
      "isLive": true,
      "timestamp": "2024-12-30T17:58:14Z",
      "isWayBackLink": false,
      "order": 0
    },
    {
      "match": "false",
      "url": "https://gitlab.freedesktop.org/xorg/font/misc-cyrillic/-/blob/master/COPYING",
      "isValid": true,
      "isLive": true,
      "timestamp": "2024-12-30T17:58:16Z",
      "isWayBackLink": false,
      "order": 2
    },
    {
      "match": "false",
      "url": "https://gitlab.freedesktop.org/xorg/font/cronyx-cyrillic/-/blob/master/COPYING",
      "isValid": true,
      "isLive": true,
      "timestamp": "2024-12-30T17:58:18Z",
      "isWayBackLink": false,
      "order": 1
    }
  ],
  "seeAlso": [
    "https://gitlab.freedesktop.org/xorg/font/alias/-/blob/master/COPYING",
    "https://gitlab.freedesktop.org/xorg/font/cronyx-cyrillic/-/blob/master/COPYING",
    "https://gitlab.freedesktop.org/xorg/font/misc-cyrillic/-/blob/master/COPYING",
    "https://gitlab.freedesktop.org/xorg/font/screen-cyrillic/-/blob/master/COPYING"
  ],
  "isOsiApproved": false,
  "licenseTextHtml": "\n         \u003cdiv class\u003d\"replaceable-license-text\"\u003e\u003cspan title\u003d\"can be replaced with the pattern .{0,5000}\"\u003e \n           \u003cp\u003e\n           This package contains a set of Russian fonts for X11 Release 6.\n           Copyright (C) 1994-1995 Cronyx Ltd.\n           Changes Copyright (C) 1996 by Sergey Vovk\n           Changes Copyright (C) 1999-2000 by Serge Winitzki\n           Changes Copyright (C) 1996-2000 by Andrey A. Chernov, Moscow, Russia.\n           \u003c/p\u003e\n\n         \u003c/span\u003e\u003c/div\u003e\n         \u003cp\u003e\n            This software may be used, modified, copied, distributed\u003cvar class\u003d\"optional-license-text\"\u003e ,\u003c/var\u003e and sold,\n            in both source and binary form provided that the \u003cvar class\u003d\"optional-license-text\"\u003e above \u003c/var\u003ecopyright and these\n            terms are retained. Under no circumstances is the author responsible\n            for the proper functioning of this software, nor does the author\n            assume any responsibility for damages incurred with its use.\n         \u003c/p\u003e\n\n      "
}