{
  "isDeprecatedLicenseId": false,
  "licenseText": "Copyright (C) 2008 Micah J. Cowan\n\nCopying and distribution of this file, with or without modification,\nare permitted in any medium without royalty provided the copyright\nnotice and this notice are preserved.\n",
  "standardLicenseTemplate": "\u003c\u003cvar;name\u003d\"copyright\";original\u003d\"Copyright (C) 2008 Micah J. Cowan\";match\u003d\".{0,5000}\"\u003e\u003e\nCopying and distribution of this file, with or without modification, are permitted in any medium without royalty provided the copyright notice and this notice are preserved.\n\n",
  "name": "FSF All Permissive License (without Warranty)",
  "licenseComments": "This license is identical to FSFAP except it omits the no-warranty sentence at the end.",
  "comment": "This license is identical to FSFAP except it omits the no-warranty sentence at the end.",
  "licenseId": "FSFAP-no-warranty-disclaimer",
  "crossRef": [
    {
      "match": "true",
      "url": "https://git.savannah.gnu.org/cgit/wget.git/tree/util/trunc.c?h\u003dv1.21.3\u0026id\u003d40747a11e44ced5a8ac628a41f879ced3e2ebce9#n6",
      "isValid": true,
      "isLive": true,
      "timestamp": "2024-12-30T18:03:47Z",
      "isWayBackLink": false,
      "order": 0
    }
  ],
  "seeAlso": [
    "https://git.savannah.gnu.org/cgit/wget.git/tree/util/trunc.c?h\u003dv1.21.3\u0026id\u003d40747a11e44ced5a8ac628a41f879ced3e2ebce9#n6"
  ],
  "isOsiApproved": false,
  "licenseTextHtml": "\n                        \u003cvar class\u003d\"replaceable-license-text\"\u003e\u003cspan title\u003d\"can be replaced with the pattern .{0,5000}\"\u003e \n                                Copyright (C) 2008 Micah J. Cowan\n                        \u003c/span\u003e\u003c/var\u003e\n                        \u003cp\u003e\n                                Copying and distribution of this\n                                file, with or without\n                                modification, are permitted in\n                                any medium without royalty\n                                provided the copyright\n                                notice and this notice are\n                                preserved.\n                        \u003c/p\u003e\n\n                "
}