{
  "isDeprecatedLicenseId": false,
  "licenseText": "Code derived from the document \"Report on the Programming Language\nHaskell 2010\", is distributed under the following license:\n\nCopyright (c) 2010 Simon Marlow\n\nThe authors intend this Report to belong to the entire Haskell community, and so we grant permission to copy and distribute it for any purpose, provided that it is reproduced in its entirety, including this Notice.  Modified versions of this Report may also be copied and distributed for any purpose, provided that the modified version is clearly presented as such, and that it does not claim to be a definition of the Haskell 2010 Language.\n",
  "standardLicenseTemplate": "Code derived from the document \"Report on the Programming Language\nHaskell 2010\", is distributed under the following license:\n\n\u003c\u003cvar;name\u003d\"copyright\";original\u003d\"Copyright (c) 2010 Simon Marlow\";match\u003d\".{0,5000}\"\u003e\u003e\n\nThe authors intend this Report to belong to the entire Haskell community, and so we grant permission to copy and distribute it for any purpose, provided that it is reproduced in its entirety, including this Notice. Modified versions of this Report may also be copied and distributed for any purpose, provided that the modified version is clearly presented as such, and that it does not claim to be a definition of the Haskell 2010 Language.\n\n",
  "name": "Haskell Language Report License",
  "licenseId": "HaskellReport",
  "crossRef": [
    {
      "match": "true",
      "url": "https://fedoraproject.org/wiki/Licensing/Haskell_Language_Report_License",
      "isValid": true,
      "isLive": true,
      "timestamp": "2024-12-30T18:04:10Z",
      "isWayBackLink": false,
      "order": 0
    }
  ],
  "seeAlso": [
    "https://fedoraproject.org/wiki/Licensing/Haskell_Language_Report_License"
  ],
  "isOsiApproved": false,
  "licenseTextHtml": "\n      \u003cp\u003eCode derived from the document \u0026quot;Report on the Programming Language\n        \u003cbr /\u003e\nHaskell 2010\u0026quot;, is distributed under the following license:\n      \u003c/p\u003e\n\n      \u003cp\u003e\n        \u003cvar class\u003d\"replaceable-license-text\"\u003e\u003cspan title\u003d\"can be replaced with the pattern .{0,5000}\"\u003e Copyright (c) 2010 Simon Marlow\u003c/span\u003e\u003c/var\u003e\n      \u003c/p\u003e\n\n      \u003cp\u003eThe authors intend this Report to belong to the entire Haskell community, and so we grant permission to\n         copy and distribute it for any purpose, provided that it is reproduced in its entirety, including this\n         Notice. Modified versions of this Report may also be copied and distributed for any purpose, provided\n         that the modified version is clearly presented as such, and that it does not claim to be a definition\n         of the Haskell 2010 Language.\u003c/p\u003e\n\n    "
}