{
  "isDeprecatedLicenseId": false,
  "licenseText": "Copyright (C) 1991 by Jef Poskanzer.\n\nPermission to use, copy, modify, and distribute this software and its\ndocumentation for any purpose and without fee is hereby granted, provided\nthat the above copyright notice appear in all copies and that both that\ncopyright notice and this permission notice appear in supporting\ndocumentation.  This software is provided \"as is\" without express or\nimplied warranty.\n",
  "standardLicenseTemplate": "\u003c\u003cvar;name\u003d\"copyright\";original\u003d\"Copyright (C) 1991 by Jef Poskanzer.\";match\u003d\".{0,5000}\"\u003e\u003e\nPermission to use, copy, modify, and distribute this software and its documentation for any purpose and without fee is hereby granted, provided that the above copyright notice appear in all copies and that both that copyright notice and this permission notice appear in supporting documentation. This software is provided \"as is\" without express or implied warranty.\n\n",
  "name": "Historical Permission Notice and Disclaimer - Pbmplus variant",
  "licenseComments": "This license is nearly a match for HPND, but omits first sentence of third clause regarding no reps, and only includes the second sentence regarding \"as is\". In the original HPND that entire clause is optional.",
  "comment": "This license is nearly a match for HPND, but omits first sentence of third clause regarding no reps, and only includes the second sentence regarding \"as is\". In the original HPND that entire clause is optional.",
  "licenseId": "HPND-Pbmplus",
  "crossRef": [
    {
      "match": "N/A",
      "url": "https://sourceforge.net/p/netpbm/code/HEAD/tree/super_stable/netpbm.c#l8",
      "isValid": true,
      "isLive": false,
      "timestamp": "2024-12-30T18:04:09Z",
      "isWayBackLink": false,
      "order": 0
    }
  ],
  "seeAlso": [
    "https://sourceforge.net/p/netpbm/code/HEAD/tree/super_stable/netpbm.c#l8"
  ],
  "isOsiApproved": false,
  "licenseTextHtml": "\n         \u003cvar class\u003d\"replaceable-license-text\"\u003e\u003cspan title\u003d\"can be replaced with the pattern .{0,5000}\"\u003e \n                Copyright (C) 1991 by Jef Poskanzer.\n        \u003c/span\u003e\u003c/var\u003e\n\n         \u003cp\u003e\n                Permission to use, copy, modify, and distribute this software\n                and its documentation for any purpose and without fee is hereby\n                granted, provided that the above copyright notice appear in all copies\n                and that both that copyright notice and this permission\n                notice appear in supporting documentation. This software\n                is provided \u0026quot;as is\u0026quot; without express or implied warranty.\n         \u003c/p\u003e\n\n      "
}