{
  "isDeprecatedLicenseId": false,
  "licenseText": "Copyright (c) 2003-2005  Tom Wu\nAll Rights Reserved.\n\nPermission is hereby granted, free of charge, to any person obtaining\na copy of this software and associated documentation files (the\n\"Software\"), to deal in the Software without restriction, including\nwithout limitation the rights to use, copy, modify, merge, publish,\ndistribute, sublicense, and/or sell copies of the Software, and to\npermit persons to whom the Software is furnished to do so, subject to\nthe following conditions:\n\nThe above copyright notice and this permission notice shall be\nincluded in all copies or substantial portions of the Software.\n\nTHE SOFTWARE IS PROVIDED \"AS-IS\" AND WITHOUT WARRANTY OF ANY KIND,\nEXPRESS, IMPLIED OR OTHERWISE, INCLUDING WITHOUT LIMITATION, ANY\nWARRANTY OF MERCHANTABILITY OR FITNESS FOR A PARTICULAR PURPOSE.\n\nIN NO EVENT SHALL TOM WU BE LIABLE FOR ANY SPECIAL, INCIDENTAL,\nINDIRECT OR CONSEQUENTIAL DAMAGES OF ANY KIND, OR ANY DAMAGES WHATSOEVER\nRESULTING FROM LOSS OF USE, DATA OR PROFITS, WHETHER OR NOT ADVISED OF\nTHE POSSIBILITY OF DAMAGE, AND ON ANY THEORY OF LIABILITY, ARISING OUT\nOF OR IN CONNECTION WITH THE USE OR PERFORMANCE OF THIS SOFTWARE.\n\nIn addition, the following condition applies:\n\nAll redistributions must retain an intact copy of this copyright notice\nand disclaimer.\n",
  "standardLicenseTemplate": "\u003c\u003cvar;name\u003d\"copyright\";original\u003d\"Copyright (c) 2003-2005 Tom Wu All Rights Reserved.  \";match\u003d\".{0,5000}\"\u003e\u003e\nPermission is hereby granted, free of charge, to any person obtaining a copy of this software and associated documentation files (the \"Software\"), to deal in the Software without restriction, including without limitation the rights to use, copy, modify, merge, publish, distribute, sublicense, and/or sell copies of the Software, and to permit persons to whom the Software is furnished to do so, subject to the following conditions:\n\nThe above copyright notice and this permission notice shall be included in all copies or substantial portions of the Software.\n\nTHE SOFTWARE IS PROVIDED \"AS-IS\" AND WITHOUT WARRANTY OF ANY KIND, EXPRESS, IMPLIED OR OTHERWISE, INCLUDING WITHOUT LIMITATION, ANY WARRANTY OF MERCHANTABILITY OR FITNESS FOR A PARTICULAR PURPOSE.\n\nIN NO EVENT SHALL TOM WU BE LIABLE FOR ANY SPECIAL, INCIDENTAL, INDIRECT OR CONSEQUENTIAL DAMAGES OF ANY KIND, OR ANY DAMAGES WHATSOEVER RESULTING FROM LOSS OF USE, DATA OR PROFITS, WHETHER OR NOT ADVISED OF THE POSSIBILITY OF DAMAGE, AND ON ANY THEORY OF LIABILITY, ARISING OUT OF OR IN CONNECTION WITH THE USE OR PERFORMANCE OF THIS SOFTWARE.\n\nIn addition, the following condition applies:\n\nAll redistributions must retain an intact copy of this copyright notice and disclaimer.\n\n",
  "name": "MIT Tom Wu Variant",
  "licenseId": "MIT-Wu",
  "crossRef": [
    {
      "match": "false",
      "url": "https://github.com/chromium/octane/blob/master/crypto.js",
      "isValid": true,
      "isLive": true,
      "timestamp": "2024-12-30T18:00:42Z",
      "isWayBackLink": false,
      "order": 0
    }
  ],
  "seeAlso": [
    "https://github.com/chromium/octane/blob/master/crypto.js"
  ],
  "isOsiApproved": false,
  "licenseTextHtml": "\n      \u003cdiv class\u003d\"replaceable-license-text\"\u003e\u003cspan title\u003d\"can be replaced with the pattern .{0,5000}\"\u003e \n\t\u003cp\u003eCopyright (c) 2003-2005 Tom Wu\u003cbr /\u003e\n\n\tAll Rights Reserved.\u003c/p\u003e\n\n      \u003c/span\u003e\u003c/div\u003e\n\n\t\u003cp\u003ePermission is hereby granted, free of charge, to any person obtaining\n\ta copy of this software and associated documentation files (the\n\t\u0026quot;Software\u0026quot;), to deal in the Software without restriction, including\n\twithout limitation the rights to use, copy, modify, merge, publish,\n\tdistribute, sublicense, and/or sell copies of the Software, and to\n\tpermit persons to whom the Software is furnished to do so, subject to\n\tthe following conditions:\u003c/p\u003e\n\n\t\u003cp\u003eThe above copyright notice and this permission notice shall be\n\tincluded in all copies or substantial portions of the Software.\u003c/p\u003e\n\n\t\u003cp\u003eTHE SOFTWARE IS PROVIDED \u0026quot;AS-IS\u0026quot; AND WITHOUT WARRANTY OF ANY KIND,\n\tEXPRESS, IMPLIED OR OTHERWISE, INCLUDING WITHOUT LIMITATION, ANY\n\tWARRANTY OF MERCHANTABILITY OR FITNESS FOR A PARTICULAR PURPOSE.\u003c/p\u003e\n\n\t\u003cp\u003eIN NO EVENT SHALL TOM WU BE LIABLE FOR ANY SPECIAL, INCIDENTAL,\n\tINDIRECT OR CONSEQUENTIAL DAMAGES OF ANY KIND, OR ANY DAMAGES WHATSOEVER\n\tRESULTING FROM LOSS OF USE, DATA OR PROFITS, WHETHER OR NOT ADVISED OF\n\tTHE POSSIBILITY OF DAMAGE, AND ON ANY THEORY OF LIABILITY, ARISING OUT\n\tOF OR IN CONNECTION WITH THE USE OR PERFORMANCE OF THIS SOFTWARE.\u003c/p\u003e\n\n\t\u003cp\u003eIn addition, the following condition applies:\u003c/p\u003e\n\n\t\u003cp\u003eAll redistributions must retain an intact copy of this copyright notice\n\tand disclaimer.\u003c/p\u003e\n\n    "
}