{
  "isDeprecatedLicenseId": false,
  "licenseText": "Copyright (C) 1994, MPEG Software Simulation Group. All Rights Reserved. */\n\nDisclaimer of Warranty\n    \nThese software programs are available to the user without any license fee or\nroyalty on an \"as is\" basis. The MPEG Software Simulation Group disclaims\nany and all warranties, whether express, implied, or statuary, including any\nimplied warranties or merchantability or of fitness for a particular\npurpose. In no event shall the copyright-holder be liable for any\nincidental, punitive, or consequential damages of any kind whatsoever\narising from the use of these programs.\n    \nThis disclaimer of warranty extends to the user of these programs and user\u0027s\ncustomers, employees, agents, transferees, successors, and assigns.\n    \nThe MPEG Software Simulation Group does not represent or warrant that the\nprograms furnished hereunder are free of infringement of any third-party\npatents.\n    \nCommercial implementations of MPEG-1 and MPEG-2 video, including shareware,\nare subject to royalty fees to patent holders. Many of these patents are\ngeneral enough such that they are unavoidable regardless of implementation\ndesign.\n\n\n",
  "standardLicenseTemplate": "\u003c\u003cvar;name\u003d\"copyright\";original\u003d\"Copyright (C) 1994, MPEG Software Simulation Group. All Rights Reserved.  \";match\u003d\".{0,5000}\"\u003e\u003e\nDisclaimer of Warranty\n\nThese software programs are available to the user without any license fee or royalty on an \"as is\" basis. The MPEG Software Simulation Group disclaims any and all warranties, whether express, implied, or statuary, including any implied warranties or merchantability or of fitness for a particular purpose. In no event shall the copyright-holder be liable for any incidental, punitive, or consequential damages of any kind whatsoever arising from the use of these programs.\n\nThis disclaimer of warranty extends to the user of these programs and user\u0027s customers, employees, agents, transferees, successors, and assigns.\n\nThe MPEG Software Simulation Group does not represent or warrant that the programs furnished hereunder are free of infringement of any third-party patents.\n\nCommercial implementations of MPEG-1 and MPEG-2 video, including shareware, are subject to royalty fees to patent holders. Many of these patents are * general enough such that they are unavoidable regardless of implementation design.\n\n",
  "name": "MPEG Software Simulation",
  "licenseId": "MPEG-SSG",
  "crossRef": [
    {
      "match": "N/A",
      "url": "https://sourceforge.net/p/netpbm/code/HEAD/tree/super_stable/converter/ppm/ppmtompeg/jrevdct.c#l1189",
      "isValid": true,
      "isLive": false,
      "timestamp": "2024-12-30T18:04:20Z",
      "isWayBackLink": false,
      "order": 0
    }
  ],
  "seeAlso": [
    "https://sourceforge.net/p/netpbm/code/HEAD/tree/super_stable/converter/ppm/ppmtompeg/jrevdct.c#l1189"
  ],
  "isOsiApproved": false,
  "licenseTextHtml": "\n          \u003cdiv class\u003d\"replaceable-license-text\"\u003e\u003cspan title\u003d\"can be replaced with the pattern .{0,5000}\"\u003e \n         \u003cp\u003e\n            Copyright (C) 1994, MPEG Software\n            Simulation Group. All Rights Reserved.\n         \u003c/p\u003e\n\n          \u003c/span\u003e\u003c/div\u003e\n         \u003cp\u003e\n            Disclaimer of Warranty\n         \u003c/p\u003e\n\n         \u003cp\u003e\n                These software programs are available to the user without any\n                license fee or royalty on an \u0026quot;as is\u0026quot; basis. The MPEG Software\n                Simulation Group disclaims any and all warranties, whether\n                express, implied, or statuary, including any implied warranties\n                or merchantability or of fitness for a particular purpose. In no\n                event shall the copyright-holder be liable for any incidental,\n                punitive, or consequential damages of any kind whatsoever\n                arising from the use of these programs.\n         \u003c/p\u003e\n\n          \u003cp\u003e\n                This disclaimer of warranty extends to the user of these\n                programs and user\u0026apos;s customers, employees, agents, transferees,\n                successors, and assigns.\n          \u003c/p\u003e\n\n          \u003cp\u003e\n                The MPEG Software Simulation Group does not represent or warrant\n                that the programs furnished hereunder are free of infringement\n                of any third-party patents.\n          \u003c/p\u003e\n\n          \u003cp\u003e\n                Commercial implementations of MPEG-1 and MPEG-2 video, including\n                shareware, are subject to royalty fees to patent holders. Many\n                of these patents are * general enough such that they are\n                unavoidable regardless of implementation design.\n         \u003c/p\u003e\n\n      "
}