{
  "isDeprecatedLicenseId": true,
  "isFsfLibre": true,
  "licenseText": "Copyright © 2002-2004 James W. Newkirk, Michael C. Two, Alexei A. Vorontsov, Charlie Poole\nCopyright © 2000-2004 Philip A. Craig\n\nThis software is provided \u0027as-is\u0027, without any express or implied warranty. In no event will the authors be held liable for any damages arising from the use of this software.\n\nPermission is granted to anyone to use this software for any purpose, including commercial applications, and to alter it and redistribute it freely, subject to the following restrictions:\n\n1. The origin of this software must not be misrepresented; you must not claim that you wrote the original software. If you use this software in a product, an acknowledgment (see the following) in the product documentation is required.\n\nPortions Copyright © 2002-2004 James W. Newkirk, Michael C. Two, Alexei A. Vorontsov, Charlie Poole or Copyright © 2000-2004 Philip A. Craig\n\n2. Altered source versions must be plainly marked as such, and must not be misrepresented as being the original software.\n\n3. This notice may not be removed or altered from any source distribution.\n",
  "standardLicenseTemplate": "\u003c\u003cvar;name\u003d\"copyright\";original\u003d\"Copyright © 2002-2004 James W. Newkirk, Michael C. Two, Alexei A. Vorontsov, Charlie Poole Copyright © 2000-2004 Philip A. Craig  \";match\u003d\".{0,5000}\"\u003e\u003e\nThis software is provided \u0027as-is\u0027, without any express or implied warranty. In no event will the authors be held liable for any damages arising from the use of this software.\n\nPermission is granted to anyone to use this software for any purpose, including commercial applications, and to alter it and redistribute it freely, subject to the following restrictions:\n\n   \u003c\u003cvar;name\u003d\"bullet\";original\u003d\"1.\";match\u003d\".{0,20}\"\u003e\u003e The origin of this software must not be misrepresented; you must not claim that you wrote the original software. If you use this software in a product, an acknowledgment (see the following) in the product documentation is required.\n   Portions Copyright © 2002-2004 James W. Newkirk, Michael C. Two, Alexei A. Vorontsov, Charlie Poole or Copyright © 2000-2004 Philip A. Craig\n\n   \u003c\u003cvar;name\u003d\"bullet\";original\u003d\"2.\";match\u003d\".{0,20}\"\u003e\u003e Altered source versions must be plainly marked as such, and must not be misrepresented as being the original software.\n   \u003c\u003cvar;name\u003d\"bullet\";original\u003d\"3.\";match\u003d\".{0,20}\"\u003e\u003e This notice may not be removed or altered from any source distribution.",
  "name": "Nunit License",
  "licenseId": "Nunit",
  "crossRef": [
    {
      "match": "true",
      "url": "https://fedoraproject.org/wiki/Licensing/Nunit",
      "isValid": true,
      "isLive": true,
      "timestamp": "2024-12-30T18:04:32Z",
      "isWayBackLink": false,
      "order": 0
    }
  ],
  "seeAlso": [
    "https://fedoraproject.org/wiki/Licensing/Nunit"
  ],
  "isOsiApproved": false,
  "licenseTextHtml": "\n      \u003cdiv class\u003d\"replaceable-license-text\"\u003e\u003cspan title\u003d\"can be replaced with the pattern .{0,5000}\"\u003e \n         \u003cp\u003eCopyright © 2002-2004 James W. Newkirk, Michael C. Two, Alexei A. Vorontsov, Charlie Poole\n        \u003cbr /\u003e\nCopyright © 2000-2004 Philip A. Craig\n      \u003c/p\u003e\n\n      \u003c/span\u003e\u003c/div\u003e\n\n      \u003cp\u003eThis software is provided \u0026apos;as-is\u0026apos;, without any express or implied warranty. In no event will the authors\n         be held liable for any damages arising from the use of this software.\u003c/p\u003e\n\n      \u003cp\u003ePermission is granted to anyone to use this software for any purpose, including commercial applications,\n         and to alter it and redistribute it freely, subject to the following restrictions:\u003c/p\u003e\n\n\u003cul style\u003d\"list-style:none\"\u003e\n        \n\u003cli\u003e\n            \u003cvar class\u003d\"replaceable-license-text\"\u003e\u003cspan title\u003d\"can be replaced with the pattern .{0,20}\"\u003e 1.\u003c/span\u003e\u003c/var\u003e\n          The origin of this software must not be misrepresented; you must not claim that you wrote the\n             original software. If you use this software in a product, an acknowledgment (see the\n             following) in the product documentation is required.\n          \u003cp\u003ePortions Copyright © 2002-2004 James W. Newkirk, Michael C. Two, Alexei A. Vorontsov, Charlie\n             Poole or Copyright © 2000-2004 Philip A. Craig\u003c/p\u003e\n\n        \u003c/li\u003e\n        \n\u003cli\u003e\n            \u003cvar class\u003d\"replaceable-license-text\"\u003e\u003cspan title\u003d\"can be replaced with the pattern .{0,20}\"\u003e 2.\u003c/span\u003e\u003c/var\u003e\n          Altered source versions must be plainly marked as such, and must not be misrepresented as being\n             the original software.\n        \u003c/li\u003e\n        \n\u003cli\u003e\n            \u003cvar class\u003d\"replaceable-license-text\"\u003e\u003cspan title\u003d\"can be replaced with the pattern .{0,20}\"\u003e 3.\u003c/span\u003e\u003c/var\u003e\n          This notice may not be removed or altered from any source distribution.\n        \u003c/li\u003e\n      \n\u003c/ul\u003e\n    ",
  "deprecatedVersion": "3.0"
}