{
  "isDeprecatedLicenseId": false,
  "licenseText": "The OpenLDAP Public License\nVersion 2.1, 29 February 2000\n\nCopyright 1999-2000, The OpenLDAP Foundation, Redwood City, California, USA. All Rights Reserved.\n\nRedistribution and use of this software and associated documentation (\"Software\"), with or without modification, are permitted provided that the following conditions are met:\n\n1. Redistributions of source code must retain copyright statements and notices. Redistributions must also contain a copy of this document.\n\n2. Redistributions in binary form must reproduce the above copyright notice, this list of conditions and the following disclaimer in the documentation and/or other materials provided with the distribution.\n\n3. The name \"OpenLDAP\" must not be used to endorse or promote products derived from this Software without prior written permission of the OpenLDAP Foundation. For written permission, please contact foundation@openldap.org.\n\n4. Products derived from this Software may not be called \"OpenLDAP\" nor may \"OpenLDAP\" appear in their names without prior written permission of the OpenLDAP Foundation. OpenLDAP is a trademark of the OpenLDAP Foundation.\n\n5. Due credit should be given to the OpenLDAP Project (http://www.openldap.org/).\n\n6. The OpenLDAP Foundation may revise this license from time to time. Each revision is distinguished by a version number. You may use the Software under terms of this license revision or under the terms of any subsequent license revision.\n\nTHIS SOFTWARE IS PROVIDED BY THE OPENLDAP FOUNDATION AND CONTRIBUTORS ``AS IS\u0027\u0027 AND ANY EXPRESSED OR IMPLIED WARRANTIES, INCLUDING, BUT NOT LIMITED TO, THE IMPLIED WARRANTIES OF MERCHANTABILITY AND FITNESS FOR A PARTICULAR PURPOSE ARE DISCLAIMED. IN NO EVENT SHALL THE OPENLDAP FOUNDATION OR ITS CONTRIBUTORS BE LIABLE FOR ANY DIRECT, INDIRECT, INCIDENTAL, SPECIAL, EXEMPLARY, OR CONSEQUENTIAL DAMAGES (INCLUDING, BUT NOT LIMITED TO, PROCUREMENT OF SUBSTITUTE GOODS OR SERVICES; LOSS OF USE, DATA, OR PROFITS; OR BUSINESS INTERRUPTION) HOWEVER CAUSED AND ON ANY THEORY OF LIABILITY, WHETHER IN CONTRACT, STRICT LIABILITY, OR TORT (INCLUDING NEGLIGENCE OR OTHERWISE) ARISING IN ANY WAY OUT OF THE USE OF THIS SOFTWARE, EVEN IF ADVISED OF THE POSSIBILITY OF SUCH DAMAGE.\n",
  "standardLicenseTemplate": "\u003c\u003cbeginOptional\u003e\u003eThe OpenLDAP Public License\nVersion 2.1, 29 February 2000\n\n\u003c\u003cendOptional\u003e\u003e \u003c\u003cvar;name\u003d\"copyright\";original\u003d\"Copyright 1999-2000, The OpenLDAP Foundation, Redwood City, California, USA. All Rights Reserved.  \";match\u003d\".{0,5000}\"\u003e\u003e\nRedistribution and use of this software and associated documentation (\"Software\"), with or without modification, are permitted provided that the following conditions are met:\n\n   \u003c\u003cvar;name\u003d\"bullet\";original\u003d\"1.\";match\u003d\".{0,20}\"\u003e\u003e Redistributions of source code must retain copyright statements and notices. Redistributions must also contain a copy of this document.\n   \u003c\u003cvar;name\u003d\"bullet\";original\u003d\"2.\";match\u003d\".{0,20}\"\u003e\u003e Redistributions in binary form must reproduce the above copyright notice, this list of conditions and the following disclaimer in the documentation and/or other materials provided with the distribution.\n   \u003c\u003cvar;name\u003d\"bullet\";original\u003d\"3.\";match\u003d\".{0,20}\"\u003e\u003e The name \"OpenLDAP\" must not be used to endorse or promote products derived from this Software without prior written permission of the OpenLDAP Foundation. For written permission, please contact foundation@openldap.org.\n   \u003c\u003cvar;name\u003d\"bullet\";original\u003d\"4.\";match\u003d\".{0,20}\"\u003e\u003e Products derived from this Software may not be called \"OpenLDAP\" nor may \"OpenLDAP\" appear in their names without prior written permission of the OpenLDAP Foundation. OpenLDAP is a trademark of the OpenLDAP Foundation.\n   \u003c\u003cvar;name\u003d\"bullet\";original\u003d\"5.\";match\u003d\".{0,20}\"\u003e\u003e Due credit should be given to the OpenLDAP Project (http://www.openldap.org/).\n   \u003c\u003cvar;name\u003d\"bullet\";original\u003d\"6.\";match\u003d\".{0,20}\"\u003e\u003e The OpenLDAP Foundation may revise this license from time to time. Each revision is distinguished by a version number. You may use the Software under terms of this license revision or under the terms of any subsequent license revision.\nTHIS SOFTWARE IS PROVIDED BY THE OPENLDAP FOUNDATION AND CONTRIBUTORS ``AS IS\u0027\u0027 AND ANY EXPRESSED OR IMPLIED WARRANTIES, INCLUDING, BUT NOT LIMITED TO, THE IMPLIED WARRANTIES OF MERCHANTABILITY AND FITNESS FOR A PARTICULAR PURPOSE ARE DISCLAIMED. IN NO EVENT SHALL THE OPENLDAP FOUNDATION OR ITS CONTRIBUTORS BE LIABLE FOR ANY DIRECT, INDIRECT, INCIDENTAL, SPECIAL, EXEMPLARY, OR CONSEQUENTIAL DAMAGES (INCLUDING, BUT NOT LIMITED TO, PROCUREMENT OF SUBSTITUTE GOODS OR SERVICES; LOSS OF USE, DATA, OR PROFITS; OR BUSINESS INTERRUPTION) HOWEVER CAUSED AND ON ANY THEORY OF LIABILITY, WHETHER IN CONTRACT, STRICT LIABILITY, OR TORT (INCLUDING NEGLIGENCE OR OTHERWISE) ARISING IN ANY WAY OUT OF THE USE OF THIS SOFTWARE, EVEN IF ADVISED OF THE POSSIBILITY OF SUCH DAMAGE.\n\n",
  "name": "Open LDAP Public License v2.1",
  "licenseComments": "This license was released 29 February 2000.",
  "comment": "This license was released 29 February 2000.",
  "licenseId": "OLDAP-2.1",
  "crossRef": [
    {
      "match": "false",
      "url": "http://www.openldap.org/devel/gitweb.cgi?p\u003dopenldap.git;a\u003dblob;f\u003dLICENSE;hb\u003db0d176738e96a0d3b9f85cb51e140a86f21be715",
      "isValid": true,
      "isLive": true,
      "timestamp": "2024-12-30T17:55:11Z",
      "isWayBackLink": false,
      "order": 0
    }
  ],
  "seeAlso": [
    "http://www.openldap.org/devel/gitweb.cgi?p\u003dopenldap.git;a\u003dblob;f\u003dLICENSE;hb\u003db0d176738e96a0d3b9f85cb51e140a86f21be715"
  ],
  "isOsiApproved": false,
  "licenseTextHtml": "\n      \u003cdiv class\u003d\"optional-license-text\"\u003e \n         \u003cp\u003eThe OpenLDAP Public License\n        \u003cbr /\u003e\nVersion 2.1, 29 February 2000\n      \u003c/p\u003e\n\n      \u003c/div\u003e\n      \u003cdiv class\u003d\"replaceable-license-text\"\u003e\u003cspan title\u003d\"can be replaced with the pattern .{0,5000}\"\u003e \n         \u003cp\u003eCopyright 1999-2000, The OpenLDAP Foundation, Redwood City, California, USA. All Rights Reserved.\u003c/p\u003e\n\n      \u003c/span\u003e\u003c/div\u003e\n\n      \u003cp\u003eRedistribution and use of this software and associated documentation (\u0026quot;Software\u0026quot;), with or without\n         modification, are permitted provided that the following conditions are met:\u003c/p\u003e\n\n\u003cul style\u003d\"list-style:none\"\u003e\n        \n\u003cli\u003e\n            \u003cvar class\u003d\"replaceable-license-text\"\u003e\u003cspan title\u003d\"can be replaced with the pattern .{0,20}\"\u003e 1.\u003c/span\u003e\u003c/var\u003e\n          Redistributions of source code must retain copyright statements and notices. Redistributions must\n             also contain a copy of this document.\n        \u003c/li\u003e\n        \n\u003cli\u003e\n            \u003cvar class\u003d\"replaceable-license-text\"\u003e\u003cspan title\u003d\"can be replaced with the pattern .{0,20}\"\u003e 2.\u003c/span\u003e\u003c/var\u003e\n          Redistributions in binary form must reproduce the above copyright notice, this list of conditions\n             and the following disclaimer in the documentation and/or other materials provided with the\n             distribution.\n        \u003c/li\u003e\n        \n\u003cli\u003e\n            \u003cvar class\u003d\"replaceable-license-text\"\u003e\u003cspan title\u003d\"can be replaced with the pattern .{0,20}\"\u003e 3.\u003c/span\u003e\u003c/var\u003e\n          The name \u0026quot;OpenLDAP\u0026quot; must not be used to endorse or promote products derived from this Software\n             without prior written permission of the OpenLDAP Foundation. For written permission, please\n             contact foundation@openldap.org.\n        \u003c/li\u003e\n        \n\u003cli\u003e\n            \u003cvar class\u003d\"replaceable-license-text\"\u003e\u003cspan title\u003d\"can be replaced with the pattern .{0,20}\"\u003e 4.\u003c/span\u003e\u003c/var\u003e\n          Products derived from this Software may not be called \u0026quot;OpenLDAP\u0026quot; nor may \u0026quot;OpenLDAP\u0026quot; appear in\n             their names without prior written permission of the OpenLDAP Foundation. OpenLDAP is a\n             trademark of the OpenLDAP Foundation.\n        \u003c/li\u003e\n        \n\u003cli\u003e\n            \u003cvar class\u003d\"replaceable-license-text\"\u003e\u003cspan title\u003d\"can be replaced with the pattern .{0,20}\"\u003e 5.\u003c/span\u003e\u003c/var\u003e\n          Due credit should be given to the OpenLDAP Project (http://www.openldap.org/).\n        \u003c/li\u003e\n        \n\u003cli\u003e\n            \u003cvar class\u003d\"replaceable-license-text\"\u003e\u003cspan title\u003d\"can be replaced with the pattern .{0,20}\"\u003e 6.\u003c/span\u003e\u003c/var\u003e\n          The OpenLDAP Foundation may revise this license from time to time. Each revision is distinguished\n             by a version number. You may use the Software under terms of this license revision or under\n             the terms of any subsequent license revision.\n        \u003c/li\u003e\n      \n\u003c/ul\u003e\n      \u003cp\u003eTHIS SOFTWARE IS PROVIDED BY THE OPENLDAP FOUNDATION AND CONTRIBUTORS ``AS IS\u0026apos;\u0026apos; AND ANY EXPRESSED OR\n         IMPLIED WARRANTIES, INCLUDING, BUT NOT LIMITED TO, THE IMPLIED WARRANTIES OF MERCHANTABILITY AND\n         FITNESS FOR A PARTICULAR PURPOSE ARE DISCLAIMED. IN NO EVENT SHALL THE OPENLDAP FOUNDATION OR ITS\n         CONTRIBUTORS BE LIABLE FOR ANY DIRECT, INDIRECT, INCIDENTAL, SPECIAL, EXEMPLARY, OR CONSEQUENTIAL\n         DAMAGES (INCLUDING, BUT NOT LIMITED TO, PROCUREMENT OF SUBSTITUTE GOODS OR SERVICES; LOSS OF USE,\n         DATA, OR PROFITS; OR BUSINESS INTERRUPTION) HOWEVER CAUSED AND ON ANY THEORY OF LIABILITY, WHETHER IN\n         CONTRACT, STRICT LIABILITY, OR TORT (INCLUDING NEGLIGENCE OR OTHERWISE) ARISING IN ANY WAY OUT OF THE\n         USE OF THIS SOFTWARE, EVEN IF ADVISED OF THE POSSIBILITY OF SUCH DAMAGE.\u003c/p\u003e\n\n    "
}