{
  "isDeprecatedLicenseId": false,
  "licenseText": "This FastCGI application library source and object code (the \"Software\") and its documentation (the \"Documentation\") are copyrighted by Open Market, Inc (\"Open Market\"). The following terms apply to all files associated with the Software and Documentation unless explicitly disclaimed in individual files.\n\nOpen Market permits you to use, copy, modify, distribute, and license this Software and the Documentation for any purpose, provided that existing copyright notices are retained in all copies and that this notice is included verbatim in any distributions. No written agreement, license, or royalty fee is required for any of the authorized uses. Modifications to this Software and Documentation may be copyrighted by their authors and need not follow the licensing terms described here. If modifications to this Software and Documentation have new licensing terms, the new terms must be clearly indicated on the first page of each file where they apply.\n\nOPEN MARKET MAKES NO EXPRESS OR IMPLIED WARRANTY WITH RESPECT TO THE SOFTWARE OR THE DOCUMENTATION, INCLUDING WITHOUT LIMITATION ANY WARRANTY OF MERCHANTABILITY OR FITNESS FOR A PARTICULAR PURPOSE. IN NO EVENT SHALL OPEN MARKET BE LIABLE TO YOU OR ANY THIRD PARTY FOR ANY DAMAGES ARISING FROM OR RELATING TO THIS SOFTWARE OR THE DOCUMENTATION, INCLUDING, WITHOUT LIMITATION, ANY INDIRECT, SPECIAL OR CONSEQUENTIAL DAMAGES OR SIMILAR DAMAGES, INCLUDING LOST PROFITS OR LOST DATA, EVEN IF OPEN MARKET HAS BEEN ADVISED OF THE POSSIBILITY OF SUCH DAMAGES. THE SOFTWARE AND DOCUMENTATION ARE PROVIDED \"AS IS\". OPEN MARKET HAS NO LIABILITY IN CONTRACT, TORT, NEGLIGENCE OR OTHERWISE ARISING OUT OF THIS SOFTWARE OR THE DOCUMENTATION.\n",
  "standardLicenseTemplate": "This FastCGI application library source and object code (the \"Software\") and its documentation (the \"Documentation\") are copyrighted by Open Market, Inc (\"Open Market\"). The following terms apply to all files associated with the Software and Documentation unless explicitly disclaimed in individual files.\n\nOpen Market permits you to use, copy, modify, distribute, and license this Software and the Documentation for any purpose, provided that existing copyright notices are retained in all copies and that this notice is included verbatim in any distributions. No written agreement, license, or royalty fee is required for any of the authorized uses. Modifications to this Software and Documentation may be copyrighted by their authors and need not follow the licensing terms described here. If modifications to this Software and Documentation have new licensing terms, the new terms must be clearly indicated on the first page of each file where they apply.\n\nOPEN MARKET MAKES NO EXPRESS OR IMPLIED WARRANTY WITH RESPECT TO THE SOFTWARE OR THE DOCUMENTATION, INCLUDING WITHOUT LIMITATION ANY WARRANTY OF MERCHANTABILITY OR FITNESS FOR A PARTICULAR PURPOSE. IN NO EVENT SHALL OPEN MARKET BE LIABLE TO YOU OR ANY THIRD PARTY FOR ANY DAMAGES ARISING FROM OR RELATING TO THIS SOFTWARE OR THE DOCUMENTATION, INCLUDING, WITHOUT LIMITATION, ANY INDIRECT, SPECIAL OR CONSEQUENTIAL DAMAGES OR SIMILAR DAMAGES, INCLUDING LOST PROFITS OR LOST DATA, EVEN IF OPEN MARKET HAS BEEN ADVISED OF THE POSSIBILITY OF SUCH DAMAGES. THE SOFTWARE AND DOCUMENTATION ARE PROVIDED \"AS IS\". OPEN MARKET HAS NO LIABILITY IN CONTRACT, TORT, NEGLIGENCE OR OTHERWISE ARISING OUT OF THIS SOFTWARE OR THE DOCUMENTATION.\n\n",
  "name": "Open Market License",
  "licenseId": "OML",
  "crossRef": [
    {
      "match": "true",
      "url": "https://fedoraproject.org/wiki/Licensing/Open_Market_License",
      "isValid": true,
      "isLive": true,
      "timestamp": "2024-12-30T18:00:34Z",
      "isWayBackLink": false,
      "order": 0
    }
  ],
  "seeAlso": [
    "https://fedoraproject.org/wiki/Licensing/Open_Market_License"
  ],
  "isOsiApproved": false,
  "licenseTextHtml": "\n      \u003cp\u003eThis FastCGI application library source and object code (the \u0026quot;Software\u0026quot;) and its documentation (the\n         \u0026quot;Documentation\u0026quot;) are copyrighted by Open Market, Inc (\u0026quot;Open Market\u0026quot;). The following terms apply to all\n         files associated with the Software and Documentation unless explicitly disclaimed in individual\n         files.\u003c/p\u003e\n\n      \u003cp\u003eOpen Market permits you to use, copy, modify, distribute, and license this Software and the Documentation\n         for any purpose, provided that existing copyright notices are retained in all copies and that this\n         notice is included verbatim in any distributions. No written agreement, license, or royalty fee is\n         required for any of the authorized uses. Modifications to this Software and Documentation may be\n         copyrighted by their authors and need not follow the licensing terms described here. If modifications\n         to this Software and Documentation have new licensing terms, the new terms must be clearly indicated\n         on the first page of each file where they apply.\u003c/p\u003e\n\n      \u003cp\u003eOPEN MARKET MAKES NO EXPRESS OR IMPLIED WARRANTY WITH RESPECT TO THE SOFTWARE OR THE DOCUMENTATION,\n         INCLUDING WITHOUT LIMITATION ANY WARRANTY OF MERCHANTABILITY OR FITNESS FOR A PARTICULAR PURPOSE. IN\n         NO EVENT SHALL OPEN MARKET BE LIABLE TO YOU OR ANY THIRD PARTY FOR ANY DAMAGES ARISING FROM OR\n         RELATING TO THIS SOFTWARE OR THE DOCUMENTATION, INCLUDING, WITHOUT LIMITATION, ANY INDIRECT, SPECIAL\n         OR CONSEQUENTIAL DAMAGES OR SIMILAR DAMAGES, INCLUDING LOST PROFITS OR LOST DATA, EVEN IF OPEN MARKET\n         HAS BEEN ADVISED OF THE POSSIBILITY OF SUCH DAMAGES. THE SOFTWARE AND DOCUMENTATION ARE PROVIDED \u0026quot;AS\n         IS\u0026quot;. OPEN MARKET HAS NO LIABILITY IN CONTRACT, TORT, NEGLIGENCE OR OTHERWISE ARISING OUT OF THIS\n         SOFTWARE OR THE DOCUMENTATION.\u003c/p\u003e\n\n    "
}