{
  "isDeprecatedLicenseId": false,
  "licenseText": "Copyright, OpenVision Technologies, Inc., 1993-1996, All Rights\nReserved\n\nWARNING:  Retrieving the OpenVision Kerberos Administration system\nsource code, as described below, indicates your acceptance of the\nfollowing terms.  If you do not agree to the following terms, do\nnot retrieve the OpenVision Kerberos administration system.\n\nYou may freely use and distribute the Source Code and Object Code\ncompiled from it, with or without modification, but this Source\nCode is provided to you \"AS IS\" EXCLUSIVE OF ANY WARRANTY,\nINCLUDING, WITHOUT LIMITATION, ANY WARRANTIES OF MERCHANTABILITY OR\nFITNESS FOR A PARTICULAR PURPOSE, OR ANY OTHER WARRANTY, WHETHER\nEXPRESS OR IMPLIED. IN NO EVENT WILL OPENVISION HAVE ANY LIABILITY\nFOR ANY LOST PROFITS, LOSS OF DATA OR COSTS OF PROCUREMENT OF\nSUBSTITUTE GOODS OR SERVICES, OR FOR ANY SPECIAL, INDIRECT, OR\nCONSEQUENTIAL DAMAGES ARISING OUT OF THIS AGREEMENT, INCLUDING,\nWITHOUT LIMITATION, THOSE RESULTING FROM THE USE OF THE SOURCE\nCODE, OR THE FAILURE OF THE SOURCE CODE TO PERFORM, OR FOR ANY\nOTHER REASON.\n\nOpenVision retains all copyrights in the donated Source Code.\nOpenVision also retains copyright to derivative works of the Source\nCode, whether created by OpenVision or by a third party. The\nOpenVision copyright notice must be preserved if derivative works\nare made based on the donated Source Code.\n\nOpenVision Technologies, Inc. has donated this Kerberos\nAdministration system to MIT for inclusion in the standard Kerberos\n5 distribution. This donation underscores our commitment to\ncontinuing Kerberos technology development and our gratitude for\nthe valuable work which has been performed by MIT and the Kerberos\ncommunity.\n",
  "standardLicenseTemplate": "\u003c\u003cvar;name\u003d\"copyright\";original\u003d\"Copyright, OpenVision Technologies, Inc., 1993-1996, All Rights Reserved\";match\u003d\".{0,5000}\"\u003e\u003e\nWARNING: Retrieving the OpenVision Kerberos Administration system source code, as described below, indicates your acceptance of the following terms. If you do not agree to the following terms, do not retrieve the OpenVision Kerberos administration system.\n\nYou may freely use and distribute the Source Code and Object Code compiled from it, with or without modification, but this Source Code is provided to you \"AS IS\" EXCLUSIVE OF ANY WARRANTY, INCLUDING, WITHOUT LIMITATION, ANY WARRANTIES OF MERCHANTABILITY OR FITNESS FOR A PARTICULAR PURPOSE, OR ANY OTHER WARRANTY, WHETHER EXPRESS OR IMPLIED. IN NO EVENT WILL OPENVISION HAVE ANY LIABILITY FOR ANY LOST PROFITS, LOSS OF DATA OR COSTS OF PROCUREMENT OF SUBSTITUTE GOODS OR SERVICES, OR FOR ANY SPECIAL, INDIRECT, OR CONSEQUENTIAL DAMAGES ARISING OUT OF THIS AGREEMENT, INCLUDING, WITHOUT LIMITATION, THOSE RESULTING FROM THE USE OF THE SOURCE CODE, OR THE FAILURE OF THE SOURCE CODE TO PERFORM, OR FOR ANY OTHER REASON.\n\nOpenVision retains all copyrights in the donated Source Code. OpenVision also retains copyright to derivative works of the Source Code, whether created by OpenVision or by a third party. The OpenVision copyright notice must be preserved if derivative works are made based on the donated Source Code.\n\nOpenVision Technologies, Inc. has donated this Kerberos Administration system to MIT for inclusion in the standard Kerberos 5 distribution. This donation underscores our commitment to continuing Kerberos technology development and our gratitude for the valuable work which has been performed by MIT and the Kerberos community.\n\n",
  "name": "OpenVision License",
  "licenseId": "OpenVision",
  "crossRef": [
    {
      "match": "true",
      "url": "https://github.com/krb5/krb5/blob/krb5-1.21.2-final/NOTICE#L66-L98",
      "isValid": true,
      "isLive": true,
      "timestamp": "2024-12-30T17:54:51Z",
      "isWayBackLink": false,
      "order": 0
    },
    {
      "match": "true",
      "url": "https://fedoraproject.org/wiki/Licensing:MIT#OpenVision_Variant",
      "isValid": true,
      "isLive": true,
      "timestamp": "2024-12-30T17:54:51Z",
      "isWayBackLink": false,
      "order": 2
    },
    {
      "match": "true",
      "url": "https://web.mit.edu/kerberos/krb5-1.21/doc/mitK5license.html",
      "isValid": true,
      "isLive": true,
      "timestamp": "2024-12-30T17:54:52Z",
      "isWayBackLink": false,
      "order": 1
    }
  ],
  "seeAlso": [
    "https://github.com/krb5/krb5/blob/krb5-1.21.2-final/NOTICE#L66-L98",
    "https://web.mit.edu/kerberos/krb5-1.21/doc/mitK5license.html",
    "https://fedoraproject.org/wiki/Licensing:MIT#OpenVision_Variant"
  ],
  "isOsiApproved": false,
  "licenseTextHtml": "\n         \u003cvar class\u003d\"replaceable-license-text\"\u003e\u003cspan title\u003d\"can be replaced with the pattern .{0,5000}\"\u003e \n            Copyright, OpenVision Technologies,\n            Inc., 1993-1996, All Rights Reserved\n         \u003c/span\u003e\u003c/var\u003e\n         \u003cp\u003e\n            WARNING: Retrieving the OpenVision Kerberos Administration system\n            source code, as described below, indicates your acceptance of\n            the following terms. If you do not agree to the following terms,\n            do not retrieve the OpenVision Kerberos administration system.\n         \u003c/p\u003e\n\n         \u003cp\u003e\n            You may freely use and distribute the Source Code and Object Code\n            compiled from it, with or without modification, but this Source Code\n            is provided to you \u0026quot;AS IS\u0026quot; EXCLUSIVE OF ANY WARRANTY, INCLUDING,\n            WITHOUT LIMITATION, ANY WARRANTIES OF MERCHANTABILITY OR FITNESS\n            FOR A PARTICULAR PURPOSE, OR ANY OTHER WARRANTY, WHETHER EXPRESS\n            OR IMPLIED. IN NO EVENT WILL OPENVISION HAVE ANY LIABILITY FOR ANY\n            LOST PROFITS, LOSS OF DATA OR COSTS OF PROCUREMENT OF SUBSTITUTE\n            GOODS OR SERVICES, OR FOR ANY SPECIAL, INDIRECT, OR CONSEQUENTIAL\n            DAMAGES ARISING OUT OF THIS AGREEMENT, INCLUDING, WITHOUT\n            LIMITATION, THOSE RESULTING FROM THE USE OF THE SOURCE CODE, OR\n            THE FAILURE OF THE SOURCE CODE TO PERFORM, OR FOR ANY OTHER REASON.\n         \u003c/p\u003e\n\n         \u003cp\u003e\n            OpenVision retains all copyrights in the donated Source Code.\n            OpenVision also retains copyright to derivative works of\n            the Source Code, whether created by OpenVision or by a third\n            party. The OpenVision copyright notice must be preserved if\n            derivative works are made based on the donated Source Code.\n         \u003c/p\u003e\n\n         \u003cp\u003e\n            OpenVision Technologies, Inc. has donated this Kerberos\n            Administration system to MIT for inclusion in the standard\n            Kerberos 5 distribution. This donation underscores our\n            commitment to continuing Kerberos technology development\n            and our gratitude for the valuable work which has\n            been performed by MIT and the Kerberos community.\n         \u003c/p\u003e\n\n      "
}