{
  "isDeprecatedLicenseId": false,
  "isFsfLibre": true,
  "licenseText": "Academic Free License\nVersion 1.1\n\nThe Academic Free License applies to any original work of authorship (the \"Original Work\") whose owner (the \"Licensor\") has placed the following notice immediately following the copyright notice for the Original Work:\n\n     \"Licensed under the Academic Free License version 1.1.\"\n\nGrant of License. Licensor hereby grants to any person obtaining a copy of the Original Work (\"You\") a world-wide, royalty-free, non-exclusive, perpetual, non-sublicenseable license\n\n(1) to use, copy, modify, merge, publish, perform, distribute and/or sell copies of the Original Work and derivative works thereof, and\n\n(2) under patent claims owned or controlled by the Licensor that are embodied in the Original Work as furnished by the Licensor, to make, use, sell and offer for sale the Original Work and derivative works thereof, subject to the following conditions.\n\n     Right of Attribution. Redistributions of the Original Work must reproduce all copyright notices in the Original Work as furnished by the Licensor, both in the Original Work itself and in any documentation and/or other materials provided with the distribution of the Original Work in executable form.\n\n     Exclusions from License Grant. Neither the names of Licensor, nor the names of any contributors to the Original Work, nor any of their trademarks or service marks, may be used to endorse or promote products derived from this Original Work without express prior written permission of the Licensor.\n\nWARRANTY AND DISCLAIMERS. LICENSOR WARRANTS THAT THE COPYRIGHT IN AND TO THE ORIGINAL WORK IS OWNED BY THE LICENSOR OR THAT THE ORIGINAL WORK IS DISTRIBUTED BY LICENSOR UNDER A VALID CURRENT LICENSE FROM THE COPYRIGHT OWNER. EXCEPT AS EXPRESSLY STATED IN THE IMMEDIATELY PRECEEDING SENTENCE, THE ORIGINAL WORK IS PROVIDED UNDER THIS LICENSE ON AN \"AS IS\" BASIS, WITHOUT WARRANTY, EITHER EXPRESS OR IMPLIED, INCLUDING, WITHOUT LIMITATION, THE WARRANTY OF NON-INFRINGEMENT AND WARRANTIES THAT THE ORIGINAL WORK IS MERCHANTABLE OR FIT FOR A PARTICULAR PURPOSE. THE ENTIRE RISK AS TO THE QUALITY OF THE ORIGINAL WORK IS WITH YOU. THIS DISCLAIMER OF WARRANTY CONSTITUTES AN ESSENTIAL PART OF THIS LICENSE. NO LICENSE TO ORIGINAL WORK IS GRANTED HEREUNDER EXCEPT UNDER THIS DISCLAIMER.\n\nLIMITATION OF LIABILITY. UNDER NO CIRCUMSTANCES AND UNDER NO LEGAL THEORY, WHETHER TORT (INCLUDING NEGLIGENCE), CONTRACT, OR OTHERWISE, SHALL THE LICENSOR BE LIABLE TO ANY PERSON FOR ANY DIRECT, INDIRECT, SPECIAL, INCIDENTAL, OR CONSEQUENTIAL DAMAGES OF ANY CHARACTER ARISING AS A RESULT OF THIS LICENSE OR THE USE OF THE ORIGINAL WORK INCLUDING, WITHOUT LIMITATION, DAMAGES FOR LOSS OF GOODWILL, WORK STOPPAGE, COMPUTER FAILURE OR MALFUNCTION, OR ANY AND ALL OTHER COMMERCIAL DAMAGES OR LOSSES, EVEN IF SUCH PERSON SHALL HAVE BEEN INFORMED OF THE POSSIBILITY OF SUCH DAMAGES. THIS LIMITATION OF LIABILITY SHALL NOT APPLY TO LIABILITY FOR DEATH OR PERSONAL INJURY RESULTING FROM SUCH PARTY\u0027S NEGLIGENCE TO THE EXTENT APPLICABLE LAW PROHIBITS SUCH LIMITATION. SOME JURISDICTIONS DO NOT ALLOW THE EXCLUSION OR LIMITATION OF INCIDENTAL OR CONSEQUENTIAL DAMAGES, SO THIS EXCLUSION AND LIMITATION MAY NOT APPLY TO YOU.\n\nLicense to Source Code. The term \"Source Code\" means the preferred form of the Original Work for making modifications to it and all available documentation describing how to access and modify the Original Work. Licensor hereby agrees to provide a machine-readable copy of the Source Code of the Original Work along with each copy of the Original Work that Licensor distributes. Licensor reserves the right to satisfy this obligation by placing a machine-readable copy of the Source Code in an information repository reasonably calculated to permit inexpensive and convenient access by You for as long as Licensor continues to distribute the Original Work, and by publishing the address of that information repository in a notice immediately following the copyright notice that applies to the Original Work.\n\nMutual Termination for Patent Action. This License shall terminate automatically and You may no longer exercise any of the rights granted to You by this License if You file a lawsuit in any court alleging that any OSI Certified open source software that is licensed under any license containing this \"Mutual Termination for Patent Action\" clause infringes any patent claims that are essential to use that software.\n\nThis license is Copyright (C) 2002 Lawrence E. Rosen. All rights reserved.\nPermission is hereby granted to copy and distribute this license without modification. This license may not be modified without the express written permission of its copyright owner.\n",
  "standardLicenseHeaderTemplate": "\u003c\u003cbeginOptional\u003e\u003e\"\u003c\u003cendOptional\u003e\u003eLicensed under the Academic Free License version 1.1.\u003c\u003cbeginOptional\u003e\u003e\"\u003c\u003cendOptional\u003e\u003e\n\n",
  "standardLicenseTemplate": "\u003c\u003cbeginOptional\u003e\u003eAcademic Free License\n\nVersion 1.1\n\n\u003c\u003cendOptional\u003e\u003e\u003c\u003cbeginOptional\u003e\u003e The Academic Free License applies to any original work of authorship (the \"Original Work\") whose owner (the \"Licensor\") has placed the following notice immediately following the copyright notice for the Original Work:\n\n\u003c\u003cbeginOptional\u003e\u003e\"\u003c\u003cendOptional\u003e\u003eLicensed under the Academic Free License version 1.1.\u003c\u003cbeginOptional\u003e\u003e\"\u003c\u003cendOptional\u003e\u003e\n\n\u003c\u003cendOptional\u003e\u003e\n\nGrant of License. Licensor hereby grants to any person obtaining a copy of the Original Work (\"You\") a world-wide, royalty-free, non-exclusive, perpetual, non-sublicenseable license\n\n   \u003c\u003cvar;name\u003d\"bullet\";original\u003d\"(1)\";match\u003d\".{0,20}\"\u003e\u003e to use, copy, modify, merge, publish, perform, distribute and/or sell copies of the Original Work and derivative works thereof, and\n\n   \u003c\u003cvar;name\u003d\"bullet\";original\u003d\"(2)\";match\u003d\".{0,20}\"\u003e\u003e under patent claims owned or controlled by the Licensor that are embodied in the Original Work as furnished by the Licensor, to make, use, sell and offer for sale the Original Work and derivative works thereof, subject to the following conditions.\n\nRight of Attribution. Redistributions of the Original Work must reproduce all copyright notices in the Original Work as furnished by the Licensor, both in the Original Work itself and in any documentation and/or other materials provided with the distribution of the Original Work in executable form.\n\nExclusions from License Grant. Neither the names of Licensor, nor the names of any contributors to the Original Work, nor any of their trademarks or service marks, may be used to endorse or promote products derived from this Original Work without express prior written permission of the Licensor.\n\nWARRANTY AND DISCLAIMERS. LICENSOR WARRANTS THAT THE COPYRIGHT IN AND TO THE ORIGINAL WORK IS OWNED BY THE LICENSOR OR THAT THE ORIGINAL WORK IS DISTRIBUTED BY LICENSOR UNDER A VALID CURRENT LICENSE FROM THE COPYRIGHT OWNER. EXCEPT AS EXPRESSLY STATED IN THE IMMEDIATELY PRECEEDING SENTENCE, THE ORIGINAL WORK IS PROVIDED UNDER THIS LICENSE ON AN \"AS IS\" BASIS, WITHOUT WARRANTY, EITHER EXPRESS OR IMPLIED, INCLUDING, WITHOUT LIMITATION, THE WARRANTY OF NON-INFRINGEMENT AND WARRANTIES THAT THE ORIGINAL WORK IS MERCHANTABLE OR FIT FOR A PARTICULAR PURPOSE. THE ENTIRE RISK AS TO THE QUALITY OF THE ORIGINAL WORK IS WITH YOU. THIS DISCLAIMER OF WARRANTY CONSTITUTES AN ESSENTIAL PART OF THIS LICENSE. NO LICENSE TO ORIGINAL WORK IS GRANTED HEREUNDER EXCEPT UNDER THIS DISCLAIMER.\n\nLIMITATION OF LIABILITY. UNDER NO CIRCUMSTANCES AND UNDER NO LEGAL THEORY, WHETHER TORT (INCLUDING NEGLIGENCE), CONTRACT, OR OTHERWISE, SHALL THE LICENSOR BE LIABLE TO ANY PERSON FOR ANY DIRECT, INDIRECT, SPECIAL, INCIDENTAL, OR CONSEQUENTIAL DAMAGES OF ANY CHARACTER ARISING AS A RESULT OF THIS LICENSE OR THE USE OF THE ORIGINAL WORK INCLUDING, WITHOUT LIMITATION, DAMAGES FOR LOSS OF GOODWILL, WORK STOPPAGE, COMPUTER FAILURE OR MALFUNCTION, OR ANY AND ALL OTHER COMMERCIAL DAMAGES OR LOSSES, EVEN IF SUCH PERSON SHALL HAVE BEEN INFORMED OF THE POSSIBILITY OF SUCH DAMAGES. THIS LIMITATION OF LIABILITY SHALL NOT APPLY TO LIABILITY FOR DEATH OR PERSONAL INJURY RESULTING FROM SUCH PARTY\u0027S NEGLIGENCE TO THE EXTENT APPLICABLE LAW PROHIBITS SUCH LIMITATION. SOME JURISDICTIONS DO NOT ALLOW THE EXCLUSION OR LIMITATION OF INCIDENTAL OR CONSEQUENTIAL DAMAGES, SO THIS EXCLUSION AND LIMITATION MAY NOT APPLY TO YOU.\n\nLicense to Source Code. The term \"Source Code\" means the preferred form of the Original Work for making modifications to it and all available documentation describing how to access and modify the Original Work. Licensor hereby agrees to provide a machine-readable copy of the Source Code of the Original Work along with each copy of the Original Work that Licensor distributes. Licensor reserves the right to satisfy this obligation by placing a machine-readable copy of the Source Code in an information repository reasonably calculated to permit inexpensive and convenient access by You for as long as Licensor continues to distribute the Original Work, and by publishing the address of that information repository in a notice immediately following the copyright notice that applies to the Original Work.\n\nMutual Termination for Patent Action. This License shall terminate automatically and You may no longer exercise any of the rights granted to You by this License if You file a lawsuit in any court alleging that any OSI Certified open source software that is licensed under any license containing this \"Mutual Termination for Patent Action\" clause infringes any patent claims that are essential to use that software.\n\nThis license is Copyright (C) 2002 Lawrence E. Rosen. All rights reserved.\n\nPermission is hereby granted to copy and distribute this license without modification. This license may not be modified without the express written permission of its copyright owner.\n\n",
  "name": "Academic Free License v1.1",
  "licenseComments": "This license has been superseded by later versions.",
  "licenseId": "AFL-1.1",
  "standardLicenseHeader": "\"Licensed under the Academic Free License version 1.1.\"\n\n",
  "crossRef": [
    {
      "match": "N/A",
      "url": "http://wayback.archive.org/web/20021004124254/http://www.opensource.org/licenses/academic.php",
      "isValid": false,
      "isLive": false,
      "timestamp": "2024-02-08T16:30:28Z",
      "isWayBackLink": false,
      "order": 1
    },
    {
      "match": "false",
      "url": "http://opensource.linux-mirror.org/licenses/afl-1.1.txt",
      "isValid": true,
      "isLive": true,
      "timestamp": "2024-02-08T16:30:38Z",
      "isWayBackLink": false,
      "order": 0
    }
  ],
  "seeAlso": [
    "http://opensource.linux-mirror.org/licenses/afl-1.1.txt",
    "http://wayback.archive.org/web/20021004124254/http://www.opensource.org/licenses/academic.php"
  ],
  "isOsiApproved": true,
  "licenseTextHtml": "\n      \u003cdiv class\u003d\"optional-license-text\"\u003e \n         \u003cp\u003eAcademic Free License\u003c/p\u003e\n\n         \u003cp\u003eVersion 1.1\u003c/p\u003e\n\n      \u003c/div\u003e\n      \u003cdiv class\u003d\"optional-license-text\"\u003e \n         \u003cp\u003eThe Academic Free License applies to any original work of authorship (the \u0026quot;Original Work\u0026quot;) whose owner\n         (the \u0026quot;Licensor\u0026quot;) has placed the following notice immediately following the copyright notice for the\n         Original Work:\u003c/p\u003e\n\n         \u003cp\u003e\u003cvar class\u003d\"optional-license-text\"\u003e\u0026quot;\u003c/var\u003eLicensed under the Academic Free License version 1.1.\u003cvar class\u003d\"optional-license-text\"\u003e\u0026quot;\u003c/var\u003e\u003c/p\u003e\n\n      \u003c/div\u003e\n\n      \u003cp\u003eGrant of License. Licensor hereby grants to any person obtaining a copy of the Original Work (\u0026quot;You\u0026quot;) a\n         world-wide, royalty-free, non-exclusive, perpetual, non-sublicenseable license\u003c/p\u003e\n\n\u003cul style\u003d\"list-style:none\"\u003e\n        \n\u003cli\u003e\n            \u003cvar class\u003d\"replaceable-license-text\"\u003e (1)\u003c/var\u003e\n          to use, copy, modify, merge, publish, perform, distribute and/or sell copies of the Original Work\n             and derivative works thereof, and\n        \u003c/li\u003e\n        \n\u003cli\u003e\n            \u003cvar class\u003d\"replaceable-license-text\"\u003e (2)\u003c/var\u003e\n          under patent claims owned or controlled by the Licensor that are embodied in the Original Work as\n             furnished by the Licensor, to make, use, sell and offer for sale the Original Work and\n             derivative works thereof, subject to the following conditions.\n        \u003c/li\u003e\n      \n\u003c/ul\u003e\n      \u003cp\u003eRight of Attribution. Redistributions of the Original Work must reproduce all copyright notices in the\n         Original Work as furnished by the Licensor, both in the Original Work itself and in any documentation\n         and/or other materials provided with the distribution of the Original Work in executable form.\u003c/p\u003e\n\n      \u003cp\u003eExclusions from License Grant. Neither the names of Licensor, nor the names of any contributors to the\n         Original Work, nor any of their trademarks or service marks, may be used to endorse or promote\n         products derived from this Original Work without express prior written permission of the Licensor.\u003c/p\u003e\n\n      \u003cp\u003eWARRANTY AND DISCLAIMERS. LICENSOR WARRANTS THAT THE COPYRIGHT IN AND TO THE ORIGINAL WORK IS OWNED BY\n         THE LICENSOR OR THAT THE ORIGINAL WORK IS DISTRIBUTED BY LICENSOR UNDER A VALID CURRENT LICENSE FROM\n         THE COPYRIGHT OWNER. EXCEPT AS EXPRESSLY STATED IN THE IMMEDIATELY PRECEEDING SENTENCE, THE ORIGINAL\n         WORK IS PROVIDED UNDER THIS LICENSE ON AN \u0026quot;AS IS\u0026quot; BASIS, WITHOUT WARRANTY, EITHER EXPRESS OR IMPLIED,\n         INCLUDING, WITHOUT LIMITATION, THE WARRANTY OF NON-INFRINGEMENT AND WARRANTIES THAT THE ORIGINAL WORK\n         IS MERCHANTABLE OR FIT FOR A PARTICULAR PURPOSE. THE ENTIRE RISK AS TO THE QUALITY OF THE ORIGINAL\n         WORK IS WITH YOU. THIS DISCLAIMER OF WARRANTY CONSTITUTES AN ESSENTIAL PART OF THIS LICENSE. NO\n         LICENSE TO ORIGINAL WORK IS GRANTED HEREUNDER EXCEPT UNDER THIS DISCLAIMER.\u003c/p\u003e\n\n      \u003cp\u003eLIMITATION OF LIABILITY. UNDER NO CIRCUMSTANCES AND UNDER NO LEGAL THEORY, WHETHER TORT (INCLUDING\n         NEGLIGENCE), CONTRACT, OR OTHERWISE, SHALL THE LICENSOR BE LIABLE TO ANY PERSON FOR ANY DIRECT,\n         INDIRECT, SPECIAL, INCIDENTAL, OR CONSEQUENTIAL DAMAGES OF ANY CHARACTER ARISING AS A RESULT OF THIS\n         LICENSE OR THE USE OF THE ORIGINAL WORK INCLUDING, WITHOUT LIMITATION, DAMAGES FOR LOSS OF GOODWILL,\n         WORK STOPPAGE, COMPUTER FAILURE OR MALFUNCTION, OR ANY AND ALL OTHER COMMERCIAL DAMAGES OR LOSSES,\n         EVEN IF SUCH PERSON SHALL HAVE BEEN INFORMED OF THE POSSIBILITY OF SUCH DAMAGES. THIS LIMITATION OF\n         LIABILITY SHALL NOT APPLY TO LIABILITY FOR DEATH OR PERSONAL INJURY RESULTING FROM SUCH PARTY\u0026apos;S\n         NEGLIGENCE TO THE EXTENT APPLICABLE LAW PROHIBITS SUCH LIMITATION. SOME JURISDICTIONS DO NOT ALLOW THE\n         EXCLUSION OR LIMITATION OF INCIDENTAL OR CONSEQUENTIAL DAMAGES, SO THIS EXCLUSION AND LIMITATION MAY\n         NOT APPLY TO YOU.\u003c/p\u003e\n\n      \u003cp\u003eLicense to Source Code. The term \u0026quot;Source Code\u0026quot; means the preferred form of the Original Work for making\n         modifications to it and all available documentation describing how to access and modify the Original\n         Work. Licensor hereby agrees to provide a machine-readable copy of the Source Code of the Original\n         Work along with each copy of the Original Work that Licensor distributes. Licensor reserves the right\n         to satisfy this obligation by placing a machine-readable copy of the Source Code in an information\n         repository reasonably calculated to permit inexpensive and convenient access by You for as long as\n         Licensor continues to distribute the Original Work, and by publishing the address of that information\n         repository in a notice immediately following the copyright notice that applies to the Original\n         Work.\u003c/p\u003e\n\n      \u003cp\u003eMutual Termination for Patent Action. This License shall terminate automatically and You may no longer\n         exercise any of the rights granted to You by this License if You file a lawsuit in any court alleging\n         that any OSI Certified open source software that is licensed under any license containing this \u0026quot;Mutual\n         Termination for Patent Action\u0026quot; clause infringes any patent claims that are essential to use that\n         software.\u003c/p\u003e\n\n      \u003cp\u003eThis license is Copyright (C) 2002 Lawrence E. Rosen. All rights reserved.\u003c/p\u003e\n\n        \u003cp\u003ePermission is hereby granted to copy and distribute this license without modification. This license\n             may not be modified without the express written permission of its copyright owner.\u003c/p\u003e\n\n    ",
  "standardLicenseHeaderHtml": "\n         \u003cp\u003e\u003cvar class\u003d\"optional-license-text\"\u003e\u0026quot;\u003c/var\u003eLicensed under the Academic Free License version 1.1.\u003cvar class\u003d\"optional-license-text\"\u003e\u0026quot;\u003c/var\u003e\u003c/p\u003e\n\n         "
}