{
  "isDeprecatedLicenseId": false,
  "licenseText": "Redistribution and use in source and binary forms, with or without\nmodification, are permitted provided that the following conditions\nare met:\n1. Redistributions of source code must retain the above copyright\n   notice, this list of conditions, and the following disclaimer,\n   without modification.\n2. Redistributions in binary form must reproduce at minimum a disclaimer\n   substantially similar to the \"NO WARRANTY\" disclaimer below\n   (\"Disclaimer\") and any redistribution must be conditioned upon\n   including a substantially similar Disclaimer requirement for further\n   binary redistribution.\n3. Neither the names of the above-listed copyright holders nor the names\n   of any contributors may be used to endorse or promote products derived\n   from this software without specific prior written permission.\n\nTHIS SOFTWARE IS PROVIDED BY THE COPYRIGHT HOLDERS AND CONTRIBUTORS\n\"AS IS\" AND ANY EXPRESS OR IMPLIED WARRANTIES, INCLUDING, BUT NOT\nLIMITED TO, THE IMPLIED WARRANTIES OF MERCHANTABILITY AND FITNESS FOR\nA PARTICULAR PURPOSE ARE DISCLAIMED. IN NO EVENT SHALL THE COPYRIGHT\nOWNER OR CONTRIBUTORS BE LIABLE FOR ANY DIRECT, INDIRECT, INCIDENTAL,\nSPECIAL, EXEMPLARY, OR CONSEQUENTIAL DAMAGES (INCLUDING, BUT NOT\nLIMITED TO, PROCUREMENT OF SUBSTITUTE GOODS OR SERVICES; LOSS OF USE,\nDATA, OR PROFITS; OR BUSINESS INTERRUPTION) HOWEVER CAUSED AND ON ANY\nTHEORY OF LIABILITY, WHETHER IN CONTRACT, STRICT LIABILITY, OR TORT\n(INCLUDING NEGLIGENCE OR OTHERWISE) ARISING IN ANY WAY OUT OF THE USE\nOF THIS SOFTWARE, EVEN IF ADVISED OF THE POSSIBILITY OF SUCH DAMAGE.\n",
  "standardLicenseTemplate": "Redistribution and use in source and binary forms, with or without modification, are permitted provided that the following conditions are met:\n\n   \u003c\u003cvar;name\u003d\"bullet\";original\u003d\"1.\";match\u003d\".{0,20}\"\u003e\u003e Redistributions of source code must retain the above copyright notice, this list of conditions, and the following disclaimer, without modification.\n\n   \u003c\u003cvar;name\u003d\"bullet\";original\u003d\"2.\";match\u003d\".{0,20}\"\u003e\u003e Redistributions in binary form must reproduce at minimum a disclaimer substantially similar to the \"NO WARRANTY\" disclaimer below (\"Disclaimer\") and any redistribution must be conditioned upon including a substantially similar Disclaimer requirement for further binary redistribution.\n\n   \u003c\u003cvar;name\u003d\"bullet\";original\u003d\"3.\";match\u003d\".{0,20}\"\u003e\u003e Neither the names of the above-listed copyright holders nor the names of any contributors may be used to endorse or promote products derived from this software without specific prior written permission.\n\nTHIS SOFTWARE IS PROVIDED BY THE COPYRIGHT HOLDERS AND CONTRIBUTORS \"AS IS\" AND ANY EXPRESS OR IMPLIED WARRANTIES, INCLUDING, BUT NOT LIMITED TO, THE IMPLIED WARRANTIES OF MERCHANTABILITY AND FITNESS FOR A PARTICULAR PURPOSE ARE DISCLAIMED. IN NO EVENT SHALL THE COPYRIGHT OWNER OR CONTRIBUTORS BE LIABLE FOR ANY DIRECT, INDIRECT, INCIDENTAL, SPECIAL, EXEMPLARY, OR CONSEQUENTIAL DAMAGES (INCLUDING, BUT NOT LIMITED TO, PROCUREMENT OF SUBSTITUTE GOODS OR SERVICES; LOSS OF USE, DATA, OR PROFITS; OR BUSINESS INTERRUPTION) HOWEVER CAUSED AND ON ANY THEORY OF LIABILITY, WHETHER IN CONTRACT, STRICT LIABILITY, OR TORT (INCLUDING NEGLIGENCE OR OTHERWISE) ARISING IN ANY WAY OUT OF THE USE OF THIS SOFTWARE, EVEN IF ADVISED OF THE POSSIBILITY OF SUCH DAMAGE.\n\n",
  "name": "BSD 3-Clause acpica variant",
  "licenseId": "BSD-3-Clause-acpica",
  "crossRef": [
    {
      "match": "false",
      "url": "https://github.com/acpica/acpica/blob/master/source/common/acfileio.c#L119",
      "isValid": true,
      "isLive": true,
      "timestamp": "2024-02-08T16:33:32Z",
      "isWayBackLink": false,
      "order": 0
    }
  ],
  "seeAlso": [
    "https://github.com/acpica/acpica/blob/master/source/common/acfileio.c#L119"
  ],
  "isOsiApproved": false,
  "licenseTextHtml": "\n\t\u003cp\u003eRedistribution and use in source and binary forms, with or without\n\tmodification, are permitted provided that the following conditions\n\tare met:\u003c/p\u003e\n\n\u003cul style\u003d\"list-style:none\"\u003e\n\t\t\n\u003cli\u003e\u003cvar class\u003d\"replaceable-license-text\"\u003e 1.\u003c/var\u003e Redistributions of source code must retain the above copyright\n\t\tnotice, this list of conditions, and the following disclaimer,\n\t\twithout modification.\u003c/li\u003e\n\t\t\n\u003cli\u003e\u003cvar class\u003d\"replaceable-license-text\"\u003e 2.\u003c/var\u003e Redistributions in binary form must reproduce at minimum a disclaimer\n\t\tsubstantially similar to the \u0026quot;NO WARRANTY\u0026quot; disclaimer below\n\t\t(\u0026quot;Disclaimer\u0026quot;) and any redistribution must be conditioned upon\n\t\tincluding a substantially similar Disclaimer requirement for further\n\t\tbinary redistribution.\u003c/li\u003e\n\t\t\n\u003cli\u003e\u003cvar class\u003d\"replaceable-license-text\"\u003e 3.\u003c/var\u003e Neither the names of the above-listed copyright holders nor the names\n\t\tof any contributors may be used to endorse or promote products derived\n\t\tfrom this software without specific prior written permission.\u003c/li\u003e\n\t\n\u003c/ul\u003e\n\t\u003cp\u003eTHIS SOFTWARE IS PROVIDED BY THE COPYRIGHT HOLDERS AND CONTRIBUTORS\n\t\u0026quot;AS IS\u0026quot; AND ANY EXPRESS OR IMPLIED WARRANTIES, INCLUDING, BUT NOT\n\tLIMITED TO, THE IMPLIED WARRANTIES OF MERCHANTABILITY AND FITNESS FOR\n\tA PARTICULAR PURPOSE ARE DISCLAIMED. IN NO EVENT SHALL THE COPYRIGHT\n\tOWNER OR CONTRIBUTORS BE LIABLE FOR ANY DIRECT, INDIRECT, INCIDENTAL,\n\tSPECIAL, EXEMPLARY, OR CONSEQUENTIAL DAMAGES (INCLUDING, BUT NOT\n\tLIMITED TO, PROCUREMENT OF SUBSTITUTE GOODS OR SERVICES; LOSS OF USE,\n\tDATA, OR PROFITS; OR BUSINESS INTERRUPTION) HOWEVER CAUSED AND ON ANY\n\tTHEORY OF LIABILITY, WHETHER IN CONTRACT, STRICT LIABILITY, OR TORT\n\t(INCLUDING NEGLIGENCE OR OTHERWISE) ARISING IN ANY WAY OUT OF THE USE\n\tOF THIS SOFTWARE, EVEN IF ADVISED OF THE POSSIBILITY OF SUCH DAMAGE.\u003c/p\u003e\n\n    "
}