{
  "isDeprecatedLicenseId": false,
  "isFsfLibre": true,
  "licenseText": "Copyright (c) \u003cyear\u003e \u003cowner\u003e. \n\nRedistribution and use in source and binary forms, with or without modification, are permitted provided that the following conditions are met:\n\n1. Redistributions of source code must retain the above copyright notice, this list of conditions and the following disclaimer.\n\n2. Redistributions in binary form must reproduce the above copyright notice, this list of conditions and the following disclaimer in the documentation and/or other materials provided with the distribution.\n\n3. Neither the name of the copyright holder nor the names of its contributors may be used to endorse or promote products derived from this software without specific prior written permission.\n\nTHIS SOFTWARE IS PROVIDED BY THE COPYRIGHT HOLDERS AND CONTRIBUTORS \"AS IS\" AND ANY EXPRESS OR IMPLIED WARRANTIES, INCLUDING, BUT NOT LIMITED TO, THE IMPLIED WARRANTIES OF MERCHANTABILITY AND FITNESS FOR A PARTICULAR PURPOSE ARE DISCLAIMED. IN NO EVENT SHALL THE COPYRIGHT HOLDER OR CONTRIBUTORS BE LIABLE FOR ANY DIRECT, INDIRECT, INCIDENTAL, SPECIAL, EXEMPLARY, OR CONSEQUENTIAL DAMAGES (INCLUDING, BUT NOT LIMITED TO, PROCUREMENT OF SUBSTITUTE GOODS OR SERVICES; LOSS OF USE, DATA, OR PROFITS; OR BUSINESS INTERRUPTION) HOWEVER CAUSED AND ON ANY THEORY OF LIABILITY, WHETHER IN CONTRACT, STRICT LIABILITY, OR TORT (INCLUDING NEGLIGENCE OR OTHERWISE) ARISING IN ANY WAY OUT OF THE USE OF THIS SOFTWARE, EVEN IF ADVISED OF THE POSSIBILITY OF SUCH DAMAGE.\n",
  "standardLicenseTemplate": "\u003c\u003cvar;name\u003d\"copyright\";original\u003d\"Copyright (c) \u003cyear\u003e \u003cowner\u003e.  \";match\u003d\".{0,5000}\"\u003e\u003e\n\nRedistribution and use in source and binary forms\u003c\u003cvar;name\u003d\"theme\";original\u003d\"\";match\u003d\"()|( of the theme)\"\u003e\u003e, with or without modification, \u003c\u003cvar;name\u003d\"tobe\";original\u003d\"are\";match\u003d\"are|is\"\u003e\u003e permitted provided that the following conditions are met:\n\n   \u003c\u003cvar;name\u003d\"bullet\";original\u003d\"1.\";match\u003d\".{0,20}\"\u003e\u003e Redistributions of \u003c\u003cvar;name\u003d\"code\";original\u003d\"source code\";match\u003d\"source code|works\"\u003e\u003e must retain the \u003c\u003cvar;name\u003d\"above\";original\u003d\"above\";match\u003d\"above|original\"\u003e\u003e copyright notice, this list of conditions and the following disclaimer.\n\n   \u003c\u003cvar;name\u003d\"bullet\";original\u003d\"2.\";match\u003d\".{0,20}\"\u003e\u003e Redistributions in binary form must reproduce the \u003c\u003cvar;name\u003d\"above2\";original\u003d\"above\";match\u003d\"above|original\"\u003e\u003e copyright notice, this list of conditions and the following disclaimer in the documentation and/or other materials provided with the distribution.\n\n   \u003c\u003cvar;name\u003d\"bullet\";original\u003d\"3.\";match\u003d\".{0,20}\"\u003e\u003e \u003c\u003cvar;name\u003d\"organizationClause3\";original\u003d\"Neither the name of the copyright holder nor the names of its contributors may\";match\u003d\"(The\\s+name\\s+of.+may\\s+not)|(Neither\\s+the\\s+names?\\s+of.+nor\\s+the\\s+names\\s+of\\s+its\\s+contributors\\s+may)|(Neither\\s+the\\s+names?\\s+of.+nor\\s+the\\s+names\\s+of\\s+their\\s+contributors\\s+may)|(\\s*Neither\\s+the\\s+name\\s+of.+nor\\s+the\\s+names\\s+of\\s+its\\s+authors\\s+and\\s+contributors\\s+may)|(Neither\\s+the\\s+name\\s+of.+nor\\s+the\\s+names\\s+of\\s+(specific\\s+)?contributors,?\\s+may)|(Neither\\s+the\\s+name.+nor\\s+the\\s+names\\s+of\\s+contributors\\s+may)|(The\\s+names\\s+of\\s+its\\s+contributors\\s+may\\s+not)|(The\\s+names\\s+of\\s+any\\s+contributors\\s+may\\s+not)|(The\\s+names\\s+of\\s+the\\s+contributors\\s+may\\s+not)|(None\\s+of\\s+the\\s+names\\s+of.+and\\s+any\\s+contributors\\s+may)|(Neither\\s+my\\s+name.+nor\\s+the\\s+names\\s+of\\s+contributors\\s+to\\s+this\\s+code\\s+may)\"\u003e\u003e be used to endorse or promote products derived from this \u003c\u003cvar;name\u003d\"software\";original\u003d\"software\";match\u003d\"software|work\"\u003e\u003e without specific prior written permission.\n\nTHIS \u003c\u003cvar;name\u003d\"software2\";original\u003d\"SOFTWARE\";match\u003d\"(SOFTWARE)|(THEME)\"\u003e\u003e IS PROVIDED \u003c\u003cvar;name\u003d\"copyrightHolderAsIs\";original\u003d\"BY THE COPYRIGHT HOLDERS AND CONTRIBUTORS\";match\u003d\".*\"\u003e\u003e \"AS IS\" AND ANY \u003c\u003cvar;name\u003d\"express\";original\u003d\"EXPRESS\";match\u003d\"EXPRESS(ED)?\"\u003e\u003e OR IMPLIED WARRANTIES, INCLUDING, BUT NOT LIMITED TO, THE IMPLIED WARRANTIES OF MERCHANTABILITY AND FITNESS FOR A PARTICULAR PURPOSE ARE DISCLAIMED. IN NO EVENT SHALL \u003c\u003cvar;name\u003d\"copyrightHolderLiability\";original\u003d\"THE COPYRIGHT HOLDER OR CONTRIBUTORS\";match\u003d\".+\"\u003e\u003e BE LIABLE FOR ANY DIRECT, INDIRECT, INCIDENTAL, SPECIAL, EXEMPLARY, OR CONSEQUENTIAL DAMAGES (INCLUDING, BUT NOT LIMITED TO, PROCUREMENT OF SUBSTITUTE GOODS OR SERVICES; LOSS OF USE, DATA, OR PROFITS; OR BUSINESS INTERRUPTION) HOWEVER CAUSED AND ON ANY THEORY OF LIABILITY, WHETHER IN CONTRACT, STRICT LIABILITY, OR TORT (INCLUDING NEGLIGENCE OR OTHERWISE) ARISING IN ANY WAY OUT OF THE USE OF THIS \u003c\u003cvar;name\u003d\"software3\";original\u003d\"SOFTWARE\";match\u003d\"(SOFTWARE)|(THEME)\"\u003e\u003e , EVEN IF ADVISED OF THE POSSIBILITY OF SUCH DAMAGE.\n\n",
  "name": "BSD 3-Clause \"New\" or \"Revised\" License",
  "licenseComments": "Note for matching purposes, this license contains a number of equivalent variations, particularly in the third clause. See the XML file for more details. Also note that the Eclipse Distribution License - v 1.0 (EDL 1.0) is a match to BSD-3-Clause, even though it uses a different name.",
  "licenseId": "BSD-3-Clause",
  "crossRef": [
    {
      "match": "N/A",
      "url": "https://opensource.org/licenses/BSD-3-Clause",
      "isValid": true,
      "isLive": true,
      "timestamp": "2024-02-08T16:36:10Z",
      "isWayBackLink": false,
      "order": 0
    },
    {
      "match": "false",
      "url": "https://www.eclipse.org/org/documents/edl-v10.php",
      "isValid": true,
      "isLive": true,
      "timestamp": "2024-02-08T16:36:10Z",
      "isWayBackLink": false,
      "order": 1
    }
  ],
  "seeAlso": [
    "https://opensource.org/licenses/BSD-3-Clause",
    "https://www.eclipse.org/org/documents/edl-v10.php"
  ],
  "isOsiApproved": true,
  "licenseTextHtml": "\n      \u003cdiv class\u003d\"replaceable-license-text\"\u003e \n        \u003cp\u003eCopyright (c) \u0026lt;year\u0026gt; \u0026lt;owner\u0026gt;. \u003c/p\u003e\n\n      \u003c/div\u003e\n        \u003cp\u003eRedistribution and use in source and binary forms\u003cvar class\u003d\"replaceable-license-text\"\u003e\u003c/var\u003e,\n         with or without modification, \u003cvar class\u003d\"replaceable-license-text\"\u003e are\u003c/var\u003e permitted provided\n         that the following conditions are met:\u003c/p\u003e\n\n\u003cul style\u003d\"list-style:none\"\u003e\n            \n\u003cli\u003e\n                \u003cvar class\u003d\"replaceable-license-text\"\u003e 1.\u003c/var\u003e\n               Redistributions of \u003cvar class\u003d\"replaceable-license-text\"\u003e source code\u003c/var\u003e must retain the \u003cvar class\u003d\"replaceable-license-text\"\u003e above\u003c/var\u003e copyright notice, this list of conditions\n                 and the following disclaimer.\n            \u003c/li\u003e\n            \n\u003cli\u003e\n                \u003cvar class\u003d\"replaceable-license-text\"\u003e 2.\u003c/var\u003e\n                Redistributions in binary form must reproduce the \u003cvar class\u003d\"replaceable-license-text\"\u003e above\u003c/var\u003e copyright notice, this list of conditions\n                 and the following disclaimer in the documentation and/or other materials provided with the\n                 distribution.\n            \u003c/li\u003e\n            \n\u003cli\u003e\n                \u003cvar class\u003d\"replaceable-license-text\"\u003e 3.\u003c/var\u003e\n                \u003cvar class\u003d\"replaceable-license-text\"\u003e \n                 Neither the name of the copyright holder nor the names of its contributors may\u003c/var\u003e\n                 be used to endorse or promote products derived from this\n               \u003cvar class\u003d\"replaceable-license-text\"\u003e software\u003c/var\u003e without specific prior written permission.\n            \u003c/li\u003e\n        \n\u003c/ul\u003e\n        \u003cp\u003eTHIS \u003cvar class\u003d\"replaceable-license-text\"\u003e SOFTWARE\u003c/var\u003e IS PROVIDED \u003cvar class\u003d\"replaceable-license-text\"\u003e BY THE COPYRIGHT HOLDERS AND\n         CONTRIBUTORS\u003c/var\u003e \u0026quot;AS IS\u0026quot; AND ANY \u003cvar class\u003d\"replaceable-license-text\"\u003e EXPRESS\u003c/var\u003e OR IMPLIED\n         WARRANTIES, INCLUDING, BUT NOT LIMITED TO, THE IMPLIED WARRANTIES OF MERCHANTABILITY AND FITNESS FOR A\n         PARTICULAR PURPOSE ARE DISCLAIMED. IN NO EVENT SHALL \u003cvar class\u003d\"replaceable-license-text\"\u003e THE\n         COPYRIGHT HOLDER OR CONTRIBUTORS\u003c/var\u003e BE LIABLE FOR ANY DIRECT, INDIRECT, INCIDENTAL, SPECIAL, EXEMPLARY,\n         OR CONSEQUENTIAL DAMAGES (INCLUDING, BUT NOT LIMITED TO, PROCUREMENT OF SUBSTITUTE GOODS OR SERVICES;\n         LOSS OF USE, DATA, OR PROFITS; OR BUSINESS INTERRUPTION) HOWEVER CAUSED AND ON ANY THEORY OF LIABILITY,\n         WHETHER IN CONTRACT, STRICT LIABILITY, OR TORT (INCLUDING NEGLIGENCE OR OTHERWISE) ARISING IN ANY WAY\n         OUT OF THE USE OF THIS \u003cvar class\u003d\"replaceable-license-text\"\u003e SOFTWARE\u003c/var\u003e, EVEN IF ADVISED OF THE POSSIBILITY OF SUCH DAMAGE.\u003c/p\u003e\n\n    "
}