{
  "isDeprecatedLicenseId": false,
  "licenseText": "  Copyright (c) 1997, 1998, 1999, 2000, 2001, 2002, 2003, 2004, 2005, 2006,\n                2007, 2008, 2009, 2010, 2011, 2012, 2013, 2014, 2015, 2016\n                2017, 2018, 2019, 2020\n       Inferno Nettverk A/S, Norway.  All rights reserved.\n \n  Redistribution and use in source and binary forms, with or without\n  modification, are permitted provided that the following conditions\n  are met:\n  1. The above copyright notice, this list of conditions and the following\n     disclaimer must appear in all copies of the software, derivative works\n     or modified versions, and any portions thereof, aswell as in all\n     supporting documentation.\n  2. All advertising materials mentioning features or use of this software\n     must display the following acknowledgement:\n       This product includes software developed by\n       Inferno Nettverk A/S, Norway.\n  3. The name of the author may not be used to endorse or promote products\n     derived from this software without specific prior written permission.\n \n  THIS SOFTWARE IS PROVIDED BY THE AUTHOR ``AS IS\u0027\u0027 AND ANY EXPRESS OR\n  IMPLIED WARRANTIES, INCLUDING, BUT NOT LIMITED TO, THE IMPLIED WARRANTIES\n  OF MERCHANTABILITY AND FITNESS FOR A PARTICULAR PURPOSE ARE DISCLAIMED.\n  IN NO EVENT SHALL THE AUTHOR BE LIABLE FOR ANY DIRECT, INDIRECT,\n  INCIDENTAL, SPECIAL, EXEMPLARY, OR CONSEQUENTIAL DAMAGES (INCLUDING, BUT\n  NOT LIMITED TO, PROCUREMENT OF SUBSTITUTE GOODS OR SERVICES; LOSS OF USE,\n  DATA, OR PROFITS; OR BUSINESS INTERRUPTION) HOWEVER CAUSED AND ON ANY\n  THEORY OF LIABILITY, WHETHER IN CONTRACT, STRICT LIABILITY, OR TORT\n  (INCLUDING NEGLIGENCE OR OTHERWISE) ARISING IN ANY WAY OUT OF THE USE OF\n  THIS SOFTWARE, EVEN IF ADVISED OF THE POSSIBILITY OF SUCH DAMAGE.\n \n  Inferno Nettverk A/S requests users of this software to return to\n \n   Software Distribution Coordinator  or  sdc@inet.no\n   Inferno Nettverk A/S\n   Oslo Research Park\n   Gaustadalléen 21\n   NO-0349 Oslo\n   Norway\n \n  any improvements or extensions that they make and grant Inferno Nettverk A/S\n  the rights to redistribute these changes.\n\n",
  "standardLicenseTemplate": "\u003c\u003cvar;name\u003d\"copyright\";original\u003d\"Copyright (c) 1997, 1998, 1999, 2000, 2001, 2002, 2003, 2004, 2005, 2006, 2007, 2008, 2009, 2010, 2011, 2012, 2013, 2014, 2015, 2016 2017, 2018, 2019, 2020 Inferno Nettverk A/S, Norway. All rights reserved.\";match\u003d\".{0,5000}\"\u003e\u003e\n\nRedistribution and use in source and binary forms, with or without modification, are permitted provided that the following conditions are met:\n\n   \u003c\u003cvar;name\u003d\"bullet\";original\u003d\"1.\";match\u003d\".{0,20}\"\u003e\u003e The above copyright notice, this list of conditions and the following disclaimer must appear in all copies of the software, derivative works or modified versions, and any portions thereof, aswell as in all supporting documentation.\n\n   \u003c\u003cvar;name\u003d\"bullet\";original\u003d\"2.\";match\u003d\".{0,20}\"\u003e\u003e All advertising materials mentioning features or use of this software must display the following acknowledgement:\n\n   This product includes software developed by Inferno Nettverk A/S, Norway.\n\n   \u003c\u003cvar;name\u003d\"bullet\";original\u003d\"3.\";match\u003d\".{0,20}\"\u003e\u003e The name of the author may not be used to endorse or promote products derived from this software without specific prior written permission.\n\nTHIS SOFTWARE IS PROVIDED BY THE AUTHOR ``AS IS\u0027\u0027 AND ANY EXPRESS OR IMPLIED WARRANTIES, INCLUDING, BUT NOT LIMITED TO, THE IMPLIED WARRANTIES OF MERCHANTABILITY AND FITNESS FOR A PARTICULAR PURPOSE ARE DISCLAIMED. IN NO EVENT SHALL THE AUTHOR BE LIABLE FOR ANY DIRECT, INDIRECT, INCIDENTAL, SPECIAL, EXEMPLARY, OR CONSEQUENTIAL DAMAGES (INCLUDING, BUT NOT LIMITED TO, PROCUREMENT OF SUBSTITUTE GOODS OR SERVICES; LOSS OF USE, DATA, OR PROFITS; OR BUSINESS INTERRUPTION) HOWEVER CAUSED AND ON ANY THEORY OF LIABILITY, WHETHER IN CONTRACT, STRICT LIABILITY, OR TORT (INCLUDING NEGLIGENCE OR OTHERWISE) ARISING IN ANY WAY OUT OF THE USE OF THIS SOFTWARE, EVEN IF ADVISED OF THE POSSIBILITY OF SUCH DAMAGE.\n\nInferno Nettverk A/S requests users of this software to return to\n\nSoftware Distribution Coordinator or sdc@inet.no\n\nInferno Nettverk A/S\n\nOslo Research Park\n\nGaustadalléen 21\n\nNO-0349 Oslo\n\nNorway\n\nany improvements or extensions that they make and grant Inferno Nettverk A/S the rights to redistribute these changes.\n\n",
  "name": "BSD-Inferno-Nettverk",
  "licenseComments": "This license is similar to BSD-4-Clause but it combines first two clauses and includes a request that improvements or extensions be sent to the author.",
  "licenseId": "BSD-Inferno-Nettverk",
  "crossRef": [
    {
      "match": "false",
      "url": "https://www.inet.no/dante/LICENSE",
      "isValid": true,
      "isLive": true,
      "timestamp": "2024-02-08T16:36:31Z",
      "isWayBackLink": false,
      "order": 0
    }
  ],
  "seeAlso": [
    "https://www.inet.no/dante/LICENSE"
  ],
  "isOsiApproved": false,
  "licenseTextHtml": "\n        \u003cvar class\u003d\"replaceable-license-text\"\u003e \n Copyright (c) 1997, 1998, 1999, 2000, 2001, 2002, 2003, 2004, 2005, 2006,\n                2007, 2008, 2009, 2010, 2011, 2012, 2013, 2014, 2015, 2016\n                2017, 2018, 2019, 2020\n       Inferno Nettverk A/S, Norway.  All rights reserved.\n \n        \u003c/var\u003e\n        \u003cp\u003e\n  Redistribution and use in source and binary forms, with or without\n  modification, are permitted provided that the following conditions\n  are met:\n        \u003c/p\u003e\n\n\u003cul style\u003d\"list-style:none\"\u003e\n          \n\u003cli\u003e\n            \u003cvar class\u003d\"replaceable-license-text\"\u003e 1.\u003c/var\u003e\n  The above copyright notice, this list of conditions and the following\n  disclaimer must appear in all copies of the software, derivative works\n  or modified versions, and any portions thereof, aswell as in all\n  supporting documentation.\n          \u003c/li\u003e\n          \n\u003cli\u003e\n            \u003cvar class\u003d\"replaceable-license-text\"\u003e 2.\u003c/var\u003e\n  All advertising materials mentioning features or use of this software\n  must display the following acknowledgement:\u003cbr /\u003e\n\n      This product includes software developed by\n      Inferno Nettverk A/S, Norway.\n          \u003c/li\u003e\n          \n\u003cli\u003e\n            \u003cvar class\u003d\"replaceable-license-text\"\u003e 3.\u003c/var\u003e\n  The name of the author may not be used to endorse or promote products\n  derived from this software without specific prior written permission.\n          \u003c/li\u003e\n        \n\u003c/ul\u003e\n        \u003cp\u003e\n \n  THIS SOFTWARE IS PROVIDED BY THE AUTHOR ``AS IS\u0026apos;\u0026apos; AND ANY EXPRESS OR\n  IMPLIED WARRANTIES, INCLUDING, BUT NOT LIMITED TO, THE IMPLIED WARRANTIES\n  OF MERCHANTABILITY AND FITNESS FOR A PARTICULAR PURPOSE ARE DISCLAIMED.\n  IN NO EVENT SHALL THE AUTHOR BE LIABLE FOR ANY DIRECT, INDIRECT,\n  INCIDENTAL, SPECIAL, EXEMPLARY, OR CONSEQUENTIAL DAMAGES (INCLUDING, BUT\n  NOT LIMITED TO, PROCUREMENT OF SUBSTITUTE GOODS OR SERVICES; LOSS OF USE,\n  DATA, OR PROFITS; OR BUSINESS INTERRUPTION) HOWEVER CAUSED AND ON ANY\n  THEORY OF LIABILITY, WHETHER IN CONTRACT, STRICT LIABILITY, OR TORT\n  (INCLUDING NEGLIGENCE OR OTHERWISE) ARISING IN ANY WAY OUT OF THE USE OF\n  THIS SOFTWARE, EVEN IF ADVISED OF THE POSSIBILITY OF SUCH DAMAGE.\n        \u003c/p\u003e\n\n        \u003cp\u003e\n  Inferno Nettverk A/S requests users of this software to return to\n        \u003c/p\u003e\n\n        \u003cp\u003e\n   Software Distribution Coordinator  or  sdc@inet.no\u003cbr /\u003e\n\n   Inferno Nettverk A/S\u003cbr /\u003e\n\n   Oslo Research Park\u003cbr /\u003e\n\n   Gaustadalléen 21\u003cbr /\u003e\n\n   NO-0349 Oslo\u003cbr /\u003e\n\n   Norway\n        \u003c/p\u003e\n\n        \u003cp\u003e\n  any improvements or extensions that they make and grant Inferno Nettverk A/S\n  the rights to redistribute these changes.\n        \u003c/p\u003e\n\n      "
}