{
  "isDeprecatedLicenseId": false,
  "licenseText": "Copyright (c) 1998-2003 Carnegie Mellon University.  All rights reserved.\n\nRedistribution and use in source and binary forms, with or without\nmodification, are permitted provided that the following conditions\nare met:\n\n1. Redistributions of source code must retain the above copyright\n   notice, this list of conditions and the following disclaimer.\n\n2. Redistributions in binary form must reproduce the above copyright\n   notice, this list of conditions and the following disclaimer in\n   the documentation and/or other materials provided with the\n   distribution.\n\n3. The name \"Carnegie Mellon University\" must not be used to\n   endorse or promote products derived from this software without\n   prior written permission. For permission or any other legal\n   details, please contact\n     Office of Technology Transfer\n     Carnegie Mellon University\n     5000 Forbes Avenue\n     Pittsburgh, PA  15213-3890\n     (412) 268-4387, fax: (412) 268-7395\n     tech-transfer@andrew.cmu.edu\n\n4. Redistributions of any form whatsoever must retain the following\n   acknowledgment:\n   \"This product includes software developed by Computing Services\n    at Carnegie Mellon University (http://www.cmu.edu/computing/).\"\n\nCARNEGIE MELLON UNIVERSITY DISCLAIMS ALL WARRANTIES WITH REGARD TO\nTHIS SOFTWARE, INCLUDING ALL IMPLIED WARRANTIES OF MERCHANTABILITY\nAND FITNESS, IN NO EVENT SHALL CARNEGIE MELLON UNIVERSITY BE LIABLE\nFOR ANY SPECIAL, INDIRECT OR CONSEQUENTIAL DAMAGES OR ANY DAMAGES\nWHATSOEVER RESULTING FROM LOSS OF USE, DATA OR PROFITS, WHETHER IN\nAN ACTION OF CONTRACT, NEGLIGENCE OR OTHER TORTIOUS ACTION, ARISING\nOUT OF OR IN CONNECTION WITH THE USE OR PERFORMANCE OF THIS SOFTWARE.\n",
  "standardLicenseTemplate": "\u003c\u003cvar;name\u003d\"copyright\";original\u003d\"Copyright (c) 1998-2003 Carnegie Mellon University. All rights reserved.\";match\u003d\".{0,5000}\"\u003e\u003e\n\nRedistribution and use in source and binary forms, with or without modification, are permitted provided that the following conditions are met:\n\n   \u003c\u003cvar;name\u003d\"bullet\";original\u003d\"1.\";match\u003d\".{0,20}\"\u003e\u003e Redistributions of source code must retain the above copyright notice, this list of conditions and the following disclaimer.\n\n   \u003c\u003cvar;name\u003d\"bullet\";original\u003d\"2.\";match\u003d\".{0,20}\"\u003e\u003e Redistributions in binary form must reproduce the above copyright notice, this list of conditions and the following disclaimer in the documentation and/or other materials provided with the distribution.\n\n   \u003c\u003cvar;name\u003d\"bullet\";original\u003d\"3.\";match\u003d\".{0,20}\"\u003e\u003e The \u003c\u003cvar;name\u003d\"name\";original\u003d\"name\";match\u003d\"name(\\(s\\))?\"\u003e\u003e \" \u003c\u003cvar;name\u003d\"copyrightHolder\";original\u003d\"COPYRIGHT HOLDER\";match\u003d\".+\"\u003e\u003e must not be used to endorse or promote products derived from this software without prior written permission.\u003c\u003cbeginOptional\u003e\u003e For permission or any\u003c\u003cbeginOptional\u003e\u003e other\u003c\u003cendOptional\u003e\u003e legal details, please contact\n\n   \u003c\u003cvar;name\u003d\"address\";original\u003d\"Office of Technology Transfer     Carnegie Mellon University     5000 Forbes Avenue     Pittsburgh, PA 15213-3890     (412) 268-4387, fax: (412) 268-7395     tech-transfer@andrew.cmu.edu     \";match\u003d\".+\"\u003e\u003e\u003c\u003cendOptional\u003e\u003e\n\n   \u003c\u003cvar;name\u003d\"bullet\";original\u003d\"4.\";match\u003d\".{0,20}\"\u003e\u003e Redistributions of any form whatsoever must retain the following acknowledgment:\n\n   \"This product includes software developed by \u003c\u003cvar;name\u003d\"developer1\";original\u003d\"Computing Services\";match\u003d\".+\"\u003e\u003e\n\n   \u003c\u003cvar;name\u003d\"developer2\";original\u003d\"at Carnegie Mellon University (http://www.cmu.edu/computing/).\";match\u003d\".+\"\u003e\u003e \"\u003c\u003cbeginOptional\u003e\u003e .\u003c\u003cendOptional\u003e\u003e\n\n\u003c\u003cvar;name\u003d\"copyrightHolderUpper\";original\u003d\"COPYRIGHT HOLDER\";match\u003d\".+\"\u003e\u003e DISCLAIMS ALL WARRANTIES WITH REGARD TO THIS SOFTWARE, INCLUDING ALL IMPLIED WARRANTIES OF MERCHANTABILITY AND FITNESS, IN NO EVENT SHALL CARNEGIE MELLON UNIVERSITY BE LIABLE FOR ANY SPECIAL, INDIRECT OR CONSEQUENTIAL DAMAGES OR ANY DAMAGES WHATSOEVER RESULTING FROM LOSS OF USE, DATA OR PROFITS, WHETHER IN AN ACTION OF CONTRACT, NEGLIGENCE OR OTHER TORTIOUS ACTION, ARISING OUT OF OR IN CONNECTION WITH THE USE OR PERFORMANCE OF THIS SOFTWARE.\n\n",
  "name": "BSD with Attribution and HPND disclaimer",
  "licenseId": "BSD-Attribution-HPND-disclaimer",
  "crossRef": [
    {
      "match": "false",
      "url": "https://github.com/cyrusimap/cyrus-sasl/blob/master/COPYING",
      "isValid": true,
      "isLive": true,
      "timestamp": "2024-02-08T16:36:46Z",
      "isWayBackLink": false,
      "order": 0
    }
  ],
  "seeAlso": [
    "https://github.com/cyrusimap/cyrus-sasl/blob/master/COPYING"
  ],
  "isOsiApproved": false,
  "licenseTextHtml": "\n         \u003cvar class\u003d\"replaceable-license-text\"\u003e \n            Copyright (c) 1998-2003 Carnegie Mellon University.  All rights reserved.\n         \u003c/var\u003e\n         \u003cp\u003e\n\t\tRedistribution and use in source and binary forms, with or without\n\t\tmodification, are permitted provided that the following conditions\n\t\tare met:\n\t \u003c/p\u003e\n\n\u003cul style\u003d\"list-style:none\"\u003e\n\t\t\n\u003cli\u003e\n\t\t\t\u003cvar class\u003d\"replaceable-license-text\"\u003e 1.\u003c/var\u003e Redistributions of source code must retain the above copyright\n\t\t\tnotice, this list of conditions and the following disclaimer.\n\t\t\u003c/li\u003e\n\t\t\n\u003cli\u003e\n\t\t\t\u003cvar class\u003d\"replaceable-license-text\"\u003e 2.\u003c/var\u003e Redistributions in binary form must reproduce the above copyright\n\t\t\tnotice, this list of conditions and the following disclaimer in\n\t\t\tthe documentation and/or other materials provided with the\n\t\t\tdistribution.\n\t\t\u003c/li\u003e\n\t\t\n\u003cli\u003e\n\t\t\t\u003cvar class\u003d\"replaceable-license-text\"\u003e 3.\u003c/var\u003e The \u003cvar class\u003d\"replaceable-license-text\"\u003e name\u003c/var\u003e \u0026quot;\u003cvar class\u003d\"replaceable-license-text\"\u003e COPYRIGHT HOLDER\u003c/var\u003e must not be used to\n\t\t\tendorse or promote products derived from this software without\n\t\t\tprior written permission.\u003cvar class\u003d\"optional-license-text\"\u003e  For permission or any \u003cvar class\u003d\"optional-license-text\"\u003e other\u003c/var\u003e legal\n\t\t\tdetails, please contact\u003cbr /\u003e\n\n\t\t\t\u003cvar class\u003d\"replaceable-license-text\"\u003e Office of Technology Transfer\u003cbr /\u003e\n\n\t\t\tCarnegie Mellon University\u003cbr /\u003e\n\n\t\t\t5000 Forbes Avenue\u003cbr /\u003e\n\n\t\t\tPittsburgh, PA  15213-3890\u003cbr /\u003e\n\n\t\t\t(412) 268-4387, fax: (412) 268-7395\u003cbr /\u003e\n\n\t\t\ttech-transfer@andrew.cmu.edu\u003cbr /\u003e\n\n   \u003c/var\u003e\u003c/var\u003e\n\t\t\u003c/li\u003e\n\t\t\n\u003cli\u003e\n\t\t\t\u003cvar class\u003d\"replaceable-license-text\"\u003e 4.\u003c/var\u003e Redistributions of any form whatsoever must retain the following\n\t\t\tacknowledgment:\u003cbr /\u003e\n\n\t\t\t\u0026quot;This product includes software developed by \u003cvar class\u003d\"replaceable-license-text\"\u003e Computing Services\u003c/var\u003e\u003cbr /\u003e\n\n\t\t\t\u003cvar class\u003d\"replaceable-license-text\"\u003e at Carnegie Mellon University (http://www.cmu.edu/computing/).\u003c/var\u003e\u0026quot;\u003cvar class\u003d\"optional-license-text\"\u003e .\u003c/var\u003e\u003cbr /\u003e\n\n\t\t\u003c/li\u003e\n\t\n\u003c/ul\u003e\n\t\u003cp\u003e\n\t\t\u003cvar class\u003d\"replaceable-license-text\"\u003e COPYRIGHT HOLDER\u003c/var\u003e DISCLAIMS ALL WARRANTIES WITH REGARD TO\n\t\tTHIS SOFTWARE, INCLUDING ALL IMPLIED WARRANTIES OF MERCHANTABILITY\n\t\tAND FITNESS, IN NO EVENT SHALL CARNEGIE MELLON UNIVERSITY BE LIABLE\n\t\tFOR ANY SPECIAL, INDIRECT OR CONSEQUENTIAL DAMAGES OR ANY DAMAGES\n\t\tWHATSOEVER RESULTING FROM LOSS OF USE, DATA OR PROFITS, WHETHER IN\n\t\tAN ACTION OF CONTRACT, NEGLIGENCE OR OTHER TORTIOUS ACTION, ARISING\n\t\tOUT OF OR IN CONNECTION WITH THE USE OR PERFORMANCE OF THIS SOFTWARE.\n        \u003c/p\u003e\n\n      "
}