{
  "isDeprecatedLicenseId": false,
  "licenseText": "DL-DE-\u003eZero-2.0\nDatenlizenz Deutschland – Zero – Version 2.0\n\nJede Nutzung ist ohne Einschränkungen oder Bedingungen zulässig.\n\nDie bereitgestellten Daten und Metadaten dürfen für die kommerzielle und nicht kommerzielle Nutzung insbesondere\n\n    vervielfältigt, ausgedruckt, präsentiert, verändert, bearbeitet sowie an Dritte übermittelt werden;\n    mit eigenen Daten und Daten Anderer zusammengeführt und zu selbständigen neuen Datensätzen verbunden werden;\n    in interne und externe Geschäftsprozesse, Produkte und Anwendungen in öffentlichen und nicht öffentlichen elektronischen Netzwerken eingebunden werden.\n\n\nData licence Germany – Zero – version 2.0\n\nAny use is permitted without restrictions or conditions.\n\nThe data and meta-data provided may, for commercial and non-commercial use, in particular\n\n    be copied, printed, presented, altered, processed and transmitted to third parties;\n    be merged with own data and with the data of others and be combined to form new and independent datasets;\n    be integrated in internal and external business processes, products and applications in public and non-public electronic networks.\n\n\n\nURL: https://www.govdata.de/dl-de/zero-2-0\n",
  "standardLicenseTemplate": "\u003c\u003cbeginOptional\u003e\u003eDL-DE-\u003eZero-2.0\u003c\u003cendOptional\u003e\u003e\u003c\u003cbeginOptional\u003e\u003e Datenlizenz Deutschland – Zero – Version 2.0\u003c\u003cendOptional\u003e\u003e\n\n   Jede Nutzung ist ohne Einschränkungen oder Bedingungen zulässig.\n\n   Die bereitgestellten Daten und Metadaten dürfen für die kommerzielle und nicht kommerzielle Nutzung insbesondere\n\n      \u003c\u003cvar;name\u003d\"bullet\";original\u003d\"1.\";match\u003d\".{0,20}\"\u003e\u003e vervielfältigt, ausgedruckt, präsentiert, verändert, bearbeitet sowie an Dritte übermittelt werden;\n\n      \u003c\u003cvar;name\u003d\"bullet\";original\u003d\"2.\";match\u003d\".{0,20}\"\u003e\u003e mit eigenen Daten und Daten Anderer zusammengeführt und zu selbständigen neuen Datensätzen verbunden werden;\n\n      \u003c\u003cvar;name\u003d\"bullet\";original\u003d\"3.\";match\u003d\".{0,20}\"\u003e\u003e in interne und externe Geschäftsprozesse, Produkte und Anwendungen in öffentlichen und nicht öffentlichen elektronischen Netzwerken eingebunden werden.\u003c\u003cbeginOptional\u003e\u003e Data licence Germany – Zero – version 2.0\u003c\u003cendOptional\u003e\u003e\n\n   Any use is permitted without restrictions or conditions.\n\n   The data and meta-data provided may, for commercial and non-commercial use, in particular\n\n      \u003c\u003cvar;name\u003d\"bullet\";original\u003d\"1.\";match\u003d\".{0,20}\"\u003e\u003e be copied, printed, presented, altered, processed and transmitted to third parties;\n\n      \u003c\u003cvar;name\u003d\"bullet\";original\u003d\"2.\";match\u003d\".{0,20}\"\u003e\u003e be merged with own data and with the data of others and be combined to form new and independent datasets;\n\n      \u003c\u003cvar;name\u003d\"bullet\";original\u003d\"3.\";match\u003d\".{0,20}\"\u003e\u003e be integrated in internal and external business processes, products and applications in public and non-public electronic networks.\u003c\u003cbeginOptional\u003e\u003e URL: http://www.govdata.de/dl-de/zero-2-0\n\n\u003c\u003cendOptional\u003e\u003e",
  "name": "Data licence Germany – zero – version 2.0",
  "licenseId": "DL-DE-ZERO-2.0",
  "crossRef": [
    {
      "match": "false",
      "url": "https://www.govdata.de/dl-de/zero-2-0",
      "isValid": true,
      "isLive": true,
      "timestamp": "2024-02-08T16:38:38Z",
      "isWayBackLink": false,
      "order": 0
    }
  ],
  "seeAlso": [
    "https://www.govdata.de/dl-de/zero-2-0"
  ],
  "isOsiApproved": false,
  "licenseTextHtml": "\n         \u003cvar class\u003d\"optional-license-text\"\u003e DL-DE-\u0026gt;Zero-2.0\u003c/var\u003e\n         \u003cvar class\u003d\"optional-license-text\"\u003e Datenlizenz Deutschland – Zero – Version 2.0\u003c/var\u003e\n         \n\u003cul style\u003d\"list-style:none\"\u003e\n            \n\u003cli\u003e\n            \u003cp\u003eJede Nutzung ist ohne Einschränkungen oder Bedingungen zulässig.\u003c/p\u003e\n\n            \u003cp\u003eDie bereitgestellten Daten und Metadaten dürfen für die kommerzielle und nicht kommerzielle Nutzung insbesondere\u003c/p\u003e\n\n\u003cul style\u003d\"list-style:none\"\u003e\n               \n\u003cli\u003e\n               \u003cvar class\u003d\"replaceable-license-text\"\u003e 1.\u003c/var\u003evervielfältigt, ausgedruckt, präsentiert, verändert, bearbeitet sowie an Dritte übermittelt werden;\u003c/li\u003e\n               \n\u003cli\u003e\n               \u003cvar class\u003d\"replaceable-license-text\"\u003e 2.\u003c/var\u003emit eigenen Daten und Daten Anderer zusammengeführt und zu selbständigen neuen Datensätzen verbunden werden;\u003c/li\u003e\n               \n\u003cli\u003e\n               \u003cvar class\u003d\"replaceable-license-text\"\u003e 3.\u003c/var\u003ein interne und externe Geschäftsprozesse, Produkte und Anwendungen in öffentlichen und nicht öffentlichen elektronischen Netzwerken eingebunden werden.\u003c/li\u003e\n            \n\u003c/ul\u003e\u003c/li\u003e\n         \n\u003c/ul\u003e\n         \u003cvar class\u003d\"optional-license-text\"\u003e Data licence Germany – Zero – version 2.0\u003c/var\u003e\n         \n\u003cul style\u003d\"list-style:none\"\u003e\n            \n\u003cli\u003e\n            \u003cp\u003eAny use is permitted without restrictions or conditions.\u003c/p\u003e\n\n            \u003cp\u003eThe data and meta-data provided may, for commercial and non-commercial use, in particular\u003c/p\u003e\n\n\u003cul style\u003d\"list-style:none\"\u003e\n               \n\u003cli\u003e\n               \u003cvar class\u003d\"replaceable-license-text\"\u003e 1.\u003c/var\u003ebe copied, printed, presented, altered, processed and transmitted to third parties;\u003c/li\u003e\n               \n\u003cli\u003e\n               \u003cvar class\u003d\"replaceable-license-text\"\u003e 2.\u003c/var\u003ebe merged with own data and with the data of others and be combined to form new and independent datasets;\u003c/li\u003e\n               \n\u003cli\u003e\n               \u003cvar class\u003d\"replaceable-license-text\"\u003e 3.\u003c/var\u003ebe integrated in internal and external business processes, products and applications in public and non-public electronic networks.\u003c/li\u003e\n            \n\u003c/ul\u003e\u003c/li\u003e\n         \n\u003c/ul\u003e\n         \u003cdiv class\u003d\"optional-license-text\"\u003e \n            \u003cp\u003eURL: http://www.govdata.de/dl-de/zero-2-0\u003c/p\u003e\n\n         \u003c/div\u003e\n      "
}