{
  "isDeprecatedLicenseId": false,
  "licenseText": "Entessa Public License Version. 1.0\nCopyright (c) 2003 Entessa, LLC. All rights reserved.\n\nRedistribution and use in source and binary forms, with or without modification, are permitted provided that the following conditions are met:\n\n1.  Redistributions of source code must retain the above copyright notice, this list of conditions and the following disclaimer.\n\n2.  Redistributions in binary form must reproduce the above copyright notice, this list of conditions and the following disclaimer in the documentation and/or other materials provided with the distribution.\n\n3.  The end-user documentation included with the redistribution, if any, must include the following acknowledgment:\n\n     \"This product includes open source software developed by openSEAL (http://www.openseal.org/).\"\n\nAlternately, this acknowledgment may appear in the software itself, if and wherever such third-party acknowledgments normally appear.\n\n4.  The names \"openSEAL\" and \"Entessa\" must not be used to endorse or promote products derived from this software without prior written permission. For written permission, please contact epl@entessa.com.\n\n5.  Products derived from this software may not be called \"openSEAL\", nor may \"openSEAL\" appear in their name, without prior written permission of Entessa.\n\nTHIS SOFTWARE IS PROVIDED ``AS IS\u0027\u0027 AND ANY EXPRESSED OR IMPLIED WARRANTIES, INCLUDING, BUT NOT LIMITED TO, THE IMPLIED WARRANTIES OF MERCHANTABILITY AND FITNESS FOR A PARTICULAR PURPOSE ARE DISCLAIMED. IN NO EVENT SHALL ENTESSA, LLC, OPENSEAL OR ITS CONTRIBUTORS BE LIABLE FOR ANY DIRECT, INDIRECT, INCIDENTAL, SPECIAL, EXEMPLARY, OR CONSEQUENTIAL DAMAGES (INCLUDING, BUT NOT LIMITED TO, PROCUREMENT OF SUBSTITUTE GOODS OR SERVICES; LOSS OF USE, DATA, OR PROFITS; OR BUSINESS INTERRUPTION) HOWEVER CAUSED AND ON ANY THEORY OF LIABILITY, WHETHER IN CONTRACT, STRICT LIABILITY, OR TORT (INCLUDING NEGLIGENCE OR OTHERWISE) ARISING IN ANY WAY OUT OF THE USE OF THIS SOFTWARE, EVEN IF ADVISED OF THE POSSIBILITY OF SUCH DAMAGE.\n\nThis software consists of voluntary contributions made by many individuals on behalf of openSEAL and was originally based on software contributed by Entessa, LLC, http://www.entessa.com. For more information on the openSEAL, please see \u003chttp://www.openseal.org/\u003e.\n",
  "standardLicenseTemplate": "\u003c\u003cbeginOptional\u003e\u003eEntessa Public License Version. 1.0\n\n\u003c\u003cendOptional\u003e\u003e \u003c\u003cvar;name\u003d\"copyright\";original\u003d\"Copyright (c) 2003 Entessa, LLC. All rights reserved.  \";match\u003d\".{0,5000}\"\u003e\u003e\n\nRedistribution and use in source and binary forms, with or without modification, are permitted provided that the following conditions are met:\n\n   \u003c\u003cvar;name\u003d\"bullet\";original\u003d\"1.\";match\u003d\".{0,20}\"\u003e\u003e Redistributions of source code must retain the above copyright notice, this list of conditions and the following disclaimer.\n\n   \u003c\u003cvar;name\u003d\"bullet\";original\u003d\"2.\";match\u003d\".{0,20}\"\u003e\u003e Redistributions in binary form must reproduce the above copyright notice, this list of conditions and the following disclaimer in the documentation and/or other materials provided with the distribution.\n\n   \u003c\u003cvar;name\u003d\"bullet\";original\u003d\"3.\";match\u003d\".{0,20}\"\u003e\u003e The end-user documentation included with the redistribution, if any, must include the following acknowledgment:\n\n   \"This product includes open source software developed by openSEAL (http://www.openseal.org/).\"\n\n   Alternately, this acknowledgment may appear in the software itself, if and wherever such third-party acknowledgments normally appear.\n\n   \u003c\u003cvar;name\u003d\"bullet\";original\u003d\"4.\";match\u003d\".{0,20}\"\u003e\u003e The names \"openSEAL\" and \"Entessa\" must not be used to endorse or promote products derived from this software without prior written permission. For written permission, please contact epl@entessa.com.\n\n   \u003c\u003cvar;name\u003d\"bullet\";original\u003d\"5.\";match\u003d\".{0,20}\"\u003e\u003e Products derived from this software may not be called \"openSEAL\", nor may \"openSEAL\" appear in their name, without prior written permission of Entessa.\n\nTHIS SOFTWARE IS PROVIDED ``AS IS\u0027\u0027 AND ANY EXPRESSED OR IMPLIED WARRANTIES, INCLUDING, BUT NOT LIMITED TO, THE IMPLIED WARRANTIES OF MERCHANTABILITY AND FITNESS FOR A PARTICULAR PURPOSE ARE DISCLAIMED. IN NO EVENT SHALL ENTESSA, LLC, OPENSEAL OR ITS CONTRIBUTORS BE LIABLE FOR ANY DIRECT, INDIRECT, INCIDENTAL, SPECIAL, EXEMPLARY, OR CONSEQUENTIAL DAMAGES (INCLUDING, BUT NOT LIMITED TO, PROCUREMENT OF SUBSTITUTE GOODS OR SERVICES; LOSS OF USE, DATA, OR PROFITS; OR BUSINESS INTERRUPTION) HOWEVER CAUSED AND ON ANY THEORY OF LIABILITY, WHETHER IN CONTRACT, STRICT LIABILITY, OR TORT (INCLUDING NEGLIGENCE OR OTHERWISE) ARISING IN ANY WAY OUT OF THE USE OF THIS SOFTWARE, EVEN IF ADVISED OF THE POSSIBILITY OF SUCH DAMAGE.\n\nThis software consists of voluntary contributions made by many individuals on behalf of openSEAL and was originally based on software contributed by Entessa, LLC, http://www.entessa.com. For more information on the openSEAL, please see \u003chttp://www.openseal.org/\u003e.\n\n",
  "name": "Entessa Public License v1.0",
  "licenseId": "Entessa",
  "crossRef": [
    {
      "match": "N/A",
      "url": "https://opensource.org/licenses/Entessa",
      "isValid": true,
      "isLive": true,
      "timestamp": "2024-02-08T16:30:30Z",
      "isWayBackLink": false,
      "order": 0
    }
  ],
  "seeAlso": [
    "https://opensource.org/licenses/Entessa"
  ],
  "isOsiApproved": true,
  "licenseTextHtml": "\n      \u003cdiv class\u003d\"optional-license-text\"\u003e \n         \u003cp\u003eEntessa Public License Version. 1.0\u003c/p\u003e\n\n      \u003c/div\u003e\n      \u003cdiv class\u003d\"replaceable-license-text\"\u003e \n         \u003cp\u003eCopyright (c) 2003 Entessa, LLC. All rights reserved.\u003c/p\u003e\n\n      \u003c/div\u003e\n\n      \u003cp\u003eRedistribution and use in source and binary forms, with or without modification, are permitted provided that\n       the following conditions are met:\u003c/p\u003e\n\n\u003cul style\u003d\"list-style:none\"\u003e\n         \n\u003cli\u003e\n            \u003cvar class\u003d\"replaceable-license-text\"\u003e 1.\u003c/var\u003e\n        Redistributions of source code must retain the above copyright notice, this list of conditions and\n           the following disclaimer.\n      \u003c/li\u003e\n         \n\u003cli\u003e\n            \u003cvar class\u003d\"replaceable-license-text\"\u003e 2.\u003c/var\u003e\n        Redistributions in binary form must reproduce the above copyright notice, this list of conditions and\n           the following disclaimer in the documentation and/or other materials provided with the\n           distribution.\n      \u003c/li\u003e\n         \n\u003cli\u003e\n            \u003cvar class\u003d\"replaceable-license-text\"\u003e 3.\u003c/var\u003e\n        The end-user documentation included with the redistribution, if any, must include the following\n           acknowledgment:\n        \u003cp\u003e\u0026quot;This product includes open source software developed by openSEAL (http://www.openseal.org/).\u0026quot;\u003c/p\u003e\n\n            \u003cp\u003eAlternately, this acknowledgment may appear in the software itself, if and wherever such third-party\n           acknowledgments normally appear.\u003c/p\u003e\n\n         \u003c/li\u003e\n         \n\u003cli\u003e\n            \u003cvar class\u003d\"replaceable-license-text\"\u003e 4.\u003c/var\u003e\n        The names \u0026quot;openSEAL\u0026quot; and \u0026quot;Entessa\u0026quot; must not be used to endorse or promote products derived from this\n           software without prior written permission. For written permission, please contact\n           epl@entessa.com.\n      \u003c/li\u003e\n         \n\u003cli\u003e\n            \u003cvar class\u003d\"replaceable-license-text\"\u003e 5.\u003c/var\u003e\n        Products derived from this software may not be called \u0026quot;openSEAL\u0026quot;, nor may \u0026quot;openSEAL\u0026quot; appear in their\n           name, without prior written permission of Entessa.\n      \u003c/li\u003e\n      \n\u003c/ul\u003e\n      \u003cp\u003eTHIS SOFTWARE IS PROVIDED ``AS IS\u0026apos;\u0026apos; AND ANY EXPRESSED OR IMPLIED WARRANTIES, INCLUDING, BUT NOT LIMITED TO,\n       THE IMPLIED WARRANTIES OF MERCHANTABILITY AND FITNESS FOR A PARTICULAR PURPOSE ARE DISCLAIMED. IN NO EVENT\n       SHALL ENTESSA, LLC, OPENSEAL OR ITS CONTRIBUTORS BE LIABLE FOR ANY DIRECT, INDIRECT, INCIDENTAL, SPECIAL,\n       EXEMPLARY, OR CONSEQUENTIAL DAMAGES (INCLUDING, BUT NOT LIMITED TO, PROCUREMENT OF SUBSTITUTE GOODS OR\n       SERVICES; LOSS OF USE, DATA, OR PROFITS; OR BUSINESS INTERRUPTION) HOWEVER CAUSED AND ON ANY THEORY OF\n       LIABILITY, WHETHER IN CONTRACT, STRICT LIABILITY, OR TORT (INCLUDING NEGLIGENCE OR OTHERWISE) ARISING IN\n       ANY WAY OUT OF THE USE OF THIS SOFTWARE, EVEN IF ADVISED OF THE POSSIBILITY OF SUCH DAMAGE.\u003c/p\u003e\n\n      \u003cp\u003eThis software consists of voluntary contributions made by many individuals on behalf of openSEAL and was\n       originally based on software contributed by Entessa, LLC, http://www.entessa.com. For more information on\n       the openSEAL, please see \u0026lt;http://www.openseal.org/\u0026gt;.\u003c/p\u003e\n\n    "
}