{
  "isDeprecatedLicenseId": false,
  "licenseText": "Copyright (c) 1999-2002 Henrik Theiling\nLicence Version 2\n\nThis software is provided \u0027as-is\u0027, without warranty of any kind, express or implied. In no event will the authors or copyright holders be held liable for any damages arising from the use of this software.\n\nPermission is granted to anyone to use this software for any purpose, including commercial applications, and to alter it and redistribute it freely, subject to the following restrictions:\n\n     1. The origin of this software must not be misrepresented; you must not claim that you wrote the original software. If you use this software in a product, an acknowledgment in the product documentation would be appreciated.\n\n     2. Altered source versions must be plainly marked as such, and must not be misrepresented as being the original software.\n\n     3. You must not use any of the names of the authors or copyright holders of the original software for advertising or publicity pertaining to distribution without specific, written prior permission.\n\n     4. If you change this software and redistribute parts or all of it in any form, you must make the source code of the altered version of this software available.\n\n     5. This notice may not be removed or altered from any source distribution.\n\nThis licence is governed by the Laws of Germany. Disputes shall be settled by Saarbruecken City Court.\n",
  "standardLicenseTemplate": "\u003c\u003cvar;name\u003d\"copyright\";original\u003d\"Copyright (c) 1999-2002 Henrik Theiling  \";match\u003d\".{0,5000}\"\u003e\u003e\u003c\u003cbeginOptional\u003e\u003e \n\nLicence Version 2\n\n\u003c\u003cendOptional\u003e\u003e\n\nThis software is provided \u0027as-is\u0027, without warranty of any kind, express or implied. In no event will the authors or copyright holders be held liable for any damages arising from the use of this software.\n\nPermission is granted to anyone to use this software for any purpose, including commercial applications, and to alter it and redistribute it freely, subject to the following restrictions:\n\n   \u003c\u003cvar;name\u003d\"bullet\";original\u003d\"1.\";match\u003d\".{0,20}\"\u003e\u003e The origin of this software must not be misrepresented; you must not claim that you wrote the original software. If you use this software in a product, an acknowledgment in the product documentation would be appreciated.\n\n   \u003c\u003cvar;name\u003d\"bullet\";original\u003d\"2.\";match\u003d\".{0,20}\"\u003e\u003e Altered source versions must be plainly marked as such, and must not be misrepresented as being the original software.\n\n   \u003c\u003cvar;name\u003d\"bullet\";original\u003d\"3.\";match\u003d\".{0,20}\"\u003e\u003e You must not use any of the names of the authors or copyright holders of the original software for advertising or publicity pertaining to distribution without specific, written prior permission.\n\n   \u003c\u003cvar;name\u003d\"bullet\";original\u003d\"4.\";match\u003d\".{0,20}\"\u003e\u003e If you change this software and redistribute parts or all of it in any form, you must make the source code of the altered version of this software available.\n\n   \u003c\u003cvar;name\u003d\"bullet\";original\u003d\"5.\";match\u003d\".{0,20}\"\u003e\u003e This notice may not be removed or altered from any source distribution.\n\nThis licence is governed by the Laws of Germany. Disputes shall be settled by Saarbruecken City Court.\n\n",
  "name": "Eurosym License",
  "licenseId": "Eurosym",
  "crossRef": [
    {
      "match": "false",
      "url": "https://fedoraproject.org/wiki/Licensing/Eurosym",
      "isValid": true,
      "isLive": true,
      "timestamp": "2024-02-08T16:41:52Z",
      "isWayBackLink": false,
      "order": 0
    }
  ],
  "seeAlso": [
    "https://fedoraproject.org/wiki/Licensing/Eurosym"
  ],
  "isOsiApproved": false,
  "licenseTextHtml": "\n      \u003cdiv class\u003d\"replaceable-license-text\"\u003e \n         \u003cp\u003eCopyright (c) 1999-2002 Henrik Theiling\u003c/p\u003e\n\n      \u003c/div\u003e\n      \u003cvar class\u003d\"optional-license-text\"\u003e \n         \u003cbr /\u003e\n\nLicence Version 2\n      \u003cbr /\u003e\n\n      \u003c/var\u003e\n\n      \u003cp\u003eThis software is provided \u0026apos;as-is\u0026apos;, without warranty of any kind, express or implied. In no\n         event will the authors or copyright holders be held liable for any damages arising from the use of\n         this software.\u003c/p\u003e\n\n      \u003cp\u003ePermission is granted to anyone to use this software for any purpose, including commercial applications,\n         and to alter it and redistribute it freely, subject to the following restrictions:\u003c/p\u003e\n\n\u003cul style\u003d\"list-style:none\"\u003e\n        \n\u003cli\u003e\n            \u003cvar class\u003d\"replaceable-license-text\"\u003e 1.\u003c/var\u003e\n          The origin of this software must not be misrepresented; you must not claim that you wrote the\n             original software. If you use this software in a product, an acknowledgment in the product\n             documentation would be appreciated.\n        \u003c/li\u003e\n        \n\u003cli\u003e\n            \u003cvar class\u003d\"replaceable-license-text\"\u003e 2.\u003c/var\u003e\n          Altered source versions must be plainly marked as such, and must not be misrepresented as\n             being the original software.\n        \u003c/li\u003e\n        \n\u003cli\u003e\n            \u003cvar class\u003d\"replaceable-license-text\"\u003e 3.\u003c/var\u003e\n          You must not use any of the names of the authors or copyright holders of the original\n             software for advertising or publicity pertaining to distribution without specific, written\n             prior permission.\n        \u003c/li\u003e\n        \n\u003cli\u003e\n            \u003cvar class\u003d\"replaceable-license-text\"\u003e 4.\u003c/var\u003e\n          If you change this software and redistribute parts or all of it in any form, you must make\n             the source code of the altered version of this software available.\n        \u003c/li\u003e\n        \n\u003cli\u003e\n            \u003cvar class\u003d\"replaceable-license-text\"\u003e 5.\u003c/var\u003e\n          This notice may not be removed or altered from any source distribution.\n        \u003c/li\u003e\n      \n\u003c/ul\u003e\n      \u003cp\u003eThis licence is governed by the Laws of Germany. Disputes shall be settled by Saarbruecken City Court.\u003c/p\u003e\n\n    "
}