{
  "isDeprecatedLicenseId": false,
  "isFsfLibre": true,
  "licenseText": "Historical Permission Notice and Disclaimer\n\nCopyright \u003cyear\u003e \u003ccopyright holder\u003e\n\nPermission to use, copy, modify, and distribute this software and its documentation for any purpose and without fee is hereby granted, provided that the above copyright notice appear in all copies, and that both that copyright notice and this permission notice appear in supporting documentation, and that the name of \u003ccopyright holder\u003e or \u003crelated entities\u003e not be used in advertising or publicity pertaining to distribution of the software without specific, written prior permission. \u003ccopyright holder\u003e makes no representations about the suitability of this software for any purpose. It is provided \"as is\" without express or implied warranty.\n\n\u003ccopyright holder\u003e DISCLAIMS ALL WARRANTIES WITH REGARD TO THIS SOFTWARE, INCLUDING ALL IMPLIED WARRANTIES OF MERCHANTABILITY AND FITNESS,. IN NO EVENT SHALL \u003ccopyright holder\u003e BE LIABLE FOR ANY SPECIAL, INDIRECT OR CONSEQUENTIAL DAMAGES OR ANY DAMAGES WHATSOEVER RESULTING FROM LOSS OF USE, DATA OR PROFITS, WHETHER IN AN ACTION OF CONTRACT, NEGLIGENCE OR OTHER TORTIOUS ACTION, ARISING OUT OF OR IN CONNECTION WITH THE USE OR PERFORMANCE OF THIS SOFTWARE.\n",
  "standardLicenseTemplate": "\u003c\u003cbeginOptional\u003e\u003eHistorical Permission Notice and Disclaimer\n\n\u003c\u003cendOptional\u003e\u003e \u003c\u003cvar;name\u003d\"copyright\";original\u003d\"Copyright \u003cyear\u003e \u003ccopyright holder\u003e  \";match\u003d\".{0,5000}\"\u003e\u003e\n\nPermission to use, copy, modify\u003c\u003cbeginOptional\u003e\u003e,\u003c\u003cendOptional\u003e\u003eand distribute this software\u003c\u003cbeginOptional\u003e\u003e and its documentation\u003c\u003cendOptional\u003e\u003e for any purpose and without fee is hereby granted\u003c\u003cbeginOptional\u003e\u003e,\u003c\u003cendOptional\u003e\u003eprovided that the above copyright notice \u003c\u003cvar;name\u003d\"appear\";original\u003d\"appear\";match\u003d\"appear|appears\"\u003e\u003e in all copies\u003c\u003cbeginOptional\u003e\u003e, \u003c\u003cendOptional\u003e\u003e\u003c\u003cbeginOptional\u003e\u003e and\u003c\u003cendOptional\u003e\u003e that both \u003c\u003cvar;name\u003d\"that\";original\u003d\"that\";match\u003d\"that|the\"\u003e\u003e copyright notice and this permission notice appear in supporting documentation\u003c\u003cbeginOptional\u003e\u003e , and that the \u003c\u003cvar;name\u003d\"name\";original\u003d\"name\";match\u003d\"name|names\"\u003e\u003e\u003c\u003cbeginOptional\u003e\u003e of\u003c\u003cendOptional\u003e\u003e \u003c\u003cvar;name\u003d\"copyrightHolder0\";original\u003d\"\u003ccopyright holder\u003e\";match\u003d\".*\"\u003e\u003e \u003c\u003cvar;name\u003d\"orRelated\";original\u003d\"\u003cor related entities\u003e\";match\u003d\".*\"\u003e\u003e not be used in advertising or publicity pertaining to distribution of the software without specific, written prior permission\u003c\u003cendOptional\u003e\u003e .\u003c\u003cbeginOptional\u003e\u003e \u003c\u003cvar;name\u003d\"copyrightHolder1\";original\u003d\"\u003ccopyright holder\u003e\";match\u003d\".*\"\u003e\u003e makes no representations about the suitability of this software for any purpose. \u003c\u003cvar;name\u003d\"subject\";original\u003d\"It\";match\u003d\"It|This software\"\u003e\u003e is provided \"as is\" without express or implied warranty.\u003c\u003cendOptional\u003e\u003e\n\n\u003c\u003cbeginOptional\u003e\u003e\u003c\u003cvar;name\u003d\"copyrightHolder2\";original\u003d\"\u003ccopyright holder\u003e\";match\u003d\".*\"\u003e\u003e \u003c\u003cvar;name\u003d\"disclaim\";original\u003d\"DISCLAIMS\";match\u003d\"DISCLAIMS?\"\u003e\u003e ALL WARRANTIES WITH REGARD TO THIS SOFTWARE, INCLUDING ALL IMPLIED WARRANTIES OF MERCHANTABILITY AND FITNESS \u003c\u003cvar;name\u003d\"period\";original\u003d\".\";match\u003d\"[.,]*\"\u003e\u003e IN NO EVENT SHALL \u003c\u003cvar;name\u003d\"copyrightHolder3\";original\u003d\"\u003ccopyright holder\u003e\";match\u003d\".*\"\u003e\u003e BE LIABLE FOR ANY SPECIAL, INDIRECT OR \u003c\u003cvar;name\u003d\"consequential\";original\u003d\"CONSEQUENTIAL\";match\u003d\"CONSEQUENTIAL|COSEQUENTIAL\"\u003e\u003e DAMAGES OR ANY DAMAGES WHATSOEVER RESULTING FROM LOSS OF USE, DATA OR PROFITS, WHETHER IN AN ACTION OF CONTRACT, NEGLIGENCE OR OTHER TORTIOUS ACTION, ARISING OUT OF OR IN CONNECTION WITH THE USE OR PERFORMANCE OF THIS SOFTWARE.\n\n\u003c\u003cendOptional\u003e\u003e",
  "name": "Historical Permission Notice and Disclaimer",
  "licenseComments": "This license has been voluntarily deprecated by its author. Original license submission in 2002 was intended to provide a template distilled from permission notices used in many packages. As per the original notes, \"It may be possible to construct a grammatically incorrect license from this template, or one that lacks a disclaimer, or one that includes a double-disclaimer. That is acceptable, as long as it remains impossible to construct a non-OSD-compliant license that matches the pattern.\"",
  "licenseId": "HPND",
  "crossRef": [
    {
      "match": "N/A",
      "url": "https://opensource.org/licenses/HPND",
      "isValid": true,
      "isLive": true,
      "timestamp": "2024-02-08T16:43:26Z",
      "isWayBackLink": false,
      "order": 0
    },
    {
      "match": "false",
      "url": "http://lists.opensource.org/pipermail/license-discuss_lists.opensource.org/2002-November/006304.html",
      "isValid": true,
      "isLive": true,
      "timestamp": "2024-02-08T16:43:26Z",
      "isWayBackLink": false,
      "order": 1
    }
  ],
  "seeAlso": [
    "https://opensource.org/licenses/HPND",
    "http://lists.opensource.org/pipermail/license-discuss_lists.opensource.org/2002-November/006304.html"
  ],
  "isOsiApproved": true,
  "licenseTextHtml": "\n      \u003cdiv class\u003d\"optional-license-text\"\u003e \n         \u003cp\u003eHistorical Permission Notice and Disclaimer\u003c/p\u003e\n\n      \u003c/div\u003e\n      \u003cdiv class\u003d\"replaceable-license-text\"\u003e \n         \u003cp\u003eCopyright \u0026lt;year\u0026gt; \u0026lt;copyright holder\u0026gt;\u003c/p\u003e\n\n      \u003c/div\u003e\n\n      \u003cp\u003ePermission to use, copy, modify\u003cvar class\u003d\"optional-license-text\"\u003e,\u003c/var\u003e and distribute this software \u003cvar class\u003d\"optional-license-text\"\u003e and its documentation\u003c/var\u003e for any purpose and\n         without fee is hereby granted\u003cvar class\u003d\"optional-license-text\"\u003e,\u003c/var\u003e provided that the above copyright notice \u003cvar class\u003d\"replaceable-license-text\"\u003e appear\u003c/var\u003e in all copies\u003cvar class\u003d\"optional-license-text\"\u003e, \u003c/var\u003e\n         \u003cvar class\u003d\"optional-license-text\"\u003e and\u003c/var\u003e that both \u003cvar class\u003d\"replaceable-license-text\"\u003e that\u003c/var\u003e\n          copyright notice\n         and this permission notice appear in supporting documentation\u003cvar class\u003d\"optional-license-text\"\u003e , and that the \u003cvar class\u003d\"replaceable-license-text\"\u003e name\u003c/var\u003e \u003cvar class\u003d\"optional-license-text\"\u003e of\u003c/var\u003e\n            \u003cvar class\u003d\"replaceable-license-text\"\u003e \u0026lt;copyright holder\u0026gt;\u003c/var\u003e\n            \u003cvar class\u003d\"replaceable-license-text\"\u003e \u0026lt;or related entities\u0026gt;\u003c/var\u003e\n         not be used in advertising or publicity pertaining to distribution of the software without specific, written\n         prior permission\u003c/var\u003e. \n         \u003cvar class\u003d\"optional-license-text\"\u003e \u003cvar class\u003d\"replaceable-license-text\"\u003e \u0026lt;copyright holder\u0026gt;\u003c/var\u003e \n         makes no representations about the suitability of this software for any purpose. \n         \u003cvar class\u003d\"replaceable-license-text\"\u003e It\u003c/var\u003e \n         is provided \u0026quot;as is\u0026quot; without express or implied warranty.\u003c/var\u003e\n      \u003c/p\u003e\n\n      \u003cdiv class\u003d\"optional-license-text\"\u003e \n        \u003cp\u003e\n            \u003cvar class\u003d\"replaceable-license-text\"\u003e \u0026lt;copyright holder\u0026gt;\u003c/var\u003e \u003cvar class\u003d\"replaceable-license-text\"\u003e DISCLAIMS\u003c/var\u003e ALL WARRANTIES WITH REGARD TO THIS SOFTWARE, INCLUDING\n           ALL IMPLIED WARRANTIES OF MERCHANTABILITY AND FITNESS\u003cvar class\u003d\"replaceable-license-text\"\u003e .\u003c/var\u003e IN NO EVENT SHALL\n           \u003cvar class\u003d\"replaceable-license-text\"\u003e \u0026lt;copyright holder\u0026gt;\u003c/var\u003e BE LIABLE FOR ANY SPECIAL, INDIRECT OR \u003cvar class\u003d\"replaceable-license-text\"\u003e CONSEQUENTIAL\u003c/var\u003e DAMAGES\n           OR ANY DAMAGES WHATSOEVER RESULTING FROM LOSS OF USE, DATA OR PROFITS, WHETHER IN AN ACTION OF CONTRACT,\n           NEGLIGENCE OR OTHER TORTIOUS ACTION, ARISING OUT OF OR IN CONNECTION WITH THE USE OR PERFORMANCE OF THIS SOFTWARE.\u003c/p\u003e\n\n      \u003c/div\u003e\n    "
}