{
  "isDeprecatedLicenseId": false,
  "licenseText": "The authors make NO WARRANTY or representation, either express or\nimplied, with respect to this software, its quality, accuracy,\nmerchantability, or fitness for a particular purpose.  This software is\nprovided \"AS IS\", and you, its user, assume the entire risk as to its\nquality and accuracy.\n\nThis software is copyright (C) 1991, 1992, Thomas G. Lane.  All Rights\nReserved except as specified below.\n\nPermission is hereby granted to use, copy, modify, and distribute this\nsoftware (or portions thereof) for any purpose, without fee, subject to\nthese conditions:  \n\n(1) If any part of the source code for this software\nis distributed, then this README file must be included, with this\ncopyright and no-warranty notice unaltered; and any additions,\ndeletions, or changes to the original files must be clearly indicated\nin accompanying documentation.  \n\n(2) If only executable code is\ndistributed, then the accompanying documentation must state that \"this\nsoftware is based in part on the work of the Independent JPEG Group\".\n\n(3) Permission for use of this software is granted only if the user\naccepts full responsibility for any undesirable consequences; the\nauthors accept NO LIABILITY for damages of any kind.\n\nPermission is NOT granted for the use of any IJG author\u0027s name or\ncompany name in advertising or publicity relating to this software or\nproducts derived from it.  This software may be referred to only as\n\"the Independent JPEG Group\u0027s software\".\n\nWe specifically permit and encourage the use of this software as the\nbasis of commercial products, provided that all warranty or liability\nclaims are assumed by the product vendor.\n",
  "standardLicenseTemplate": "The authors make NO WARRANTY or representation, either express or implied, with respect to this software, its quality, accuracy, merchantability, or fitness for a particular purpose. This software is provided \"AS IS\", and you, its user, assume the entire risk as to its quality and accuracy.\n\nThis software is copyright (C) 1991, 1992, Thomas G. Lane. All Rights Reserved except as specified below.\n\nPermission is hereby granted to use, copy, modify, and distribute this software (or portions thereof) for any purpose, without fee, subject to these conditions:\n\n   \u003c\u003cvar;name\u003d\"bullet\";original\u003d\"(1)\";match\u003d\".{0,20}\"\u003e\u003e If any part of the source code for this software is distributed, then this README file must be included, with this copyright and no-warranty notice unaltered; and any additions, deletions, or changes to the original files must be clearly indicated in accompanying documentation.\n\n   \u003c\u003cvar;name\u003d\"bullet\";original\u003d\"(2)\";match\u003d\".{0,20}\"\u003e\u003e If only executable code is distributed, then the accompanying documentation must state that \"this software is based in part on the work of the Independent JPEG Group\".\n\n   \u003c\u003cvar;name\u003d\"bullet\";original\u003d\"(3)\";match\u003d\".{0,20}\"\u003e\u003e Permission for use of this software is granted only if the user accepts full responsibility for any undesirable consequences; the authors accept NO LIABILITY for damages of any kind.\n\nPermission is NOT granted for the use of any IJG author\u0027s name or company name in advertising or publicity relating to this software or products derived from it. This software may be referred to only as \"the Independent JPEG Group\u0027s software\".\n\nWe specifically permit and encourage the use of this software as the basis of commercial products, provided that all warranty or liability claims are assumed by the product vendor.\n\n",
  "name": "Independent JPEG Group License - short",
  "licenseComments": "This license is a shorter, presumably earlier version of IJG",
  "licenseId": "IJG-short",
  "crossRef": [
    {
      "match": "false",
      "url": "https://sourceforge.net/p/xmedcon/code/ci/master/tree/libs/ljpg/",
      "isValid": true,
      "isLive": true,
      "timestamp": "2024-02-08T16:39:18Z",
      "isWayBackLink": false,
      "order": 0
    }
  ],
  "seeAlso": [
    "https://sourceforge.net/p/xmedcon/code/ci/master/tree/libs/ljpg/"
  ],
  "isOsiApproved": false,
  "licenseTextHtml": "\n      \u003cp\u003eThe authors make NO WARRANTY or representation, either express or implied, with respect to this software,\n         its quality, accuracy, merchantability, or fitness for a particular purpose. This software is provided\n         \u0026quot;AS IS\u0026quot;, and you, its user, assume the entire risk as to its quality and accuracy.\u003c/p\u003e\n\n      \u003cp\u003eThis software is copyright (C) 1991, 1992, Thomas G. Lane. All Rights Reserved except as specified below.\u003c/p\u003e\n\n      \u003cp\u003ePermission is hereby granted to use, copy, modify, and distribute this software (or portions thereof) for\n         any purpose, without fee, subject to these conditions:\u003c/p\u003e\n\n\u003cul style\u003d\"list-style:none\"\u003e\n        \n\u003cli\u003e\n            \u003cvar class\u003d\"replaceable-license-text\"\u003e (1)\u003c/var\u003e\n          If any part of the source code for this software is distributed, then this README file must\n             be included, with this copyright and no-warranty notice unaltered; and any additions,\n             deletions, or changes to the original files must be clearly indicated in accompanying\n             documentation.\n        \u003c/li\u003e\n        \n\u003cli\u003e\n            \u003cvar class\u003d\"replaceable-license-text\"\u003e (2)\u003c/var\u003e\n          If only executable code is distributed, then the accompanying documentation must state that\n             \u0026quot;this software is based in part on the work of the Independent JPEG Group\u0026quot;.\n        \u003c/li\u003e\n        \n\u003cli\u003e\n            \u003cvar class\u003d\"replaceable-license-text\"\u003e (3)\u003c/var\u003e\n          Permission for use of this software is granted only if the user accepts full responsibility\n             for any undesirable consequences; the authors accept NO LIABILITY for damages of any\n             kind.\n        \u003c/li\u003e\n      \n\u003c/ul\u003e\n      \u003cp\u003ePermission is NOT granted for the use of any IJG author\u0026apos;s name or company name in advertising or\n         publicity relating to this software or products derived from it. This software may be referred to only\n         as \u0026quot;the Independent JPEG Group\u0026apos;s software\u0026quot;.\u003c/p\u003e\n\n      \u003cp\u003eWe specifically permit and encourage the use of this software as the basis of commercial products,\n         provided that all warranty or liability claims are assumed by the product vendor.\u003c/p\u003e\n\n    "
}