{
  "isDeprecatedLicenseId": false,
  "licenseText": "Copyright (C) 1999 Kaz Kylheku \n\nFree Software License: \nAll rights are reserved by the author, with the following exceptions: Permission is granted to freely reproduce and distribute this software, possibly in exchange for a fee, provided that this copyright notice appears intact. Permission is also granted to adapt this software to produce derivative works, as long as the modified versions carry this copyright notice and additional notices stating that the work has been modified. This source code may be translated into executable form and incorporated into proprietary software; there is no requirement for such software to contain a copyright notice related to this source.\n",
  "standardLicenseTemplate": "\u003c\u003cvar;name\u003d\"copyright\";original\u003d\"Copyright (C) 1999 Kaz Kylheku \u003ckaz@ashi.footprints.net\u003e\";match\u003d\".{0,5000}\"\u003e\u003e\n\nFree Software License:\n\nAll rights are reserved by the author, with the following exceptions: Permission is granted to freely reproduce and distribute this software, possibly in exchange for a fee, provided that this copyright notice appears intact. Permission is also granted to adapt this software to produce derivative works, as long as the modified versions carry this copyright notice and additional notices stating that the work has been modified. This source code may be translated into executable form and incorporated into proprietary software; there is no requirement for such software to contain a copyright notice related to this source.\n\n",
  "name": "Kazlib License",
  "licenseId": "Kazlib",
  "crossRef": [
    {
      "match": "false",
      "url": "http://git.savannah.gnu.org/cgit/kazlib.git/tree/except.c?id\u003d0062df360c2d17d57f6af19b0e444c51feb99036",
      "isValid": true,
      "isLive": true,
      "timestamp": "2024-02-08T16:32:45Z",
      "isWayBackLink": false,
      "order": 0
    }
  ],
  "seeAlso": [
    "http://git.savannah.gnu.org/cgit/kazlib.git/tree/except.c?id\u003d0062df360c2d17d57f6af19b0e444c51feb99036"
  ],
  "isOsiApproved": false,
  "licenseTextHtml": "\n         \u003cvar class\u003d\"replaceable-license-text\"\u003e \n            Copyright (C) 1999 Kaz Kylheku \u0026lt;kaz@ashi.footprints.net\u0026gt;\n         \u003c/var\u003e\n         \u003cp\u003e\n            Free Software License:\n         \u003c/p\u003e\n\n         \u003cp\u003e\n            All rights are reserved by the author, with the following\n            exceptions: Permission is granted to freely reproduce and distribute\n            this software, possibly in exchange for a fee, provided that\n            this copyright notice appears intact. Permission is also granted\n            to adapt this software to produce derivative works, as long as\n            the modified versions carry this copyright notice and additional\n            notices stating that the work has been modified. This source\n            code may be translated into executable form and incorporated\n            into proprietary software; there is no requirement for such\n            software to contain a copyright notice related to this source.\n         \u003c/p\u003e\n\n      "
}