{
  "isDeprecatedLicenseId": false,
  "licenseText": "The MirOS Licence\n\nCopyright [YEAR] [NAME] [EMAIL]\n\nProvided that these terms and disclaimer and all copyright notices are retained or reproduced in an accompanying document, permission is granted to deal in this work without restriction, including unlimited rights to use, publicly perform, distribute, sell, modify, merge, give away, or sublicence.\n\nThis work is provided \"AS IS\" and WITHOUT WARRANTY of any kind, to the utmost extent permitted by applicable law, neither express nor implied; without malicious intent or gross negligence. In no event may a licensor, author or contributor be held liable for indirect, direct, other damage, loss, or other issues arising in any way out of dealing in the work, even if advised of the possibility of such damage or existence of a defect, except proven that it results out of said person\u0027s immediate fault when using the work as intended.\n\n",
  "standardLicenseTemplate": "\u003c\u003cbeginOptional\u003e\u003eThe MirOS Licence\n\n\u003c\u003cendOptional\u003e\u003e \u003c\u003cvar;name\u003d\"copyright\";original\u003d\"Copyright [YEAR] [NAME] [EMAIL]  \";match\u003d\".{0,5000}\"\u003e\u003e\n\nProvided that these terms and disclaimer and all copyright notices are retained or reproduced in an accompanying document, permission is granted to deal in this work without restriction, including unlimited rights to use, publicly perform, distribute, sell, modify, merge, give away, or sublicence.\n\nThis work is provided \"AS IS\" and WITHOUT WARRANTY of any kind, to the utmost extent permitted by applicable law, neither express nor implied; without malicious intent or gross negligence. In no event may a licensor, author or contributor be held liable for indirect, direct, other damage, loss, or other issues arising in any way out of dealing in the work, even if advised of the possibility of such damage or existence of a defect, except proven that it results out of said person\u0027s immediate fault when using the work as intended.\n\n",
  "name": "The MirOS Licence",
  "licenseId": "MirOS",
  "crossRef": [
    {
      "match": "N/A",
      "url": "https://opensource.org/licenses/MirOS",
      "isValid": true,
      "isLive": true,
      "timestamp": "2024-02-08T16:30:13Z",
      "isWayBackLink": false,
      "order": 0
    }
  ],
  "seeAlso": [
    "https://opensource.org/licenses/MirOS"
  ],
  "isOsiApproved": true,
  "licenseTextHtml": "\n      \u003cdiv class\u003d\"optional-license-text\"\u003e \n         \u003cp\u003eThe MirOS Licence\u003c/p\u003e\n\n      \u003c/div\u003e\n      \u003cdiv class\u003d\"replaceable-license-text\"\u003e \n         \u003cp\u003eCopyright [YEAR] [NAME] [EMAIL]\n      \u003c/p\u003e\n\n      \u003c/div\u003e\n\n      \u003cp\u003eProvided that these terms and disclaimer and all copyright notices are retained or reproduced in an\n         accompanying document, permission is granted to deal in this work without restriction, including\n         unlimited rights to use, publicly perform, distribute, sell, modify, merge, give away, or\n         sublicence.\u003c/p\u003e\n\n      \u003cp\u003eThis work is provided \u0026quot;AS IS\u0026quot; and WITHOUT WARRANTY of any kind, to the utmost extent permitted by\n         applicable law, neither express nor implied; without malicious intent or gross negligence. In no event\n         may a licensor, author or contributor be held liable for indirect, direct, other damage, loss, or\n         other issues arising in any way out of dealing in the work, even if advised of the possibility of such\n         damage or existence of a defect, except proven that it results out of said person\u0026apos;s immediate fault\n         when using the work as intended.\u003c/p\u003e\n\n    "
}