{
  "isDeprecatedLicenseId": false,
  "licenseText": "Permission is hereby granted, free of charge, to use and distribute\nthis software and its documentation without restriction, including\nwithout limitation the rights to use, copy, modify, merge, publish,\ndistribute, sublicense, and/or sell copies of this work, and to\npermit persons to whom this work is furnished to do so, subject to\nthe following conditions:\n1. The code must retain the above copyright notice, this list of\nconditions and the following disclaimer.\n2. Any modifications must be clearly marked as such.\n3. Original authors\u0027 names are not deleted.\n4. The authors\u0027 names are not used to endorse or promote products\nderived from this software without specific prior written\npermission.\nTHE UNIVERSITY OF EDINBURGH AND THE CONTRIBUTORS TO THIS WORK\nDISCLAIM ALL WARRANTIES WITH REGARD TO THIS SOFTWARE, INCLUDING\nALL IMPLIED WARRANTIES OF MERCHANTABILITY AND FITNESS, IN NO EVENT\nSHALL THE UNIVERSITY OF EDINBURGH NOR THE CONTRIBUTORS BE LIABLE\nFOR ANY SPECIAL, INDIRECT OR CONSEQUENTIAL DAMAGES OR ANY DAMAGES\nWHATSOEVER RESULTING FROM LOSS OF USE, DATA OR PROFITS, WHETHER IN\nAN ACTION OF CONTRACT, NEGLIGENCE OR OTHER TORTIOUS ACTION,\nARISING OUT OF OR IN CONNECTION WITH THE USE OR PERFORMANCE OF\nTHIS SOFTWARE.\n",
  "standardLicenseTemplate": "Permission is hereby granted, free of charge, to use and distribute this software and its documentation without restriction, including without limitation the rights to use, copy, modify, merge, publish, distribute, sublicense, and/or sell copies of this work, and to permit persons to whom this work is furnished to do so, subject to the following conditions:\n\n   \u003c\u003cvar;name\u003d\"bullet\";original\u003d\"1.\";match\u003d\".{0,20}\"\u003e\u003e The code must retain the above copyright notice, this list of conditions and the following disclaimer.\n\n   \u003c\u003cvar;name\u003d\"bullet\";original\u003d\"2.\";match\u003d\".{0,20}\"\u003e\u003e Any modifications must be clearly marked as such.\n\n   \u003c\u003cvar;name\u003d\"bullet\";original\u003d\"3.\";match\u003d\".{0,20}\"\u003e\u003e Original authors\u0027 names are not deleted.\n\n   \u003c\u003cvar;name\u003d\"bullet\";original\u003d\"4.\";match\u003d\".{0,20}\"\u003e\u003e The authors\u0027 names are not used to endorse or promote products derived from this software without specific prior written permission.\n\n\u003c\u003cvar;name\u003d\"institution\";original\u003d\"THE UNIVERSITY OF EDINBURGH\";match\u003d\"THE UNIVERSITY OF EDINBURGH|CARNEGIE MELLON UNIVERSITY\"\u003e\u003e AND THE CONTRIBUTORS TO THIS WORK DISCLAIM ALL WARRANTIES WITH REGARD TO THIS SOFTWARE, INCLUDING ALL IMPLIED WARRANTIES OF MERCHANTABILITY AND FITNESS, IN NO EVENT SHALL THE UNIVERSITY OF EDINBURGH NOR THE CONTRIBUTORS BE LIABLE FOR ANY SPECIAL, INDIRECT OR CONSEQUENTIAL DAMAGES OR ANY DAMAGES WHATSOEVER RESULTING FROM LOSS OF USE, DATA OR PROFITS, WHETHER IN AN ACTION OF CONTRACT, NEGLIGENCE OR OTHER TORTIOUS ACTION, ARISING OUT OF OR IN CONNECTION WITH THE USE OR PERFORMANCE OF THIS SOFTWARE.\n\n",
  "name": "MIT Festival Variant",
  "licenseId": "MIT-Festival",
  "crossRef": [
    {
      "match": "false",
      "url": "https://github.com/festvox/speech_tools/blob/master/COPYING",
      "isValid": true,
      "isLive": true,
      "timestamp": "2024-02-08T16:42:15Z",
      "isWayBackLink": false,
      "order": 1
    },
    {
      "match": "false",
      "url": "https://github.com/festvox/flite/blob/master/COPYING",
      "isValid": true,
      "isLive": true,
      "timestamp": "2024-02-08T16:42:16Z",
      "isWayBackLink": false,
      "order": 0
    }
  ],
  "seeAlso": [
    "https://github.com/festvox/flite/blob/master/COPYING",
    "https://github.com/festvox/speech_tools/blob/master/COPYING"
  ],
  "isOsiApproved": false,
  "licenseTextHtml": "\n      \u003cp\u003ePermission is hereby granted, free of charge, to use and distribute\nthis software and its documentation without restriction, including\nwithout limitation the rights to use, copy, modify, merge, publish,\ndistribute, sublicense, and/or sell copies of this work, and to\npermit persons to whom this work is furnished to do so, subject to\nthe following conditions:\u003c/p\u003e\n\n\u003cul style\u003d\"list-style:none\"\u003e\n\n\u003cli\u003e\u003cvar class\u003d\"replaceable-license-text\"\u003e 1.\u003c/var\u003e The code must retain the above copyright notice, this list of\nconditions and the following disclaimer.\u003c/li\u003e\n\n\u003cli\u003e\u003cvar class\u003d\"replaceable-license-text\"\u003e 2.\u003c/var\u003e Any modifications must be clearly marked as such.\u003c/li\u003e\n\n\u003cli\u003e\u003cvar class\u003d\"replaceable-license-text\"\u003e 3.\u003c/var\u003e Original authors\u0026apos; names are not deleted.\u003c/li\u003e\n\n\u003cli\u003e\u003cvar class\u003d\"replaceable-license-text\"\u003e 4.\u003c/var\u003e The authors\u0026apos; names are not used to endorse or promote products\nderived from this software without specific prior written\npermission.\u003c/li\u003e\n\n\u003c/ul\u003e\n\u003cp\u003e\u003cvar class\u003d\"replaceable-license-text\"\u003e THE UNIVERSITY OF EDINBURGH\u003c/var\u003e AND THE CONTRIBUTORS TO THIS WORK\nDISCLAIM ALL WARRANTIES WITH REGARD TO THIS SOFTWARE, INCLUDING\nALL IMPLIED WARRANTIES OF MERCHANTABILITY AND FITNESS, IN NO EVENT\nSHALL THE UNIVERSITY OF EDINBURGH NOR THE CONTRIBUTORS BE LIABLE\nFOR ANY SPECIAL, INDIRECT OR CONSEQUENTIAL DAMAGES OR ANY DAMAGES\nWHATSOEVER RESULTING FROM LOSS OF USE, DATA OR PROFITS, WHETHER IN\nAN ACTION OF CONTRACT, NEGLIGENCE OR OTHER TORTIOUS ACTION,\nARISING OUT OF OR IN CONNECTION WITH THE USE OR PERFORMANCE OF\nTHIS SOFTWARE.\u003c/p\u003e\n\n      "
}