{
  "isDeprecatedLicenseId": false,
  "licenseText": "NAUMEN Public License\n\nThis software is Copyright (c) NAUMEN (tm) and Contributors. All rights reserved.\n\nRedistribution and use in source and binary forms, with or without modification, are permitted provided that the following conditions are met:\n\n1. Redistributions in source code must retain the above copyright notice, this list of conditions, and the following disclaimer.\n\n2. Redistributions in binary form must reproduce the above copyright notice, this list of conditions, and the following disclaimer in the documentation and/or other materials provided with the distribution.\n\n3. The name NAUMEN (tm) must not be used to endorse or promote products derived from this software without prior written permission from NAUMEN.\n\n4. The right to distribute this software or to use it for any purpose does not give you the right to use Servicemarks (sm) or Trademarks (tm) of NAUMEN.\n\n5. If any files originating from NAUMEN or Contributors are modified, you must cause the modified files to carry prominent notices stating that you changed the files and the date of any change.\n\nDisclaimer:\n\nTHIS SOFTWARE IS PROVIDED BY NAUMEN \"AS IS\" AND ANY EXPRESSED OR IMPLIED WARRANTIES, INCLUDING, BUT NOT LIMITED TO, THE IMPLIED WARRANTIES OF MERCHANTABILITY AND FITNESS FOR A PARTICULAR PURPOSE ARE DISCLAIMED. IN NO EVENT SHALL NAUMEN OR ITS CONTRIBUTORS BE LIABLE FOR ANY DIRECT, INDIRECT, INCIDENTAL, SPECIAL, EXEMPLARY, OR CONSEQUENTIAL DAMAGES (INCLUDING, BUT NOT LIMITED TO, PROCUREMENT OF SUBSTITUTE GOODS OR SERVICES; LOSS OF USE, DATA, OR PROFITS; OR BUSINESS INTERRUPTION) HOWEVER CAUSED AND ON ANY THEORY OF LIABILITY, WHETHER IN CONTRACT, STRICT LIABILITY, OR TORT (INCLUDING NEGLIGENCE OR OTHERWISE) ARISING IN ANY WAY OUT OF THE USE OF THIS SOFTWARE, EVEN IF ADVISED OF THE POSSIBILITY OF SUCH DAMAGE.\n\nThis software consists of contributions made by NAUMEN and Contributors. Specific attributions are listed in the accompanying credits file.\n",
  "standardLicenseTemplate": "\u003c\u003cbeginOptional\u003e\u003eNAUMEN Public License\n\n\u003c\u003cendOptional\u003e\u003e \u003c\u003cvar;name\u003d\"copyright\";original\u003d\"This software is Copyright (c) NAUMEN (tm) and Contributors. All rights reserved.  \";match\u003d\".{0,5000}\"\u003e\u003e\n\nRedistribution and use in source and binary forms, with or without modification, are permitted provided that the following conditions are met:\n\n   \u003c\u003cvar;name\u003d\"bullet\";original\u003d\"1.\";match\u003d\".{0,20}\"\u003e\u003e Redistributions in source code must retain the above copyright notice, this list of conditions, and the following disclaimer.\n\n   \u003c\u003cvar;name\u003d\"bullet\";original\u003d\"2.\";match\u003d\".{0,20}\"\u003e\u003e Redistributions in binary form must reproduce the above copyright notice, this list of conditions, and the following disclaimer in the documentation and/or other materials provided with the distribution.\n\n   \u003c\u003cvar;name\u003d\"bullet\";original\u003d\"3.\";match\u003d\".{0,20}\"\u003e\u003e The name NAUMEN (tm) must not be used to endorse or promote products derived from this software without prior written permission from NAUMEN.\n\n   \u003c\u003cvar;name\u003d\"bullet\";original\u003d\"4.\";match\u003d\".{0,20}\"\u003e\u003e The right to distribute this software or to use it for any purpose does not give you the right to use Servicemarks (sm) or Trademarks (tm) of NAUMEN.\n\n   \u003c\u003cvar;name\u003d\"bullet\";original\u003d\"5.\";match\u003d\".{0,20}\"\u003e\u003e If any files originating from NAUMEN or Contributors are modified, you must cause the modified files to carry prominent notices stating that you changed the files and the date of any change.\n\nDisclaimer:\n\nTHIS SOFTWARE IS PROVIDED BY NAUMEN \"AS IS\" AND ANY EXPRESSED OR IMPLIED WARRANTIES, INCLUDING, BUT NOT LIMITED TO, THE IMPLIED WARRANTIES OF MERCHANTABILITY AND FITNESS FOR A PARTICULAR PURPOSE ARE DISCLAIMED. IN NO EVENT SHALL NAUMEN OR ITS CONTRIBUTORS BE LIABLE FOR ANY DIRECT, INDIRECT, INCIDENTAL, SPECIAL, EXEMPLARY, OR CONSEQUENTIAL DAMAGES (INCLUDING, BUT NOT LIMITED TO, PROCUREMENT OF SUBSTITUTE GOODS OR SERVICES; LOSS OF USE, DATA, OR PROFITS; OR BUSINESS INTERRUPTION) HOWEVER CAUSED AND ON ANY THEORY OF LIABILITY, WHETHER IN CONTRACT, STRICT LIABILITY, OR TORT (INCLUDING NEGLIGENCE OR OTHERWISE) ARISING IN ANY WAY OUT OF THE USE OF THIS SOFTWARE, EVEN IF ADVISED OF THE POSSIBILITY OF SUCH DAMAGE.\n\nThis software consists of contributions made by NAUMEN and Contributors. Specific attributions are listed in the accompanying credits file.\n\n",
  "name": "Naumen Public License",
  "licenseId": "Naumen",
  "crossRef": [
    {
      "match": "N/A",
      "url": "https://opensource.org/licenses/Naumen",
      "isValid": true,
      "isLive": true,
      "timestamp": "2024-02-08T16:32:01Z",
      "isWayBackLink": false,
      "order": 0
    }
  ],
  "seeAlso": [
    "https://opensource.org/licenses/Naumen"
  ],
  "isOsiApproved": true,
  "licenseTextHtml": "\n      \u003cdiv class\u003d\"optional-license-text\"\u003e \n         \u003cp\u003eNAUMEN Public License\u003c/p\u003e\n\n      \u003c/div\u003e\n      \u003cdiv class\u003d\"replaceable-license-text\"\u003e \n         \u003cp\u003eThis software is Copyright (c) NAUMEN (tm) and Contributors. All rights reserved.\u003c/p\u003e\n\n      \u003c/div\u003e\n\n      \u003cp\u003eRedistribution and use in source and binary forms, with or without modification, are permitted provided\n         that the following conditions are met:\u003c/p\u003e\n\n\u003cul style\u003d\"list-style:none\"\u003e\n        \n\u003cli\u003e\n            \u003cvar class\u003d\"replaceable-license-text\"\u003e 1.\u003c/var\u003e\n          Redistributions in source code must retain the above copyright notice, this list of conditions,\n             and the following disclaimer.\n        \u003c/li\u003e\n        \n\u003cli\u003e\n            \u003cvar class\u003d\"replaceable-license-text\"\u003e 2.\u003c/var\u003e\n          Redistributions in binary form must reproduce the above copyright notice, this list of\n             conditions, and the following disclaimer in the documentation and/or other materials provided\n             with the distribution.\n        \u003c/li\u003e\n        \n\u003cli\u003e\n            \u003cvar class\u003d\"replaceable-license-text\"\u003e 3.\u003c/var\u003e\n          The name NAUMEN (tm) must not be used to endorse or promote products derived from this software\n             without prior written permission from NAUMEN.\n        \u003c/li\u003e\n        \n\u003cli\u003e\n            \u003cvar class\u003d\"replaceable-license-text\"\u003e 4.\u003c/var\u003e\n          The right to distribute this software or to use it for any purpose does not give you the right to\n             use Servicemarks (sm) or Trademarks (tm) of NAUMEN.\n        \u003c/li\u003e\n        \n\u003cli\u003e\n            \u003cvar class\u003d\"replaceable-license-text\"\u003e 5.\u003c/var\u003e\n          If any files originating from NAUMEN or Contributors are modified, you must cause the modified\n             files to carry prominent notices stating that you changed the files and the date of any\n             change.\n        \u003c/li\u003e\n      \n\u003c/ul\u003e\n      \u003cp\u003eDisclaimer:\u003c/p\u003e\n\n      \u003cp\u003eTHIS SOFTWARE IS PROVIDED BY NAUMEN \u0026quot;AS IS\u0026quot; AND ANY EXPRESSED OR IMPLIED WARRANTIES, INCLUDING, BUT NOT\n         LIMITED TO, THE IMPLIED WARRANTIES OF MERCHANTABILITY AND FITNESS FOR A PARTICULAR PURPOSE ARE\n         DISCLAIMED. IN NO EVENT SHALL NAUMEN OR ITS CONTRIBUTORS BE LIABLE FOR ANY DIRECT, INDIRECT,\n         INCIDENTAL, SPECIAL, EXEMPLARY, OR CONSEQUENTIAL DAMAGES (INCLUDING, BUT NOT LIMITED TO, PROCUREMENT\n         OF SUBSTITUTE GOODS OR SERVICES; LOSS OF USE, DATA, OR PROFITS; OR BUSINESS INTERRUPTION) HOWEVER\n         CAUSED AND ON ANY THEORY OF LIABILITY, WHETHER IN CONTRACT, STRICT LIABILITY, OR TORT (INCLUDING\n         NEGLIGENCE OR OTHERWISE) ARISING IN ANY WAY OUT OF THE USE OF THIS SOFTWARE, EVEN IF ADVISED OF THE\n         POSSIBILITY OF SUCH DAMAGE.\u003c/p\u003e\n\n      \u003cp\u003eThis software consists of contributions made by NAUMEN and Contributors. Specific attributions are listed\n         in the accompanying credits file.\u003c/p\u003e\n\n    "
}