{
  "isDeprecatedLicenseId": false,
  "licenseText": "NTP License (NTP)\n\nCopyright (c) (CopyrightHoldersName) (From 4-digit-year)-(To 4-digit-year)\n\nPermission to use, copy, modify, and distribute this software and its documentation for any purpose with or without fee is hereby granted, provided that the above copyright notice appears in all copies and that both the copyright notice and this permission notice appear in supporting documentation, and that the name (TrademarkedName) not be used in advertising or publicity pertaining to distribution of the software without specific, written prior permission. (TrademarkedName) makes no representations about the suitability this software for any purpose. It is provided \"as is\" without express or implied warranty.\n",
  "standardLicenseTemplate": "\u003c\u003cbeginOptional\u003e\u003eNTP License (NTP)\n\n\u003c\u003cendOptional\u003e\u003e \u003c\u003cvar;name\u003d\"copyright\";original\u003d\"Copyright (c) (CopyrightHoldersName) (From 4-digit-year)-(To 4-digit-year)  \";match\u003d\".{0,5000}\"\u003e\u003e\n\nPermission to use, copy, modify, and distribute this software and its documentation for any purpose with or without fee is hereby granted, provided that the above copyright notice appears in all copies and that both the copyright notice and this permission notice appear in supporting documentation, and that the name \u003c\u003cvar;name\u003d\"TMname\";original\u003d\"(TrademarkedName)\";match\u003d\".+\"\u003e\u003e not be used in advertising or publicity pertaining to distribution of the software without specific, written prior permission. \u003c\u003cvar;name\u003d\"TMname\";original\u003d\"(TrademarkedName)\";match\u003d\".+\"\u003e\u003e makes no representations about the suitability\u003c\u003cbeginOptional\u003e\u003e of\u003c\u003cendOptional\u003e\u003e this software for any purpose. It is provided \"as is\" without express or implied warranty.\n\n",
  "name": "NTP License",
  "licenseId": "NTP",
  "crossRef": [
    {
      "match": "N/A",
      "url": "https://opensource.org/licenses/NTP",
      "isValid": true,
      "isLive": true,
      "timestamp": "2024-02-08T16:37:43Z",
      "isWayBackLink": false,
      "order": 0
    }
  ],
  "seeAlso": [
    "https://opensource.org/licenses/NTP"
  ],
  "isOsiApproved": true,
  "licenseTextHtml": "\n      \u003cdiv class\u003d\"optional-license-text\"\u003e \n         \u003cp\u003eNTP License (NTP)\u003c/p\u003e\n\n      \u003c/div\u003e\n      \u003cdiv class\u003d\"replaceable-license-text\"\u003e \n         \u003cp\u003eCopyright (c) (CopyrightHoldersName) (From 4-digit-year)-(To 4-digit-year)\n         \u003c/p\u003e\n\n      \u003c/div\u003e\n\n      \u003cp\u003ePermission to use, copy, modify, and distribute this software and its documentation for any purpose with\n         or without fee is hereby granted, provided that the above copyright notice appears in all copies and\n         that both the copyright notice and this permission notice appear in supporting documentation, and that\n         the name\n        \u003cvar class\u003d\"replaceable-license-text\"\u003e (TrademarkedName)\u003c/var\u003e not be used in advertising or publicity pertaining\n        to distribution of the software without specific, written prior permission.\n\t\u003cvar class\u003d\"replaceable-license-text\"\u003e (TrademarkedName)\u003c/var\u003e makes no representations about the suitability \u003cvar class\u003d\"optional-license-text\"\u003e of\u003c/var\u003e\n        this software for any purpose. It is provided \u0026quot;as is\u0026quot; without express or implied warranty.\n      \u003c/p\u003e\n\n    "
}