{
  "isDeprecatedLicenseId": false,
  "licenseText": "Copyright (C) 1991-2, RSA Data Security, Inc. Created 1991. All rights reserved.\n\nLicense to copy and use this software is granted provided that it is identified as the \"RSA Data Security, Inc. MD5 Message-Digest Algorithm\" in all material mentioning or referencing this software or this function.\n\nLicense is also granted to make and use derivative works provided that such works are identified as \"derived from the RSA Data Security, Inc. MD5 Message-Digest Algorithm\" in all material mentioning or referencing the derived work.\n\nRSA Data Security, Inc. makes no representations concerning either the merchantability of this software or the suitability of this software for any particular purpose. It is provided \"as is\" without express or implied warranty of any kind.\n\nThese notices must be retained in any copies of any part of this documentation and/or software.\n",
  "standardLicenseTemplate": "\u003c\u003cvar;name\u003d\"copyright\";original\u003d\"Copyright (C) 1991-2, RSA Data Security, Inc. Created 1991. All rights reserved.  \";match\u003d\".{0,5000}\"\u003e\u003e\n\nLicense to copy and use this software is granted provided that it is identified as the \"RSA Data Security, Inc. \u003c\u003cvar;name\u003d\"algorithm\";original\u003d\"MD5\";match\u003d\"(MD5|MD4)\"\u003e\u003e Message-Digest Algorithm\" in all material mentioning or referencing this software or this function.\n\nLicense is also granted to make and use derivative works provided that such works are identified as \"derived from the RSA Data Security, Inc. \u003c\u003cvar;name\u003d\"algorithm\";original\u003d\"MD5\";match\u003d\"(MD5|MD4)\"\u003e\u003e Message-Digest Algorithm\" in all material mentioning or referencing the derived work.\n\nRSA Data Security, Inc. makes no representations concerning either the merchantability of this software or the suitability of this software for any particular purpose. It is provided \"as is\" without express or implied warranty of any kind.\n\nThese notices must be retained in any copies of any part of this documentation and/or software.\n\n",
  "name": "RSA Message-Digest License",
  "licenseId": "RSA-MD",
  "crossRef": [
    {
      "match": "false",
      "url": "http://www.faqs.org/rfcs/rfc1321.html",
      "isValid": true,
      "isLive": true,
      "timestamp": "2024-02-08T16:39:10Z",
      "isWayBackLink": false,
      "order": 0
    }
  ],
  "seeAlso": [
    "http://www.faqs.org/rfcs/rfc1321.html"
  ],
  "isOsiApproved": false,
  "licenseTextHtml": "\n      \u003cdiv class\u003d\"replaceable-license-text\"\u003e \n         \u003cp\u003eCopyright (C) 1991-2, RSA Data Security, Inc. Created 1991. All rights reserved.\u003c/p\u003e\n\n      \u003c/div\u003e\n\n      \u003cp\u003eLicense to copy and use this software is granted provided that it is identified as the \u0026quot;RSA Data\n         Security, Inc.\n        \u003cvar class\u003d\"replaceable-license-text\"\u003e MD5\u003c/var\u003e Message-Digest Algorithm\u0026quot; in all material mentioning\n        or referencing this software or this function.\n      \u003c/p\u003e\n\n      \u003cp\u003eLicense is also granted to make and use derivative works provided that such works are identified as\n         \u0026quot;derived from the RSA Data Security, Inc.\n        \u003cvar class\u003d\"replaceable-license-text\"\u003e MD5\u003c/var\u003e Message-Digest Algorithm\u0026quot; in all material mentioning\n        or referencing the derived work.\n      \u003c/p\u003e\n\n      \u003cp\u003eRSA Data Security, Inc. makes no representations concerning either the merchantability of this software\n         or the suitability of this software for any particular purpose. It is provided \u0026quot;as is\u0026quot; without express\n         or implied warranty of any kind.\u003c/p\u003e\n\n      \u003cp\u003eThese notices must be retained in any copies of any part of this documentation and/or software.\u003c/p\u003e\n\n    "
}