{
  "isDeprecatedLicenseId": false,
  "isFsfLibre": true,
  "licenseText": "1. You may make and give away verbatim copies of the source form of the software without restriction, provided that you duplicate all of the original copyright notices and associated disclaimers.\n\n2. You may modify your copy of the software in any way, provided that you do at least ONE of the following:\n\n     a) place your modifications in the Public Domain or otherwise make them Freely Available, such as by posting said modifications to Usenet or an equivalent medium, or by allowing the author to include your modifications in the software.\n\n     b) use the modified software only within your corporation or organization.\n\n     c) give non-standard binaries non-standard names, with instructions on where to get the original software distribution.\n\n     d) make other distribution arrangements with the author.\n\n3. You may distribute the software in object code or binary form, provided that you do at least ONE of the following:\n\n     a) distribute the binaries and library files of the software, together with instructions (in the manual page or equivalent) on where to get the original distribution.\n\n     b) accompany the distribution with the machine-readable source of the software.\n\n     c) give non-standard binaries non-standard names, with instructions on where to get the original software distribution.\n\n     d) make other distribution arrangements with the author.\n\n4. You may modify and include the part of the software into any other software (possibly commercial). But some files in the distribution are not written by the author, so that they are not under these terms.\n\nFor the list of those files and their copying conditions, see the file LEGAL.\n\n5. The scripts and library files supplied as input to or produced as output from the software do not automatically fall under the copyright of the software, but belong to whomever generated them, and may be sold commercially, and may be aggregated with this software.\n\n6. THIS SOFTWARE IS PROVIDED \"AS IS\" AND WITHOUT ANY EXPRESS OR IMPLIED WARRANTIES, INCLUDING, WITHOUT LIMITATION, THE IMPLIED WARRANTIES OF MERCHANTABILITY AND FITNESS FOR A PARTICULAR PURPOSE.\n",
  "standardLicenseTemplate": "\n\n   \u003c\u003cvar;name\u003d\"bullet\";original\u003d\"1.\";match\u003d\".{0,20}\"\u003e\u003e You may make and give away verbatim copies of the source form of the software without restriction, provided that you duplicate all of the original copyright notices and associated disclaimers.\n\n   \u003c\u003cvar;name\u003d\"bullet\";original\u003d\"2.\";match\u003d\".{0,20}\"\u003e\u003e You may modify your copy of the software in any way, provided that you do at least ONE of the following:\n\n   \u003c\u003cvar;name\u003d\"bullet\";original\u003d\"a)\";match\u003d\".{0,20}\"\u003e\u003e place your modifications in the Public Domain or otherwise make them Freely Available, such as by posting said modifications to Usenet or an equivalent medium, or by allowing the author to include your modifications in the software.\n\n   \u003c\u003cvar;name\u003d\"bullet\";original\u003d\"b)\";match\u003d\".{0,20}\"\u003e\u003e use the modified software only within your corporation or organization.\n\n   \u003c\u003cvar;name\u003d\"bullet\";original\u003d\"c)\";match\u003d\".{0,20}\"\u003e\u003e give non-standard binaries non-standard names, with instructions on where to get the original software distribution.\n\n   \u003c\u003cvar;name\u003d\"bullet\";original\u003d\"d)\";match\u003d\".{0,20}\"\u003e\u003e make other distribution arrangements with the author.\n\n   \u003c\u003cvar;name\u003d\"bullet\";original\u003d\"3.\";match\u003d\".{0,20}\"\u003e\u003e You may distribute the software in object code or binary form, provided that you do at least ONE of the following:\n\n   \u003c\u003cvar;name\u003d\"bullet\";original\u003d\"a)\";match\u003d\".{0,20}\"\u003e\u003e distribute the binaries and library files of the software, together with instructions (in the manual page or equivalent) on where to get the original distribution.\n\n   \u003c\u003cvar;name\u003d\"bullet\";original\u003d\"b)\";match\u003d\".{0,20}\"\u003e\u003e accompany the distribution with the machine-readable source of the software.\n\n   \u003c\u003cvar;name\u003d\"bullet\";original\u003d\"c)\";match\u003d\".{0,20}\"\u003e\u003e give non-standard binaries non-standard names, with instructions on where to get the original software distribution.\n\n   \u003c\u003cvar;name\u003d\"bullet\";original\u003d\"d)\";match\u003d\".{0,20}\"\u003e\u003e make other distribution arrangements with the author.\n\n   \u003c\u003cvar;name\u003d\"bullet\";original\u003d\"4.\";match\u003d\".{0,20}\"\u003e\u003e You may modify and include the part of the software into any other software (possibly commercial). But some files in the distribution are not written by the author, so that they are not under these terms.\n\n   For the list of those files and their copying conditions, see the file LEGAL.\n\n   \u003c\u003cvar;name\u003d\"bullet\";original\u003d\"5.\";match\u003d\".{0,20}\"\u003e\u003e The scripts and library files supplied as input to or produced as output from the software do not automatically fall under the copyright of the software, but belong to whomever generated them, and may be sold commercially, and may be aggregated with this software.\n\n   \u003c\u003cvar;name\u003d\"bullet\";original\u003d\"6.\";match\u003d\".{0,20}\"\u003e\u003e THIS SOFTWARE IS PROVIDED \"AS IS\" AND WITHOUT ANY EXPRESS OR IMPLIED WARRANTIES, INCLUDING, WITHOUT LIMITATION, THE IMPLIED WARRANTIES OF MERCHANTABILITY AND FITNESS FOR A PARTICULAR PURPOSE.",
  "name": "Ruby License",
  "licenseComments": "Ruby is disjunctively licensed project that allows the choice of this license and another. The other license choice has changed over time (from GPL originally, to BSD-2-Clause currently), so one needs to be aware of that change. The Ruby License itself is un-versioned, but has varied a bit over the years, the last substantive variation being in 2002.",
  "licenseId": "Ruby",
  "crossRef": [
    {
      "match": "false",
      "url": "https://www.ruby-lang.org/en/about/license.txt",
      "isValid": true,
      "isLive": true,
      "timestamp": "2024-02-08T16:39:34Z",
      "isWayBackLink": false,
      "order": 0
    }
  ],
  "seeAlso": [
    "https://www.ruby-lang.org/en/about/license.txt"
  ],
  "isOsiApproved": false,
  "licenseTextHtml": "\n      \n\u003cul style\u003d\"list-style:none\"\u003e\n        \n\u003cli\u003e\n            \u003cvar class\u003d\"replaceable-license-text\"\u003e 1.\u003c/var\u003e\n          You may make and give away verbatim copies of the source form of the software without\n             restriction, provided that you duplicate all of the original copyright notices and associated\n             disclaimers.\n        \u003c/li\u003e\n        \n\u003cli\u003e\n            \u003cvar class\u003d\"replaceable-license-text\"\u003e 2.\u003c/var\u003e\n          You may modify your copy of the software in any way, provided that you do at least ONE of the\n             following:\n        \u003c/li\u003e\n      \n\u003c/ul\u003e\n      \n\u003cul style\u003d\"list-style:none\"\u003e\n        \n\u003cli\u003e\n            \u003cvar class\u003d\"replaceable-license-text\"\u003e a)\u003c/var\u003e\n          place your modifications in the Public Domain or otherwise make them Freely Available, such as by\n             posting said modifications to Usenet or an equivalent medium, or by allowing the author to\n             include your modifications in the software.\n        \u003c/li\u003e\n        \n\u003cli\u003e\n            \u003cvar class\u003d\"replaceable-license-text\"\u003e b)\u003c/var\u003e\n          use the modified software only within your corporation or organization.\n        \u003c/li\u003e\n        \n\u003cli\u003e\n            \u003cvar class\u003d\"replaceable-license-text\"\u003e c)\u003c/var\u003e\n          give non-standard binaries non-standard names, with instructions on where to get the original\n             software distribution.\n        \u003c/li\u003e\n        \n\u003cli\u003e\n            \u003cvar class\u003d\"replaceable-license-text\"\u003e d)\u003c/var\u003e\n          make other distribution arrangements with the author.\n        \u003c/li\u003e\n        \n\u003cli\u003e\n            \u003cvar class\u003d\"replaceable-license-text\"\u003e 3.\u003c/var\u003e\n          You may distribute the software in object code or binary form, provided that you do at least ONE\n             of the following:\n        \u003c/li\u003e\n      \n\u003c/ul\u003e\n      \n\u003cul style\u003d\"list-style:none\"\u003e\n        \n\u003cli\u003e\n            \u003cvar class\u003d\"replaceable-license-text\"\u003e a)\u003c/var\u003e\n          distribute the binaries and library files of the software, together with instructions (in the\n             manual page or equivalent) on where to get the original distribution.\n        \u003c/li\u003e\n        \n\u003cli\u003e\n            \u003cvar class\u003d\"replaceable-license-text\"\u003e b)\u003c/var\u003e\n          accompany the distribution with the machine-readable source of the software.\n        \u003c/li\u003e\n        \n\u003cli\u003e\n            \u003cvar class\u003d\"replaceable-license-text\"\u003e c)\u003c/var\u003e\n          give non-standard binaries non-standard names, with instructions on where to get the original\n             software distribution.\n        \u003c/li\u003e\n        \n\u003cli\u003e\n            \u003cvar class\u003d\"replaceable-license-text\"\u003e d)\u003c/var\u003e\n          make other distribution arrangements with the author.\n        \u003c/li\u003e\n        \n\u003cli\u003e\n            \u003cvar class\u003d\"replaceable-license-text\"\u003e 4.\u003c/var\u003e\n          You may modify and include the part of the software into any other software (possibly\n             commercial). But some files in the distribution are not written by the author, so that they\n             are not under these terms.\n          \u003cp\u003eFor the list of those files and their copying conditions, see the file LEGAL.\u003c/p\u003e\n\n        \u003c/li\u003e\n        \n\u003cli\u003e\n            \u003cvar class\u003d\"replaceable-license-text\"\u003e 5.\u003c/var\u003e\n          The scripts and library files supplied as input to or produced as output from the software do not\n             automatically fall under the copyright of the software, but belong to whomever generated them,\n             and may be sold commercially, and may be aggregated with this software.\n        \u003c/li\u003e\n        \n\u003cli\u003e\n            \u003cvar class\u003d\"replaceable-license-text\"\u003e 6.\u003c/var\u003e\n          THIS SOFTWARE IS PROVIDED \u0026quot;AS IS\u0026quot; AND WITHOUT ANY EXPRESS OR IMPLIED WARRANTIES, INCLUDING,\n             WITHOUT LIMITATION, THE IMPLIED WARRANTIES OF MERCHANTABILITY AND FITNESS FOR A PARTICULAR\n             PURPOSE.\n        \u003c/li\u003e\n      \n\u003c/ul\u003e\n    "
}