{
  "isDeprecatedLicenseId": false,
  "licenseText": "Adobe Systems Incorporated(r) Source Code License Agreement\nCopyright(c) 2006 Adobe Systems Incorporated. All rights reserved.\n\nPlease read this Source Code License Agreement carefully before using the source code.\n\nAdobe Systems Incorporated grants to you a perpetual, worldwide, non-exclusive, no-charge, royalty-free, irrevocable copyright license, to reproduce, prepare derivative works of, publicly display, publicly perform, and distribute this source code and such derivative works in source or object code form without any attribution requirements.\n\nThe name \"Adobe Systems Incorporated\" must not be used to endorse or promote products derived from the source code without prior written permission.\n\nYou agree to indemnify, hold harmless and defend Adobe Systems Incorporated from and against any loss, damage, claims or lawsuits, including attorney\u0027s fees that arise or result from your use or distribution of the source code.\n\nTHIS SOURCE CODE IS PROVIDED \"AS IS\" AND \"WITH ALL FAULTS\", WITHOUT ANY TECHNICAL SUPPORT OR ANY EXPRESSED OR IMPLIED WARRANTIES, INCLUDING, BUT NOT LIMITED TO, THE IMPLIED WARRANTIES OF MERCHANTABILITY AND FITNESS FOR A PARTICULAR PURPOSE ARE DISCLAIMED. ALSO, THERE IS NO WARRANTY OF NON-INFRINGEMENT, TITLE OR QUIET ENJOYMENT. IN NO EVENT SHALL MACROMEDIA OR ITS SUPPLIERS BE LIABLE FOR ANY DIRECT, INDIRECT, INCIDENTAL, SPECIAL, EXEMPLARY, OR CONSEQUENTIAL DAMAGES (INCLUDING, BUT NOT LIMITED TO, PROCUREMENT OF SUBSTITUTE GOODS OR SERVICES; LOSS OF USE, DATA, OR PROFITS; OR BUSINESS INTERRUPTION) HOWEVER CAUSED AND ON ANY THEORY OF LIABILITY, WHETHER IN CONTRACT, STRICT LIABILITY, OR TORT (INCLUDING NEGLIGENCE OR OTHERWISE) ARISING IN ANY WAY OUT OF THE USE OF THIS SOURCE CODE, EVEN IF ADVISED OF THE POSSIBILITY OF SUCH DAMAGE.\n",
  "standardLicenseTemplate": "\u003c\u003cbeginOptional\u003e\u003eAdobe Systems Incorporated(r) Source Code License Agreement\n\n\u003c\u003cendOptional\u003e\u003e \u003c\u003cvar;name\u003d\"copyright\";original\u003d\"Copyright(c) 2006 Adobe Systems Incorporated. All rights reserved.  \";match\u003d\".{0,5000}\"\u003e\u003e\n\nPlease read this Source Code License Agreement carefully before using the source code.\n\nAdobe Systems Incorporated grants to you a perpetual, worldwide, non-exclusive, no-charge, royalty-free, irrevocable copyright license, to reproduce, prepare derivative works of, publicly display, publicly perform, and distribute this source code and such derivative works in source or object code form without any attribution requirements.\n\nThe name \"Adobe Systems Incorporated\" must not be used to endorse or promote products derived from the source code without prior written permission.\n\nYou agree to indemnify, hold harmless and defend Adobe Systems Incorporated from and against any loss, damage, claims or lawsuits, including attorney\u0027s fees that arise or result from your use or distribution of the source code.\n\nTHIS SOURCE CODE IS PROVIDED \"AS IS\" AND \"WITH ALL FAULTS\", WITHOUT ANY TECHNICAL SUPPORT OR ANY EXPRESSED OR IMPLIED WARRANTIES, INCLUDING, BUT NOT LIMITED TO, THE IMPLIED WARRANTIES OF MERCHANTABILITY AND FITNESS FOR A PARTICULAR PURPOSE ARE DISCLAIMED. ALSO, THERE IS NO WARRANTY OF NON-INFRINGEMENT, TITLE OR QUIET ENJOYMENT. IN NO EVENT SHALL MACROMEDIA OR ITS SUPPLIERS BE LIABLE FOR ANY DIRECT, INDIRECT, INCIDENTAL, SPECIAL, EXEMPLARY, OR CONSEQUENTIAL DAMAGES (INCLUDING, BUT NOT LIMITED TO, PROCUREMENT OF SUBSTITUTE GOODS OR SERVICES; LOSS OF USE, DATA, OR PROFITS; OR BUSINESS INTERRUPTION) HOWEVER CAUSED AND ON ANY THEORY OF LIABILITY, WHETHER IN CONTRACT, STRICT LIABILITY, OR TORT (INCLUDING NEGLIGENCE OR OTHERWISE) ARISING IN ANY WAY OUT OF THE USE OF THIS SOURCE CODE, EVEN IF ADVISED OF THE POSSIBILITY OF SUCH DAMAGE.\n\n",
  "name": "Adobe Systems Incorporated Source Code License Agreement",
  "licenseId": "Adobe-2006",
  "crossRef": [
    {
      "match": "false",
      "url": "https://fedoraproject.org/wiki/Licensing/AdobeLicense",
      "isValid": true,
      "isLive": true,
      "timestamp": "2024-05-22T17:29:54Z",
      "isWayBackLink": false,
      "order": 0
    }
  ],
  "seeAlso": [
    "https://fedoraproject.org/wiki/Licensing/AdobeLicense"
  ],
  "isOsiApproved": false,
  "licenseTextHtml": "\n      \u003cdiv class\u003d\"optional-license-text\"\u003e \n         \u003cp\u003eAdobe Systems Incorporated(r) Source Code License Agreement\u003c/p\u003e\n\n      \u003c/div\u003e\n      \u003cdiv class\u003d\"replaceable-license-text\"\u003e \n         \u003cp\u003eCopyright(c) 2006 Adobe Systems Incorporated. All rights reserved.\u003c/p\u003e\n\n      \u003c/div\u003e\n\n      \u003cp\u003ePlease read this Source Code License Agreement carefully before using the source code.\u003c/p\u003e\n\n      \u003cp\u003eAdobe Systems Incorporated grants to you a perpetual, worldwide, non-exclusive, no-charge, royalty-free,\n         irrevocable copyright license, to reproduce, prepare derivative works of, publicly display, publicly\n         perform, and distribute this source code and such derivative works in source or object code form without\n         any attribution requirements.\u003c/p\u003e\n\n      \u003cp\u003eThe name \u0026quot;Adobe Systems Incorporated\u0026quot; must not be used to endorse or promote products derived from the source\n         code without prior written permission.\u003c/p\u003e\n\n      \u003cp\u003eYou agree to indemnify, hold harmless and defend Adobe Systems Incorporated from and against any loss,\n         damage, claims or lawsuits, including attorney\u0026apos;s fees that arise or result from your use or distribution\n         of the source code.\u003c/p\u003e\n\n      \u003cp\u003eTHIS SOURCE CODE IS PROVIDED \u0026quot;AS IS\u0026quot; AND \u0026quot;WITH ALL FAULTS\u0026quot;, WITHOUT ANY TECHNICAL SUPPORT OR ANY EXPRESSED OR\n         IMPLIED WARRANTIES, INCLUDING, BUT NOT LIMITED TO, THE IMPLIED WARRANTIES OF MERCHANTABILITY AND FITNESS\n         FOR A PARTICULAR PURPOSE ARE DISCLAIMED. ALSO, THERE IS NO WARRANTY OF NON-INFRINGEMENT, TITLE OR QUIET\n         ENJOYMENT. IN NO EVENT SHALL MACROMEDIA OR ITS SUPPLIERS BE LIABLE FOR ANY DIRECT, INDIRECT, INCIDENTAL,\n         SPECIAL, EXEMPLARY, OR CONSEQUENTIAL DAMAGES (INCLUDING, BUT NOT LIMITED TO, PROCUREMENT OF SUBSTITUTE\n         GOODS OR SERVICES; LOSS OF USE, DATA, OR PROFITS; OR BUSINESS INTERRUPTION) HOWEVER CAUSED AND ON ANY\n         THEORY OF LIABILITY, WHETHER IN CONTRACT, STRICT LIABILITY, OR TORT (INCLUDING NEGLIGENCE OR OTHERWISE)\n         ARISING IN ANY WAY OUT OF THE USE OF THIS SOURCE CODE, EVEN IF ADVISED OF THE POSSIBILITY OF SUCH\n         DAMAGE.\u003c/p\u003e\n\n    "
}