{
  "isDeprecatedLicenseId": false,
  "licenseText": "This software code is made available \"AS IS\" without warranties of any kind. You may copy, display, modify and redistribute the software code either by itself or as incorporated into your code; provided that you do not remove any proprietary notices. Your use of this software code is at your own risk and you waive any claim against Amazon Digital Services, Inc. or its affiliates with respect to your use of this software code. (c) 2006 Amazon Digital Services, Inc. or its affiliates.\n",
  "standardLicenseTemplate": "This software code is made available \"AS IS\" without warranties of any kind. You may copy, display, modify and redistribute the software code either by itself or as incorporated into your code; provided that you do not remove any proprietary notices. Your use of this software code is at your own risk and you waive any claim against Amazon Digital Services, Inc. or its affiliates with respect to your use of this software code. (c) 2006 Amazon Digital Services, Inc. or its affiliates.\n\n",
  "name": "Amazon Digital Services License",
  "licenseId": "ADSL",
  "crossRef": [
    {
      "match": "false",
      "url": "https://fedoraproject.org/wiki/Licensing/AmazonDigitalServicesLicense",
      "isValid": true,
      "isLive": true,
      "timestamp": "2024-05-22T17:26:16Z",
      "isWayBackLink": false,
      "order": 0
    }
  ],
  "seeAlso": [
    "https://fedoraproject.org/wiki/Licensing/AmazonDigitalServicesLicense"
  ],
  "isOsiApproved": false,
  "licenseTextHtml": "\n      \u003cp\u003eThis software code is made available \u0026quot;AS IS\u0026quot; without warranties of any kind. You may copy, display,\n         modify and redistribute the software code either by itself or as incorporated into your code; provided\n         that you do not remove any proprietary notices. Your use of this software code is at your own\n         risk and you waive any claim against Amazon Digital Services, Inc. or its affiliates with respect to\n         your use of this software code. (c) 2006 Amazon Digital Services, Inc. or its affiliates.\u003c/p\u003e\n\n    "
}