{
  "isDeprecatedLicenseId": false,
  "licenseText": "(c) Copyright 1989-1992, Bitstream Inc., Cambridge, MA. \n\nYou are hereby granted permission under all Bitstream propriety rights \nto use, copy, modify, sublicense, sell, and redistribute the 4 Bitstream \nCharter (r) Type 1 outline fonts and the 4 Courier Type 1 outline fonts for \nany purpose and without restriction; provided, that this notice is left \nintact on all copies of such fonts and that Bitstream\u0027s trademark is acknowledged \nas shown below on all unmodified copies of the 4 Charter Type 1 fonts. \nBITSTREAM CHARTER is a registered trademark of Bitstream Inc. \n",
  "standardLicenseTemplate": "\n\n   \u003c\u003cvar;name\u003d\"bullet\";original\u003d\"(c)\";match\u003d\".{0,20}\"\u003e\u003e\n\n   Copyright 1989-1992, Bitstream Inc., Cambridge, MA. You are hereby granted permission under all Bitstream propriety rights to use, copy, modify, sublicense, sell, and redistribute the 4 Bitstream Charter (r) Type 1 outline fonts\u003c\u003cbeginOptional\u003e\u003e and the 4 Courier Type 1 outline fonts\u003c\u003cendOptional\u003e\u003e for any purpose and without restriction; provided, that this notice is left intact on all copies of such fonts and that Bitstream\u0027s trademark is acknowledged as shown below on all unmodified copies of the 4 Charter Type 1 fonts. BITSTREAM CHARTER is a registered trademark of Bitstream Inc.\n\n   ",
  "name": "Bitstream Charter Font License",
  "licenseId": "Bitstream-Charter",
  "crossRef": [
    {
      "match": "false",
      "url": "https://raw.githubusercontent.com/blackhole89/notekit/master/data/fonts/Charter%20license.txt",
      "isValid": true,
      "isLive": true,
      "timestamp": "2024-05-22T17:29:57Z",
      "isWayBackLink": false,
      "order": 1
    },
    {
      "match": "false",
      "url": "https://fedoraproject.org/wiki/Licensing/Charter#License_Text",
      "isValid": true,
      "isLive": true,
      "timestamp": "2024-05-22T17:29:57Z",
      "isWayBackLink": false,
      "order": 0
    }
  ],
  "seeAlso": [
    "https://fedoraproject.org/wiki/Licensing/Charter#License_Text",
    "https://raw.githubusercontent.com/blackhole89/notekit/master/data/fonts/Charter%20license.txt"
  ],
  "isOsiApproved": false,
  "licenseTextHtml": "\n         \n\u003cul style\u003d\"list-style:none\"\u003e\n            \n\u003cli\u003e\n               \u003cvar class\u003d\"replaceable-license-text\"\u003e (c)\u003c/var\u003e\n               \u003cp\u003e\n                  Copyright 1989-1992, Bitstream Inc., Cambridge, MA.\n                  You are hereby granted permission under all Bitstream\n                  propriety rights to use, copy, modify, sublicense, sell,\n                  and redistribute the 4 Bitstream Charter (r) Type 1\n                  outline fonts \u003cvar class\u003d\"optional-license-text\"\u003e and the 4 Courier Type 1 outline fonts\u003c/var\u003e for\n                  any purpose and without restriction; provided, that this\n                  notice is left intact on all copies of such fonts and\n                  that Bitstream\u0026apos;s trademark is acknowledged as shown below\n                  on all unmodified copies of the 4 Charter Type 1 fonts.\n                  BITSTREAM CHARTER is a registered trademark of Bitstream Inc.\n               \u003c/p\u003e\n\n            \u003c/li\u003e\n         \n\u003c/ul\u003e\n      "
}