{
  "isDeprecatedLicenseId": false,
  "licenseText": "Copyright (c) ...\n\nTHIS MATERIAL IS PROVIDED AS IS, WITH ABSOLUTELY NO WARRANTY EXPRESSED\nOR IMPLIED.  ANY USE IS AT YOUR OWN RISK.\n\nPermission is hereby granted to use or copy this program\nfor any purpose,  provided the above notices are retained on all copies.\nPermission to modify the code and to distribute modified code is granted,\nprovided the above notices are retained, and a notice that the code was\nmodified is included with the above copyright notice.\n\nA few files have other copyright holders.\n",
  "standardLicenseTemplate": "\u003c\u003cvar;name\u003d\"copyright\";original\u003d\"Copyright (c) ...\";match\u003d\".{0,5000}\"\u003e\u003e\n\nTHIS MATERIAL IS PROVIDED AS IS, WITH ABSOLUTELY NO WARRANTY EXPRESSED OR IMPLIED. ANY USE IS AT YOUR OWN RISK.\n\nPermission is hereby granted to use or copy this program for any purpose, provided the above notices are retained on all copies. Permission to modify the code and to distribute modified code is granted, provided the above notices are retained, and a notice that the code was modified is included with the above copyright notice.\n\n\u003c\u003cbeginOptional\u003e\u003eA few files have other copyright holders.\n\n\u003c\u003cendOptional\u003e\u003e",
  "name": "Boehm-Demers-Weiser GC License",
  "licenseId": "Boehm-GC",
  "crossRef": [
    {
      "match": "false",
      "url": "https://fedoraproject.org/wiki/Licensing:MIT#Another_Minimal_variant_(found_in_libatomic_ops)",
      "isValid": true,
      "isLive": true,
      "timestamp": "2024-05-22T17:22:43Z",
      "isWayBackLink": false,
      "order": 0
    },
    {
      "match": "false",
      "url": "https://github.com/ivmai/libatomic_ops/blob/master/LICENSE",
      "isValid": true,
      "isLive": true,
      "timestamp": "2024-05-22T17:22:44Z",
      "isWayBackLink": false,
      "order": 2
    },
    {
      "match": "false",
      "url": "https://github.com/uim/libgcroots/blob/master/COPYING",
      "isValid": true,
      "isLive": true,
      "timestamp": "2024-05-22T17:22:44Z",
      "isWayBackLink": false,
      "order": 1
    }
  ],
  "seeAlso": [
    "https://fedoraproject.org/wiki/Licensing:MIT#Another_Minimal_variant_(found_in_libatomic_ops)",
    "https://github.com/uim/libgcroots/blob/master/COPYING",
    "https://github.com/ivmai/libatomic_ops/blob/master/LICENSE"
  ],
  "isOsiApproved": false,
  "licenseTextHtml": "\n         \u003cvar class\u003d\"replaceable-license-text\"\u003e Copyright (c) ...\u003c/var\u003e\n         \u003cp\u003e\n            THIS MATERIAL IS PROVIDED AS IS, WITH ABSOLUTELY NO\n            WARRANTY EXPRESSED OR IMPLIED. ANY USE IS AT YOUR OWN RISK.\n         \u003c/p\u003e\n\n         \u003cp\u003e\n            Permission is hereby granted to use or copy this program for any\n            purpose, provided the above notices are retained on all copies.\n            Permission to modify the code and to distribute modified code is\n            granted, provided the above notices are retained, and a notice that\n            the code was modified is included with the above copyright notice.\n         \u003c/p\u003e\n\n         \u003cdiv class\u003d\"optional-license-text\"\u003e \n         \u003cp\u003e\n            A few files have other copyright holders.\n         \u003c/p\u003e\n\n         \u003c/div\u003e\n      "
}