{
  "isDeprecatedLicenseId": false,
  "licenseText": "Redistribution and use in source and binary forms, with or without\nmodification, are permitted provided that the following conditions are\nmet:\n\n- Redistributions of source code must retain the above copyright\n  notice, this list of conditions and the following disclaimer.\n\n- Redistributions in binary form must reproduce the above copyright\n  notice, this list of conditions and the following disclaimer listed\n  in this license in the documentation and/or other materials\n  provided with the distribution.\n\n- Neither the name of the copyright holders nor the names of its\n  contributors may be used to endorse or promote products derived from\n  this software without specific prior written permission.\n\nThe copyright holders provide no reassurances that the source code\nprovided does not infringe any patent, copyright, or any other\nintellectual property rights of third parties.  The copyright holders\ndisclaim any liability to any recipient for claims brought against\nrecipient by any third party for infringement of that parties\nintellectual property rights.\n\nTHIS SOFTWARE IS PROVIDED BY THE COPYRIGHT HOLDERS AND CONTRIBUTORS\n\"AS IS\" AND ANY EXPRESS OR IMPLIED WARRANTIES, INCLUDING, BUT NOT\nLIMITED TO, THE IMPLIED WARRANTIES OF MERCHANTABILITY AND FITNESS FOR\nA PARTICULAR PURPOSE ARE DISCLAIMED. IN NO EVENT SHALL THE COPYRIGHT\nOWNER OR CONTRIBUTORS BE LIABLE FOR ANY DIRECT, INDIRECT, INCIDENTAL,\nSPECIAL, EXEMPLARY, OR CONSEQUENTIAL DAMAGES (INCLUDING, BUT NOT\nLIMITED TO, PROCUREMENT OF SUBSTITUTE GOODS OR SERVICES; LOSS OF USE,\nDATA, OR PROFITS; OR BUSINESS INTERRUPTION) HOWEVER CAUSED AND ON ANY\nTHEORY OF LIABILITY, WHETHER IN CONTRACT, STRICT LIABILITY, OR TORT\n(INCLUDING NEGLIGENCE OR OTHERWISE) ARISING IN ANY WAY OUT OF THE USE\nOF THIS SOFTWARE, EVEN IF ADVISED OF THE POSSIBILITY OF SUCH DAMAGE.\n",
  "standardLicenseTemplate": "Redistribution and use in source and binary forms, with or without modification, are permitted provided that the following conditions are met:\n\n   \u003c\u003cvar;name\u003d\"bullet\";original\u003d\"-\";match\u003d\".{0,20}\"\u003e\u003e Redistributions of source code must retain the above copyright notice, this list of conditions and the following disclaimer.\n\n   \u003c\u003cvar;name\u003d\"bullet\";original\u003d\"-\";match\u003d\".{0,20}\"\u003e\u003e Redistributions in binary form must reproduce the above copyright notice, this list of conditions and the following disclaimer listed in this license in the documentation and/or other materials provided with the distribution.\n\n   \u003c\u003cvar;name\u003d\"bullet\";original\u003d\"-\";match\u003d\".{0,20}\"\u003e\u003e Neither the name of the copyright holders nor the names of its contributors may be used to endorse or promote products derived from this software without specific prior written permission.\n\nThe copyright holders provide no reassurances that the source code provided does not infringe any patent, copyright, or any other intellectual property rights of third parties. The copyright holders disclaim any liability to any recipient for claims brought against recipient by any third party for infringement of that parties intellectual property rights.\n\nTHIS SOFTWARE IS PROVIDED BY THE COPYRIGHT HOLDERS AND CONTRIBUTORS \"AS IS\" AND ANY EXPRESS OR IMPLIED WARRANTIES, INCLUDING, BUT NOT LIMITED TO, THE IMPLIED WARRANTIES OF MERCHANTABILITY AND FITNESS FOR A PARTICULAR PURPOSE ARE DISCLAIMED. IN NO EVENT SHALL THE COPYRIGHT OWNER OR CONTRIBUTORS BE LIABLE FOR ANY DIRECT, INDIRECT, INCIDENTAL, SPECIAL, EXEMPLARY, OR CONSEQUENTIAL DAMAGES (INCLUDING, BUT NOT LIMITED TO, PROCUREMENT OF SUBSTITUTE GOODS OR SERVICES; LOSS OF USE, DATA, OR PROFITS; OR BUSINESS INTERRUPTION) HOWEVER CAUSED AND ON ANY THEORY OF LIABILITY, WHETHER IN CONTRACT, STRICT LIABILITY, OR TORT (INCLUDING NEGLIGENCE OR OTHERWISE) ARISING IN ANY WAY OUT OF THE USE OF THIS SOFTWARE, EVEN IF ADVISED OF THE POSSIBILITY OF SUCH DAMAGE.\n\n",
  "name": "BSD 3-Clause Open MPI variant",
  "licenseComments": "This license is largely similar to BSD-3-Clause, but notably includes an additional paragraph between the three main clauses and the all-caps disclaimer text.",
  "licenseId": "BSD-3-Clause-Open-MPI",
  "crossRef": [
    {
      "match": "false",
      "url": "http://www.netlib.org/lapack/LICENSE.txt",
      "isValid": true,
      "isLive": true,
      "timestamp": "2024-05-22T17:24:03Z",
      "isWayBackLink": false,
      "order": 1
    },
    {
      "match": "false",
      "url": "https://www.open-mpi.org/community/license.php",
      "isValid": true,
      "isLive": true,
      "timestamp": "2024-05-22T17:24:08Z",
      "isWayBackLink": false,
      "order": 0
    }
  ],
  "seeAlso": [
    "https://www.open-mpi.org/community/license.php",
    "http://www.netlib.org/lapack/LICENSE.txt"
  ],
  "isOsiApproved": false,
  "licenseTextHtml": "\n        \u003cp\u003eRedistribution and use in source and binary forms, with or without\n        modification, are permitted provided that the following conditions are\n        met:\u003c/p\u003e\n\n\u003cul style\u003d\"list-style:none\"\u003e\n            \n\u003cli\u003e\u003cvar class\u003d\"replaceable-license-text\"\u003e -\u003c/var\u003e Redistributions of source code must retain the above copyright\n            notice, this list of conditions and the following disclaimer.\u003c/li\u003e\n\n\u003cli\u003e\u003cvar class\u003d\"replaceable-license-text\"\u003e -\u003c/var\u003e Redistributions in binary form must reproduce the above copyright\n            notice, this list of conditions and the following disclaimer listed\n            in this license in the documentation and/or other materials\n            provided with the distribution.\u003c/li\u003e\n\n\u003cli\u003e\u003cvar class\u003d\"replaceable-license-text\"\u003e -\u003c/var\u003e Neither the name of the copyright holders nor the names of its\n            contributors may be used to endorse or promote products derived from\n            this software without specific prior written permission.\u003c/li\u003e\n        \n\u003c/ul\u003e\n        \n        \u003cp\u003eThe copyright holders provide no reassurances that the source code\n        provided does not infringe any patent, copyright, or any other\n        intellectual property rights of third parties.  The copyright holders\n        disclaim any liability to any recipient for claims brought against\n        recipient by any third party for infringement of that parties\n        intellectual property rights.\u003c/p\u003e\n\n        \u003cp\u003eTHIS SOFTWARE IS PROVIDED BY THE COPYRIGHT HOLDERS AND CONTRIBUTORS\n        \u0026quot;AS IS\u0026quot; AND ANY EXPRESS OR IMPLIED WARRANTIES, INCLUDING, BUT NOT\n        LIMITED TO, THE IMPLIED WARRANTIES OF MERCHANTABILITY AND FITNESS FOR\n        A PARTICULAR PURPOSE ARE DISCLAIMED. IN NO EVENT SHALL THE COPYRIGHT\n        OWNER OR CONTRIBUTORS BE LIABLE FOR ANY DIRECT, INDIRECT, INCIDENTAL,\n        SPECIAL, EXEMPLARY, OR CONSEQUENTIAL DAMAGES (INCLUDING, BUT NOT\n        LIMITED TO, PROCUREMENT OF SUBSTITUTE GOODS OR SERVICES; LOSS OF USE,\n        DATA, OR PROFITS; OR BUSINESS INTERRUPTION) HOWEVER CAUSED AND ON ANY\n        THEORY OF LIABILITY, WHETHER IN CONTRACT, STRICT LIABILITY, OR TORT\n        (INCLUDING NEGLIGENCE OR OTHERWISE) ARISING IN ANY WAY OUT OF THE USE\n        OF THIS SOFTWARE, EVEN IF ADVISED OF THE POSSIBILITY OF SUCH DAMAGE.\u003c/p\u003e\n\n    "
}