{
  "isDeprecatedLicenseId": false,
  "licenseText": "\nCopyright © 2008, 2014 Oracle and/or its affiliates. All rights reserved.\n\nUse is subject to license terms.\n\nRedistribution and use in source and binary forms, with or without modification, are permitted provided that the following conditions are met:\n\n     * Redistributions of source code must retain the above copyright notice, this list of conditions and the following disclaimer.\n\n     * Redistributions in binary form must reproduce the above copyright notice, this list of conditions and the following disclaimer in the documentation and/or other materials provided with the distribution.\n\n     * Neither the name of Oracle Corporation nor the names of its contributors may be used to endorse or promote products derived from this software without specific prior written permission.\n\nTHIS SOFTWARE IS PROVIDED BY THE COPYRIGHT HOLDERS AND CONTRIBUTORS \"AS IS\" AND ANY EXPRESS OR IMPLIED WARRANTIES, INCLUDING, BUT NOT LIMITED TO, THE IMPLIED WARRANTIES OF MERCHANTABILITY AND FITNESS FOR A PARTICULAR PURPOSE ARE DISCLAIMED. IN NO EVENT SHALL THE COPYRIGHT OWNER OR CONTRIBUTORS BE LIABLE FOR ANY DIRECT, INDIRECT, INCIDENTAL, SPECIAL, EXEMPLARY, OR CONSEQUENTIAL DAMAGES (INCLUDING, BUT NOT LIMITED TO, PROCUREMENT OF SUBSTITUTE GOODS OR SERVICES; LOSS OF USE, DATA, OR PROFITS; OR BUSINESS INTERRUPTION) HOWEVER CAUSED AND ON ANY THEORY OF LIABILITY, WHETHER IN CONTRACT, STRICT LIABILITY, OR TORT (INCLUDING NEGLIGENCE OR OTHERWISE) ARISING IN ANY WAY OUT OF THE USE OF THIS SOFTWARE, EVEN IF ADVISED OF THE POSSIBILITY OF SUCH DAMAGE.\n\nYou acknowledge that this software is not designed, licensed or intended for use in the design, construction, operation or maintenance of any nuclear facility.\n",
  "standardLicenseTemplate": "\u003c\u003cvar;name\u003d\"copyright\";original\u003d\"Copyright © 2008, 2014 Oracle and/or its affiliates. All rights reserved.  \";match\u003d\".{0,5000}\"\u003e\u003e\n\nUse is subject to license terms.\n\nRedistribution and use in source and binary forms, with or without modification, are permitted provided that the following conditions are met:\n\n   \u003c\u003cvar;name\u003d\"bullet\";original\u003d\"*\";match\u003d\".{0,20}\"\u003e\u003e Redistributions of source code must retain the above copyright notice, this list of conditions and the following disclaimer.\n\n   \u003c\u003cvar;name\u003d\"bullet\";original\u003d\"*\";match\u003d\".{0,20}\"\u003e\u003e Redistributions in binary form must reproduce the above copyright notice, this list of conditions and the following disclaimer in the documentation and/or other materials provided with the distribution.\n\n   \u003c\u003cvar;name\u003d\"bullet\";original\u003d\"*\";match\u003d\".{0,20}\"\u003e\u003e Neither the name of Oracle Corporation nor the names of its contributors may be used to endorse or promote products derived from this software without specific prior written permission.\n\nTHIS SOFTWARE IS PROVIDED BY THE COPYRIGHT HOLDERS AND CONTRIBUTORS \"AS IS\" AND ANY EXPRESS OR IMPLIED WARRANTIES, INCLUDING, BUT NOT LIMITED TO, THE IMPLIED WARRANTIES OF MERCHANTABILITY AND FITNESS FOR A PARTICULAR PURPOSE ARE DISCLAIMED. IN NO EVENT SHALL THE COPYRIGHT OWNER OR CONTRIBUTORS BE LIABLE FOR ANY DIRECT, INDIRECT, INCIDENTAL, SPECIAL, EXEMPLARY, OR CONSEQUENTIAL DAMAGES (INCLUDING, BUT NOT LIMITED TO, PROCUREMENT OF SUBSTITUTE GOODS OR SERVICES; LOSS OF USE, DATA, OR PROFITS; OR BUSINESS INTERRUPTION) HOWEVER CAUSED AND ON ANY THEORY OF LIABILITY, WHETHER IN CONTRACT, STRICT LIABILITY, OR TORT (INCLUDING NEGLIGENCE OR OTHERWISE) ARISING IN ANY WAY OUT OF THE USE OF THIS SOFTWARE, EVEN IF ADVISED OF THE POSSIBILITY OF SUCH DAMAGE.\n\nYou acknowledge that this software is not designed, licensed or intended for use in the design, construction, operation or maintenance of any nuclear facility.\n\n",
  "name": "BSD 3-Clause No Nuclear License 2014",
  "licenseComments": "This license has a Oracle copyright notice. It is the same license as BSD-3-Clause-No-Nuclear-License, except it has a different entire disclaimer clause that is the same as BSD-3-Clause.",
  "licenseId": "BSD-3-Clause-No-Nuclear-License-2014",
  "crossRef": [
    {
      "match": "N/A",
      "url": "https://java.net/projects/javaeetutorial/pages/BerkeleyLicense",
      "isValid": true,
      "isLive": false,
      "timestamp": "2024-05-22T17:29:06Z",
      "isWayBackLink": false,
      "order": 0
    }
  ],
  "seeAlso": [
    "https://java.net/projects/javaeetutorial/pages/BerkeleyLicense"
  ],
  "isOsiApproved": false,
  "licenseTextHtml": "\n      \u003cdiv class\u003d\"replaceable-license-text\"\u003e \n         \u003cp\u003eCopyright © 2008, 2014 Oracle and/or its affiliates. All rights\n         reserved.\u003c/p\u003e\n\n      \u003c/div\u003e\n      \u003cp\u003eUse is subject to license terms.\u003c/p\u003e\n\n      \u003cp\u003eRedistribution and use in source and binary forms, with or\n         without modification, are permitted provided that the\n         following conditions are met:\u003c/p\u003e\n\n\u003cul style\u003d\"list-style:none\"\u003e\n        \n\u003cli\u003e\n            \u003cvar class\u003d\"replaceable-license-text\"\u003e *\u003c/var\u003e\n          Redistributions of source code must retain the above\n             copyright notice, this list of conditions and the\n             following disclaimer.\n        \u003c/li\u003e\n        \n\u003cli\u003e\n            \u003cvar class\u003d\"replaceable-license-text\"\u003e *\u003c/var\u003e\n          Redistributions in binary form must reproduce the above\n             copyright notice, this list of conditions and the\n             following disclaimer in the documentation and/or other\n             materials provided with the distribution.\n        \u003c/li\u003e\n        \n\u003cli\u003e\n            \u003cvar class\u003d\"replaceable-license-text\"\u003e *\u003c/var\u003e\n          Neither the name of Oracle Corporation nor the names of\n             its contributors may be used to endorse or promote\n             products derived from this software without specific\n             prior written permission.\n        \u003c/li\u003e\n      \n\u003c/ul\u003e\n      \u003cp\u003eTHIS SOFTWARE IS PROVIDED BY THE COPYRIGHT HOLDERS AND\n         CONTRIBUTORS \u0026quot;AS IS\u0026quot; AND ANY EXPRESS OR IMPLIED WARRANTIES,\n         INCLUDING, BUT NOT LIMITED TO, THE IMPLIED WARRANTIES OF\n         MERCHANTABILITY AND FITNESS FOR A PARTICULAR PURPOSE ARE\n         DISCLAIMED. IN NO EVENT SHALL THE COPYRIGHT OWNER OR\n         CONTRIBUTORS BE LIABLE FOR ANY DIRECT, INDIRECT, INCIDENTAL,\n         SPECIAL, EXEMPLARY, OR CONSEQUENTIAL DAMAGES (INCLUDING, BUT\n         NOT LIMITED TO, PROCUREMENT OF SUBSTITUTE GOODS OR SERVICES;\n         LOSS OF USE, DATA, OR PROFITS; OR BUSINESS INTERRUPTION)\n         HOWEVER CAUSED AND ON ANY THEORY OF LIABILITY, WHETHER IN\n         CONTRACT, STRICT LIABILITY, OR TORT (INCLUDING NEGLIGENCE OR\n         OTHERWISE) ARISING IN ANY WAY OUT OF THE USE OF THIS SOFTWARE,\n         EVEN IF ADVISED OF THE POSSIBILITY OF SUCH DAMAGE.\u003c/p\u003e\n\n      \u003cp\u003eYou acknowledge that this software is not designed, licensed or\n         intended for use in the design, construction, operation or\n         maintenance of any nuclear facility.\u003c/p\u003e\n\n    "
}