{
  "isDeprecatedLicenseId": false,
  "isFsfLibre": true,
  "licenseText": "Copyright (c) \u003cyear\u003e \u003cowner\u003e. All rights reserved.\n\nRedistribution and use in source and binary forms, with or without modification, are permitted provided that the following conditions are met:\n\n1. Redistributions of source code must retain the above copyright notice, this list of conditions and the following disclaimer.\n\n2. Redistributions in binary form must reproduce the above copyright notice, this list of conditions and the following disclaimer in the documentation and/or other materials provided with the distribution.\n\n3. All advertising materials mentioning features or use of this software must display the following acknowledgement:\nThis product includes software developed by the organization.\n\n4. Neither the name of the copyright holder nor the names of its contributors may be used to endorse or promote products derived from this software without specific prior written permission.\n\nTHIS SOFTWARE IS PROVIDED BY COPYRIGHT HOLDER \"AS IS\" AND ANY EXPRESS OR IMPLIED WARRANTIES, INCLUDING, BUT NOT LIMITED TO, THE IMPLIED WARRANTIES OF MERCHANTABILITY AND FITNESS FOR A PARTICULAR PURPOSE ARE DISCLAIMED. IN NO EVENT SHALL COPYRIGHT HOLDER BE LIABLE FOR ANY DIRECT, INDIRECT, INCIDENTAL, SPECIAL, EXEMPLARY, OR CONSEQUENTIAL DAMAGES (INCLUDING, BUT NOT LIMITED TO, PROCUREMENT OF SUBSTITUTE GOODS OR SERVICES; LOSS OF USE, DATA, OR PROFITS; OR BUSINESS INTERRUPTION) HOWEVER CAUSED AND ON ANY THEORY OF LIABILITY, WHETHER IN CONTRACT, STRICT LIABILITY, OR TORT (INCLUDING NEGLIGENCE OR OTHERWISE) ARISING IN ANY WAY OUT OF THE USE OF THIS SOFTWARE, EVEN IF ADVISED OF THE POSSIBILITY OF SUCH DAMAGE.\n",
  "standardLicenseTemplate": "\u003c\u003cvar;name\u003d\"copyright\";original\u003d\"Copyright (c) \u003cyear\u003e \u003cowner\u003e. All rights reserved.  \";match\u003d\".{0,5000}\"\u003e\u003e\n\nRedistribution and use in source and binary forms, with or without modification, are permitted provided that the following conditions are met:\n\n   \u003c\u003cvar;name\u003d\"bullet\";original\u003d\"1.\";match\u003d\".{0,20}\"\u003e\u003e Redistributions of source code must retain the above copyright notice, this list of conditions and the following disclaimer.\n\n   \u003c\u003cvar;name\u003d\"bullet\";original\u003d\"2.\";match\u003d\".{0,20}\"\u003e\u003e Redistributions in binary form must reproduce the above copyright notice, this list of conditions and the following disclaimer in the documentation and/or other materials provided with the distribution.\n\n   \u003c\u003cvar;name\u003d\"bullet\";original\u003d\"3.\";match\u003d\".{0,20}\"\u003e\u003e All advertising materials mentioning features or use of this software must display the following acknowledgement:\n\n   This product includes software developed by \u003c\u003cvar;name\u003d\"organizationClause3\";original\u003d\"the organization\";match\u003d\".+\"\u003e\u003e .\n\n   \u003c\u003cvar;name\u003d\"bullet\";original\u003d\"4.\";match\u003d\".{0,20}\"\u003e\u003e \u003c\u003cvar;name\u003d\"organizationClause4\";original\u003d\"Neither the name of the copyright holder nor the names the copyright holder nor the names of its contributors may\";match\u003d\"(The name of.+may not)|(Neither the name of.+nor the names of its contributors may)\"\u003e\u003e be used to endorse or promote products derived from this software without specific prior written permission.\n\nTHIS SOFTWARE IS PROVIDED BY \u003c\u003cvar;name\u003d\"copyrightHolderAsIs\";original\u003d\"COPYRIGHT HOLDER\";match\u003d\".+\"\u003e\u003e \"AS IS\" AND ANY EXPRESS OR IMPLIED WARRANTIES, INCLUDING, BUT NOT LIMITED TO, THE IMPLIED WARRANTIES OF MERCHANTABILITY AND FITNESS FOR A PARTICULAR PURPOSE ARE DISCLAIMED. IN NO EVENT SHALL \u003c\u003cvar;name\u003d\"copyrightHolderLiability\";original\u003d\"COPYRIGHT HOLDER\";match\u003d\".+\"\u003e\u003e BE LIABLE FOR ANY DIRECT, INDIRECT, INCIDENTAL, SPECIAL, EXEMPLARY, OR CONSEQUENTIAL DAMAGES (INCLUDING, BUT NOT LIMITED TO, PROCUREMENT OF SUBSTITUTE GOODS OR SERVICES; LOSS OF USE, DATA, OR PROFITS; OR BUSINESS INTERRUPTION) HOWEVER CAUSED AND ON ANY THEORY OF LIABILITY, WHETHER IN CONTRACT, STRICT LIABILITY, OR TORT (INCLUDING NEGLIGENCE OR OTHERWISE) ARISING IN ANY WAY OUT OF THE USE OF THIS SOFTWARE, EVEN IF ADVISED OF THE POSSIBILITY OF SUCH DAMAGE.\n\n",
  "name": "BSD 4-Clause \"Original\" or \"Old\" License",
  "licenseComments": "This license was rescinded by the author on 22 July 1999.",
  "licenseId": "BSD-4-Clause",
  "crossRef": [
    {
      "match": "false",
      "url": "http://directory.fsf.org/wiki/License:BSD_4Clause",
      "isValid": true,
      "isLive": true,
      "timestamp": "2024-05-22T17:24:58Z",
      "isWayBackLink": false,
      "order": 0
    }
  ],
  "seeAlso": [
    "http://directory.fsf.org/wiki/License:BSD_4Clause"
  ],
  "isOsiApproved": false,
  "licenseTextHtml": "\n      \u003cdiv class\u003d\"replaceable-license-text\"\u003e \n         \u003cp\u003eCopyright (c) \u0026lt;year\u0026gt; \u0026lt;owner\u0026gt;. All rights reserved. \n      \u003c/p\u003e\n\n      \u003c/div\u003e\n\n      \u003cp\u003eRedistribution and use in source and binary forms, with or without modification, are permitted provided\n         that the following conditions are met:\u003c/p\u003e\n\n\u003cul style\u003d\"list-style:none\"\u003e\n        \n\u003cli\u003e\n            \u003cvar class\u003d\"replaceable-license-text\"\u003e 1.\u003c/var\u003e\n          Redistributions of source code must retain the above copyright notice, this list of conditions\n             and the following disclaimer.\n        \u003c/li\u003e\n        \n\u003cli\u003e\n            \u003cvar class\u003d\"replaceable-license-text\"\u003e 2.\u003c/var\u003e\n          Redistributions in binary form must reproduce the above copyright notice, this list of conditions\n             and the following disclaimer in the documentation and/or other materials provided with the\n             distribution.\n        \u003c/li\u003e\n        \n\u003cli\u003e\n            \u003cvar class\u003d\"replaceable-license-text\"\u003e 3.\u003c/var\u003e\n          All advertising materials mentioning features or use of this software must display the following\n             acknowledgement:\n            \u003cbr /\u003e\n\n   This product includes software developed by\n            \u003cvar class\u003d\"replaceable-license-text\"\u003e the organization\u003c/var\u003e.\n\n        \u003c/li\u003e\n        \n\u003cli\u003e\n            \u003cvar class\u003d\"replaceable-license-text\"\u003e 4.\u003c/var\u003e\n         \u003cvar class\u003d\"replaceable-license-text\"\u003e \n                 Neither the name of the copyright holder nor the names the copyright holder nor the names of its\n           contributors may\u003c/var\u003e be used to endorse or promote products derived from this software without\n            specific prior written permission.\n\n        \u003c/li\u003e\n      \n\u003c/ul\u003e\n      \u003cp\u003eTHIS SOFTWARE IS PROVIDED BY\n        \u003cvar class\u003d\"replaceable-license-text\"\u003e COPYRIGHT HOLDER\u003c/var\u003e \u0026quot;AS IS\u0026quot; AND ANY EXPRESS OR IMPLIED\n        WARRANTIES, INCLUDING, BUT NOT LIMITED TO, THE IMPLIED WARRANTIES OF MERCHANTABILITY AND FITNESS FOR A\n        PARTICULAR PURPOSE ARE DISCLAIMED. IN NO EVENT SHALL\n        \u003cvar class\u003d\"replaceable-license-text\"\u003e COPYRIGHT HOLDER\u003c/var\u003e BE LIABLE FOR ANY DIRECT,\n        INDIRECT, INCIDENTAL, SPECIAL, EXEMPLARY, OR CONSEQUENTIAL DAMAGES (INCLUDING, BUT NOT LIMITED TO,\n        PROCUREMENT OF SUBSTITUTE GOODS OR SERVICES; LOSS OF USE, DATA, OR PROFITS; OR BUSINESS INTERRUPTION)\n        HOWEVER CAUSED AND ON ANY THEORY OF LIABILITY, WHETHER IN CONTRACT, STRICT LIABILITY, OR TORT (INCLUDING\n        NEGLIGENCE OR OTHERWISE) ARISING IN ANY WAY OUT OF THE USE OF THIS SOFTWARE, EVEN IF ADVISED OF THE\n        POSSIBILITY OF SUCH DAMAGE.\n      \u003c/p\u003e\n\n    "
}