{
  "isDeprecatedLicenseId": false,
  "licenseText": "Copyright (c) 2011, Deusty, LLC\nAll rights reserved.\n\nRedistribution and use of this software in source and binary forms, with or without modification, are permitted provided that the following conditions are met:\n\n     * Redistributions of source code must retain the above copyright notice, this list of conditions and the following disclaimer.\n\n     * Neither the name of Deusty nor the names of its contributors may be used to endorse or promote products derived from this software without specific prior written permission of Deusty, LLC.\n\nTHIS SOFTWARE IS PROVIDED BY THE COPYRIGHT HOLDERS AND CONTRIBUTORS \"AS IS\" AND ANY EXPRESS OR IMPLIED WARRANTIES, INCLUDING, BUT NOT LIMITED TO, THE IMPLIED WARRANTIES OF MERCHANTABILITY AND FITNESS FOR A PARTICULAR PURPOSE ARE DISCLAIMED. IN NO EVENT SHALL THE COPYRIGHT HOLDER OR CONTRIBUTORS BE LIABLE FOR ANY DIRECT, INDIRECT, INCIDENTAL, SPECIAL, EXEMPLARY, OR CONSEQUENTIAL DAMAGES (INCLUDING, BUT NOT LIMITED TO, PROCUREMENT OF SUBSTITUTE GOODS OR SERVICES; LOSS OF USE, DATA, OR PROFITS; OR BUSINESS INTERRUPTION) HOWEVER CAUSED AND ON ANY THEORY OF LIABILITY, WHETHER IN CONTRACT, STRICT LIABILITY, OR TORT (INCLUDING NEGLIGENCE OR OTHERWISE) ARISING IN ANY WAY OUT OF THE USE OF THIS SOFTWARE, EVEN IF ADVISED OF THE POSSIBILITY OF SUCH DAMAGE.\n",
  "standardLicenseTemplate": "\u003c\u003cvar;name\u003d\"copyright\";original\u003d\"Copyright (c) 2011, Deusty, LLC  All rights reserved.  \";match\u003d\".{0,5000}\"\u003e\u003e\n\nRedistribution and use of this software in source and binary forms, with or without modification, are permitted provided that the following conditions are met:\n\n   \u003c\u003cvar;name\u003d\"bullet\";original\u003d\"*\";match\u003d\".{0,20}\"\u003e\u003e Redistributions of source code must retain the above copyright notice, this list of conditions and the following disclaimer.\n\n   \u003c\u003cvar;name\u003d\"bullet\";original\u003d\"*\";match\u003d\".{0,20}\"\u003e\u003e Neither the name of \u003c\u003cvar;name\u003d\"organizationClause3\";original\u003d\"Deusty\";match\u003d\".+\"\u003e\u003e nor the names of its contributors may be used to endorse or promote products derived from this software without specific prior written permission of \u003c\u003cvar;name\u003d\"organizationClause2\";original\u003d\"Deusty, LLC.\";match\u003d\".+\"\u003e\u003e\n\nTHIS SOFTWARE IS PROVIDED BY \u003c\u003cvar;name\u003d\"copyrightHolderAsIs\";original\u003d\"THE COPYRIGHT HOLDERS AND CONTRIBUTORS\";match\u003d\".+\"\u003e\u003e \"AS IS\" AND ANY EXPRESS OR IMPLIED WARRANTIES, INCLUDING, BUT NOT LIMITED TO, THE IMPLIED WARRANTIES OF MERCHANTABILITY AND FITNESS FOR A PARTICULAR PURPOSE ARE DISCLAIMED. IN NO EVENT SHALL \u003c\u003cvar;name\u003d\"copyrightHolderLiability\";original\u003d\"THE COPYRIGHT HOLDER OR CONTRIBUTORS\";match\u003d\".+\"\u003e\u003e BE LIABLE FOR ANY DIRECT, INDIRECT, INCIDENTAL, SPECIAL, EXEMPLARY, OR CONSEQUENTIAL DAMAGES (INCLUDING, BUT NOT LIMITED TO, PROCUREMENT OF SUBSTITUTE GOODS OR SERVICES; LOSS OF USE, DATA, OR PROFITS; OR BUSINESS INTERRUPTION) HOWEVER CAUSED AND ON ANY THEORY OF LIABILITY, WHETHER IN CONTRACT, STRICT LIABILITY, OR TORT (INCLUDING NEGLIGENCE OR OTHERWISE) ARISING IN ANY WAY OUT OF THE USE OF THIS SOFTWARE, EVEN IF ADVISED OF THE POSSIBILITY OF SUCH DAMAGE.\n\n",
  "name": "BSD Source Code Attribution",
  "licenseId": "BSD-Source-Code",
  "crossRef": [
    {
      "match": "false",
      "url": "https://github.com/robbiehanson/CocoaHTTPServer/blob/master/LICENSE.txt",
      "isValid": true,
      "isLive": true,
      "timestamp": "2024-05-22T17:18:32Z",
      "isWayBackLink": false,
      "order": 0
    }
  ],
  "seeAlso": [
    "https://github.com/robbiehanson/CocoaHTTPServer/blob/master/LICENSE.txt"
  ],
  "isOsiApproved": false,
  "licenseTextHtml": "\n      \u003cdiv class\u003d\"replaceable-license-text\"\u003e \n         \u003cp\u003eCopyright (c) 2011, Deusty, LLC\n            \u003cbr /\u003e\n\nAll rights reserved.\n      \u003c/p\u003e\n\n      \u003c/div\u003e\n\n      \u003cp\u003eRedistribution and use of this software in source and binary\n         forms, with or without modification, are permitted provided\n         that the following conditions are met:\u003c/p\u003e\n\n\u003cul style\u003d\"list-style:none\"\u003e\n        \n\u003cli\u003e\n            \u003cvar class\u003d\"replaceable-license-text\"\u003e *\u003c/var\u003e\n          Redistributions of source code must retain the above\n             copyright notice, this list of conditions and the\n             following disclaimer.\n        \u003c/li\u003e\n        \n\u003cli\u003e\n            \u003cvar class\u003d\"replaceable-license-text\"\u003e *\u003c/var\u003e\n          Neither the name of\n            \u003cvar class\u003d\"replaceable-license-text\"\u003e \n            Deusty\u003c/var\u003e nor the names of its contributors may be\n            used to endorse or promote products derived from this\n            software without specific prior written permission of\n            \u003cvar class\u003d\"replaceable-license-text\"\u003e Deusty, LLC.\n            \u003c/var\u003e\n\n        \u003c/li\u003e\n      \n\u003c/ul\u003e\n      \u003cp\u003eTHIS SOFTWARE IS PROVIDED BY\n        \u003cvar class\u003d\"replaceable-license-text\"\u003e THE COPYRIGHT HOLDERS\n        AND CONTRIBUTORS\u003c/var\u003e \u0026quot;AS IS\u0026quot; AND ANY EXPRESS OR IMPLIED\n        WARRANTIES, INCLUDING, BUT NOT LIMITED TO, THE IMPLIED\n        WARRANTIES OF MERCHANTABILITY AND FITNESS FOR A PARTICULAR\n        PURPOSE ARE DISCLAIMED. IN NO EVENT SHALL\n        \u003cvar class\u003d\"replaceable-license-text\"\u003e THE COPYRIGHT\n        HOLDER OR CONTRIBUTORS\u003c/var\u003e BE LIABLE FOR ANY DIRECT, INDIRECT,\n        INCIDENTAL, SPECIAL, EXEMPLARY, OR CONSEQUENTIAL DAMAGES\n        (INCLUDING, BUT NOT LIMITED TO, PROCUREMENT OF SUBSTITUTE GOODS\n        OR SERVICES; LOSS OF USE, DATA, OR PROFITS; OR BUSINESS\n        INTERRUPTION) HOWEVER CAUSED AND ON ANY THEORY OF LIABILITY,\n        WHETHER IN CONTRACT, STRICT LIABILITY, OR TORT (INCLUDING\n        NEGLIGENCE OR OTHERWISE) ARISING IN ANY WAY OUT OF THE USE OF\n        THIS SOFTWARE, EVEN IF ADVISED OF THE POSSIBILITY OF SUCH\n        DAMAGE.\n      \u003c/p\u003e\n\n    "
}