{
  "isDeprecatedLicenseId": false,
  "isFsfLibre": true,
  "licenseText": "Boost Software License - Version 1.0 - August 17th, 2003\n\nPermission is hereby granted, free of charge, to any person or organization obtaining a copy of the software and accompanying documentation covered by this license (the \"Software\") to use, reproduce, display, distribute, execute, and transmit the Software, and to prepare derivative works of the Software, and to permit third-parties to whom the Software is furnished to do so, all subject to the following:\n\nThe copyright notices in the Software and this entire statement, including the above license grant, this restriction and the following disclaimer, must be included in all copies of the Software, in whole or in part, and all derivative works of the Software, unless such copies or derivative works are solely in the form of machine-executable object code generated by a source language processor.\n\nTHE SOFTWARE IS PROVIDED \"AS IS\", WITHOUT WARRANTY OF ANY KIND, EXPRESS OR IMPLIED, INCLUDING BUT NOT LIMITED TO THE WARRANTIES OF MERCHANTABILITY, FITNESS FOR A PARTICULAR PURPOSE, TITLE AND NON-INFRINGEMENT. IN NO EVENT SHALL THE COPYRIGHT HOLDERS OR ANYONE DISTRIBUTING THE SOFTWARE BE LIABLE FOR ANY DAMAGES OR OTHER LIABILITY, WHETHER IN CONTRACT, TORT OR OTHERWISE, ARISING FROM, OUT OF OR IN CONNECTION WITH THE SOFTWARE OR THE USE OR OTHER DEALINGS IN THE SOFTWARE.\n",
  "standardLicenseTemplate": "\u003c\u003cbeginOptional\u003e\u003eBoost Software License - Version 1.0 - August 17th, 2003\n\n\u003c\u003cendOptional\u003e\u003e\n\nPermission is hereby granted, free of charge, to any person or organization obtaining a copy of the software and accompanying documentation covered by this license (the \"Software\") to use, reproduce, display, distribute, execute, and transmit the Software, and to prepare derivative works of the Software, and to permit third-parties to whom the Software is furnished to do so, all subject to the following:\n\nThe copyright notices in the Software and this entire statement, including the above license grant, this restriction and the following disclaimer, must be included in all copies of the Software, in whole or in part, and all derivative works of the Software, unless such copies or derivative works are solely in the form of machine-executable object code generated by a source language processor.\n\nTHE SOFTWARE IS PROVIDED \"AS IS\", WITHOUT WARRANTY OF ANY KIND, EXPRESS OR IMPLIED, INCLUDING BUT NOT LIMITED TO THE WARRANTIES OF MERCHANTABILITY, FITNESS FOR A PARTICULAR PURPOSE, TITLE AND NON-INFRINGEMENT. IN NO EVENT SHALL THE COPYRIGHT HOLDERS OR ANYONE DISTRIBUTING THE SOFTWARE BE LIABLE FOR ANY DAMAGES OR OTHER LIABILITY, WHETHER IN CONTRACT, TORT OR OTHERWISE, ARISING FROM, OUT OF OR IN CONNECTION WITH THE SOFTWARE OR THE USE OR OTHER DEALINGS IN THE SOFTWARE.\n\n",
  "name": "Boost Software License 1.0",
  "licenseComments": "This license was released: 17 August 2003",
  "licenseId": "BSL-1.0",
  "crossRef": [
    {
      "match": "N/A",
      "url": "https://opensource.org/licenses/BSL-1.0",
      "isValid": true,
      "isLive": true,
      "timestamp": "2024-05-22T17:28:21Z",
      "isWayBackLink": false,
      "order": 1
    },
    {
      "match": "false",
      "url": "http://www.boost.org/LICENSE_1_0.txt",
      "isValid": true,
      "isLive": true,
      "timestamp": "2024-05-22T17:28:21Z",
      "isWayBackLink": false,
      "order": 0
    }
  ],
  "seeAlso": [
    "http://www.boost.org/LICENSE_1_0.txt",
    "https://opensource.org/licenses/BSL-1.0"
  ],
  "isOsiApproved": true,
  "licenseTextHtml": "\n      \u003cdiv class\u003d\"optional-license-text\"\u003e \n         \u003cp\u003eBoost Software License - Version 1.0 - August 17th, 2003\u003c/p\u003e\n\n      \u003c/div\u003e\n\n      \u003cp\u003ePermission is hereby granted, free of charge, to any person or organization obtaining a copy of the\n         software and accompanying documentation covered by this license (the \u0026quot;Software\u0026quot;) to use, reproduce,\n         display, distribute, execute, and transmit the Software, and to prepare derivative works of the\n         Software, and to permit third-parties to whom the Software is furnished to do so, all subject to the\n         following:\u003c/p\u003e\n\n      \u003cp\u003eThe copyright notices in the Software and this entire statement, including the above license grant, this\n         restriction and the following disclaimer, must be included in all copies of the Software, in whole or\n         in part, and all derivative works of the Software, unless such copies or derivative works are solely\n         in the form of machine-executable object code generated by a source language processor.\u003c/p\u003e\n\n      \u003cp\u003eTHE SOFTWARE IS PROVIDED \u0026quot;AS IS\u0026quot;, WITHOUT WARRANTY OF ANY KIND, EXPRESS OR IMPLIED, INCLUDING BUT NOT\n         LIMITED TO THE WARRANTIES OF MERCHANTABILITY, FITNESS FOR A PARTICULAR PURPOSE, TITLE AND\n         NON-INFRINGEMENT. IN NO EVENT SHALL THE COPYRIGHT HOLDERS OR ANYONE DISTRIBUTING THE SOFTWARE BE\n         LIABLE FOR ANY DAMAGES OR OTHER LIABILITY, WHETHER IN CONTRACT, TORT OR OTHERWISE, ARISING FROM, OUT\n         OF OR IN CONNECTION WITH THE SOFTWARE OR THE USE OR OTHER DEALINGS IN THE SOFTWARE.\u003c/p\u003e\n\n    "
}