{
  "isDeprecatedLicenseId": false,
  "licenseText": "Copyright(C) Caldera International Inc.  2001-2002.  All rights reserved.\n  \nRedistribution and use in source and binary forms, with or without\nmodification, are permitted provided that the following conditions are\nmet:\n\nRedistributions of source code and documentation must retain the above\ncopyright notice, this list of conditions and the following disclaimer.\n\nRedistributions in binary form must reproduce the above copyright\nnotice, this list of conditions and the following disclaimer in the\ndocumentation and/or other materials provided with the distribution.\n\nAll advertising materials mentioning features or use of this software\nmust display the following acknowledgement:\n\n   This product includes software developed or owned by  Caldera\n   International, Inc.\n\nNeither the name of Caldera International, Inc. nor the names of other\ncontributors may be used to endorse or promote products derived from\nthis software without specific prior written permission.\n\nUSE OF THE SOFTWARE PROVIDED FOR UNDER THIS LICENSE BY CALDERA\nINTERNATIONAL, INC. AND CONTRIBUTORS ``AS IS\u0027\u0027 AND ANY EXPRESS OR IMPLIED\nWARRANTIES, INCLUDING, BUT NOT LIMITED TO, THE IMPLIED WARRANTIES OF\nMERCHANTABILITY AND FITNESS FOR A PARTICULAR PURPOSE ARE DISCLAIMED.  IN\nNO EVENT SHALL CALDERA INTERNATIONAL, INC. BE LIABLE FOR ANY DIRECT,\nINDIRECT INCIDENTAL, SPECIAL, EXEMPLARY, OR CONSEQUENTIAL DAMAGES\n(INCLUDING, BUT NOT LIMITED TO, PROCUREMENT OF SUBSTITUTE GOODS OR\nSERVICES; LOSS OF USE, DATA, OR PROFITS; OR BUSINESS INTERRUPTION)\nHOWEVER CAUSED AND ON ANY THEORY OF LIABILITY, WHETHER IN CONTRACT,\nSTRICT LIABILITY, OR TORT (INCLUDING NEGLIGENCE OR OTHERWISE) ARISING IN\nANY WAY OUT OF THE USE OF THIS SOFTWARE, EVEN IF ADVISED OF THE\nPOSSIBILITY OF SUCH DAMAGE.\n",
  "standardLicenseTemplate": "\u003c\u003cvar;name\u003d\"copyright\";original\u003d\"Copyright(C) Caldera International Inc. 2001-2002. All rights reserved.  \";match\u003d\".{0,5000}\"\u003e\u003e\n\nRedistribution and use in source and binary forms, with or without modification, are permitted provided that the following conditions are met:\n\nRedistributions of source code and documentation must retain the above copyright notice, this list of conditions and the following disclaimer.\n\nRedistributions in binary form must reproduce the above copyright notice, this list of conditions and the following disclaimer in the documentation and/or other materials provided with the distribution.\n\nAll advertising materials mentioning features or use of this software must display the following acknowledgement:\n\n   This product includes software developed or owned by Caldera International, Inc.\n\nNeither the name of Caldera International, Inc. nor the names of other contributors may be used to endorse or promote products derived from this software without specific prior written permission.\n\nUSE OF THE SOFTWARE PROVIDED FOR UNDER THIS LICENSE BY CALDERA INTERNATIONAL, INC. AND CONTRIBUTORS ``AS IS\u0027\u0027 AND ANY EXPRESS OR IMPLIED WARRANTIES, INCLUDING, BUT NOT LIMITED TO, THE IMPLIED WARRANTIES OF MERCHANTABILITY AND FITNESS FOR A PARTICULAR PURPOSE ARE DISCLAIMED. IN NO EVENT SHALL CALDERA INTERNATIONAL, INC. BE LIABLE FOR ANY DIRECT, INDIRECT INCIDENTAL, SPECIAL, EXEMPLARY, OR CONSEQUENTIAL DAMAGES (INCLUDING, BUT NOT LIMITED TO, PROCUREMENT OF SUBSTITUTE GOODS OR SERVICES; LOSS OF USE, DATA, OR PROFITS; OR BUSINESS INTERRUPTION) HOWEVER CAUSED AND ON ANY THEORY OF LIABILITY, WHETHER IN CONTRACT, STRICT LIABILITY, OR TORT (INCLUDING NEGLIGENCE OR OTHERWISE) ARISING IN ANY WAY OUT OF THE USE OF THIS SOFTWARE, EVEN IF ADVISED OF THE POSSIBILITY OF SUCH DAMAGE.\n\n",
  "name": "Caldera License (without preamble)",
  "licenseComments": "This is identical to Caldera License, but does not include first paragraph.",
  "licenseId": "Caldera-no-preamble",
  "crossRef": [
    {
      "match": "false",
      "url": "https://github.com/apache/apr/blob/trunk/LICENSE#L298C6-L298C29",
      "isValid": true,
      "isLive": true,
      "timestamp": "2024-05-22T17:30:53Z",
      "isWayBackLink": false,
      "order": 0
    }
  ],
  "seeAlso": [
    "https://github.com/apache/apr/blob/trunk/LICENSE#L298C6-L298C29"
  ],
  "isOsiApproved": false,
  "licenseTextHtml": "\n      \u003cdiv class\u003d\"replaceable-license-text\"\u003e \n        \u003cp\u003eCopyright(C) Caldera International Inc. 2001-2002. All rights reserved.\u003c/p\u003e\n\n      \u003c/div\u003e\n      \u003cp\u003eRedistribution and use in source and binary forms, with or without modification, are permitted provided\n         that the following conditions are met:\u003c/p\u003e\n\n      \u003cp\u003eRedistributions of source code and documentation must retain the above copyright notice, this list of\n         conditions and the following disclaimer.\u003c/p\u003e\n\n      \u003cp\u003eRedistributions in binary form must reproduce the above copyright notice, this list of conditions and the\n         following disclaimer in the documentation and/or other materials provided with the distribution.\u003c/p\u003e\n\n      \u003cp\u003eAll advertising materials mentioning features or use of this software must display the following\n         acknowledgement:\n        \n\u003cul style\u003d\"list-style:none\"\u003e\n            \n\u003cli\u003e\n                \u003cp\u003eThis product includes software developed or owned by Caldera International, Inc.\u003c/p\u003e\n\n            \u003c/li\u003e\n        \n\u003c/ul\u003e\n      \u003c/p\u003e\n\n      \u003cp\u003eNeither the name of Caldera International, Inc. nor the names of other contributors may be used to\n         endorse or promote products derived from this software without specific prior written permission.\u003c/p\u003e\n\n      \u003cp\u003eUSE OF THE SOFTWARE PROVIDED FOR UNDER THIS LICENSE BY CALDERA INTERNATIONAL, INC. AND CONTRIBUTORS ``AS\n         IS\u0026apos;\u0026apos; AND ANY EXPRESS OR IMPLIED WARRANTIES, INCLUDING, BUT NOT LIMITED TO, THE IMPLIED WARRANTIES OF\n         MERCHANTABILITY AND FITNESS FOR A PARTICULAR PURPOSE ARE DISCLAIMED. IN NO EVENT SHALL CALDERA INTERNATIONAL,\n         INC. BE LIABLE FOR ANY DIRECT, INDIRECT INCIDENTAL, SPECIAL, EXEMPLARY, OR CONSEQUENTIAL DAMAGES (INCLUDING,\n         BUT NOT LIMITED TO, PROCUREMENT OF SUBSTITUTE GOODS OR SERVICES; LOSS OF USE, DATA, OR PROFITS; OR BUSINESS\n         INTERRUPTION) HOWEVER CAUSED AND ON ANY THEORY OF LIABILITY, WHETHER IN CONTRACT, STRICT LIABILITY, OR\n         TORT (INCLUDING NEGLIGENCE OR OTHERWISE) ARISING IN ANY WAY OUT OF THE USE OF THIS SOFTWARE, EVEN IF ADVISED\n         OF THE POSSIBILITY OF SUCH DAMAGE.\n      \u003c/p\u003e\n\n    "
}