{
  "isDeprecatedLicenseId": false,
  "isFsfLibre": true,
  "licenseText": "Eiffel Forum License, version 2\n\n1. Permission is hereby granted to use, copy, modify and/or distribute this package, provided that:\n     - copyright notices are retained unchanged,\n     - any distribution of this package, whether modified or not, includes this license text.\n\n2. Permission is hereby also granted to distribute binary programs which depend on this package. If the binary program depends on a modified version of this package, you are encouraged to publicly release the modified version of this package.\n\nTHIS PACKAGE IS PROVIDED \"AS IS\" AND WITHOUT WARRANTY. ANY EXPRESS OR IMPLIED WARRANTIES, INCLUDING, BUT NOT LIMITED TO, THE IMPLIED WARRANTIES OF MERCHANTABILITY AND FITNESS FOR A PARTICULAR PURPOSE ARE DISCLAIMED. IN NO EVENT SHALL THE AUTHORS BE LIABLE TO ANY PARTY FOR ANY DIRECT, INDIRECT, INCIDENTAL, SPECIAL, EXEMPLARY, OR CONSEQUENTIAL DAMAGES ARISING IN ANY WAY OUT OF THE USE OF THIS PACKAGE.\n",
  "standardLicenseTemplate": "\u003c\u003cbeginOptional\u003e\u003eEiffel Forum License, version 2\n\n\u003c\u003cendOptional\u003e\u003e\n\n   \u003c\u003cvar;name\u003d\"bullet\";original\u003d\"1.\";match\u003d\".{0,20}\"\u003e\u003e Permission is hereby granted to use, copy, modify and/or distribute this package, provided that:\n\n      \u003c\u003cvar;name\u003d\"bullet\";original\u003d\"-\";match\u003d\".{0,20}\"\u003e\u003e copyright notices are retained unchanged,\n\n      \u003c\u003cvar;name\u003d\"bullet\";original\u003d\"-\";match\u003d\".{0,20}\"\u003e\u003e any distribution of this package, whether modified or not, includes this license text.\n\n   \u003c\u003cvar;name\u003d\"bullet\";original\u003d\"2.\";match\u003d\".{0,20}\"\u003e\u003e Permission is hereby also granted to distribute binary programs which depend on this package. If the binary program depends on a modified version of this package, you are encouraged to publicly release the modified version of this package.\n\nTHIS PACKAGE IS PROVIDED \"AS IS\" AND WITHOUT WARRANTY. ANY EXPRESS OR IMPLIED WARRANTIES, INCLUDING, BUT NOT LIMITED TO, THE IMPLIED WARRANTIES OF MERCHANTABILITY AND FITNESS FOR A PARTICULAR PURPOSE ARE DISCLAIMED. IN NO EVENT SHALL THE AUTHORS BE LIABLE TO ANY PARTY FOR ANY DIRECT, INDIRECT, INCIDENTAL, SPECIAL, EXEMPLARY, OR CONSEQUENTIAL DAMAGES ARISING IN ANY WAY OUT OF THE USE OF THIS PACKAGE.\n\n",
  "name": "Eiffel Forum License v2.0",
  "licenseId": "EFL-2.0",
  "crossRef": [
    {
      "match": "false",
      "url": "http://www.eiffel-nice.org/license/eiffel-forum-license-2.html",
      "isValid": true,
      "isLive": true,
      "timestamp": "2024-05-22T17:18:49Z",
      "isWayBackLink": false,
      "order": 0
    },
    {
      "match": "N/A",
      "url": "https://opensource.org/licenses/EFL-2.0",
      "isValid": true,
      "isLive": true,
      "timestamp": "2024-05-22T17:18:49Z",
      "isWayBackLink": false,
      "order": 1
    }
  ],
  "seeAlso": [
    "http://www.eiffel-nice.org/license/eiffel-forum-license-2.html",
    "https://opensource.org/licenses/EFL-2.0"
  ],
  "isOsiApproved": true,
  "licenseTextHtml": "\n      \u003cdiv class\u003d\"optional-license-text\"\u003e \n         \u003cp\u003eEiffel Forum License, version 2\u003c/p\u003e\n\n      \u003c/div\u003e\n\n\u003cul style\u003d\"list-style:none\"\u003e\n        \n\u003cli\u003e\n            \u003cvar class\u003d\"replaceable-license-text\"\u003e 1.\u003c/var\u003e\n          Permission is hereby granted to use, copy, modify and/or distribute this package, provided that:\n          \n\u003cul style\u003d\"list-style:none\"\u003e\n               \n\u003cli\u003e\n                  \u003cvar class\u003d\"replaceable-license-text\"\u003e -\u003c/var\u003e\n              copyright notices are retained unchanged,\n            \u003c/li\u003e\n               \n\u003cli\u003e\n                  \u003cvar class\u003d\"replaceable-license-text\"\u003e -\u003c/var\u003e\n              any distribution of this package, whether modified or not, includes this license text.\n            \u003c/li\u003e\n            \n\u003c/ul\u003e\n        \u003c/li\u003e\n        \n\u003cli\u003e\n            \u003cvar class\u003d\"replaceable-license-text\"\u003e 2.\u003c/var\u003e\n          Permission is hereby also granted to distribute binary programs which depend on this package. If\n             the binary program depends on a modified version of this package, you are encouraged to\n             publicly release the modified version of this package.\n        \u003c/li\u003e\n      \n\u003c/ul\u003e\n      \u003cp\u003eTHIS PACKAGE IS PROVIDED \u0026quot;AS IS\u0026quot; AND WITHOUT WARRANTY. ANY EXPRESS OR IMPLIED WARRANTIES,\n         INCLUDING, BUT NOT LIMITED TO, THE IMPLIED WARRANTIES OF MERCHANTABILITY AND FITNESS FOR A PARTICULAR\n         PURPOSE ARE DISCLAIMED. IN NO EVENT SHALL THE AUTHORS BE LIABLE TO ANY PARTY FOR ANY DIRECT, INDIRECT,\n         INCIDENTAL, SPECIAL, EXEMPLARY, OR CONSEQUENTIAL DAMAGES ARISING IN ANY WAY OUT OF THE USE OF THIS\n         PACKAGE.\u003c/p\u003e\n\n    "
}