{
  "isDeprecatedLicenseId": true,
  "licenseText": "insert GPL v3 text here\n\nAUTOCONF CONFIGURE SCRIPT EXCEPTION\n\nVersion 3.0, 18 August 2009\n\nCopyright © 2009 Free Software Foundation, Inc. \u003ehttp://fsf.org/\u003c\n\nEveryone is permitted to copy and distribute verbatim copies of this license document, but changing it is not allowed.\n\nThis Exception is an additional permission under section 7 of the GNU General Public License, version 3 (\"GPLv3\"). It applies to a given file that bears a notice placed by the copyright holder of the file stating that the file is governed by GPLv3 along with this Exception.\n\nThe purpose of this Exception is to allow distribution of Autoconf\u0027s typical output under terms of the recipient\u0027s choice (including proprietary).\n\n   0. Definitions.\n\n   \"Covered Code\" is the source or object code of a version of Autoconf that is a covered work under this License.\n\n   \"Normally Copied Code\" for a version of Autoconf means all parts of its Covered Code which that version can copy from its code (i.e., not from its input file) into its minimally verbose, non-debugging and non-tracing output.\n\n   \"Ineligible Code\" is Covered Code that is not Normally Copied Code.\n\n   1. Grant of Additional Permission.\n\n   You have permission to propagate output of Autoconf, even if such propagation would otherwise violate the terms of GPLv3. However, if by modifying Autoconf you cause any Ineligible Code of the version you received to become Normally Copied Code of your modified version, then you void this Exception for the resulting covered work. If you convey that resulting covered work, you must remove this Exception in accordance with the second paragraph of Section 7 of GPLv3.\n\n   2. No Weakening of Autoconf Copyleft.\n\n   The availability of this Exception does not imply any general presumption that third-party software is unaffected by the copyleft requirements of the license of Autoconf.\n\n   ",
  "standardLicenseTemplate": "insert GPL v3 text here\n\nAUTOCONF CONFIGURE SCRIPT EXCEPTION\n\nVersion 3.0, 18 August 2009\n\nCopyright © 2009 Free Software Foundation, Inc. \u003ehttp://fsf.org/\u003c\n\nEveryone is permitted to copy and distribute verbatim copies of this license document, but changing it is not allowed.\n\nThis Exception is an additional permission under section 7 of the GNU General Public License, version 3 (\"GPLv3\"). It applies to a given file that bears a notice placed by the copyright holder of the file stating that the file is governed by GPLv3 along with this Exception.\n\nThe purpose of this Exception is to allow distribution of Autoconf\u0027s typical output under terms of the recipient\u0027s choice (including proprietary).\n\n   \u003c\u003cvar;name\u003d\"bullet\";original\u003d\"0.\";match\u003d\".{0,20}\"\u003e\u003e Definitions.\n\n   \"Covered Code\" is the source or object code of a version of Autoconf that is a covered work under this License.\n\n   \"Normally Copied Code\" for a version of Autoconf means all parts of its Covered Code which that version can copy from its code (i.e., not from its input file) into its minimally verbose, non-debugging and non-tracing output.\n\n   \"Ineligible Code\" is Covered Code that is not Normally Copied Code.\n\n   \u003c\u003cvar;name\u003d\"bullet\";original\u003d\"1.\";match\u003d\".{0,20}\"\u003e\u003e Grant of Additional Permission.\n\n   You have permission to propagate output of Autoconf, even if such propagation would otherwise violate the terms of GPLv3. However, if by modifying Autoconf you cause any Ineligible Code of the version you received to become Normally Copied Code of your modified version, then you void this Exception for the resulting covered work. If you convey that resulting covered work, you must remove this Exception in accordance with the second paragraph of Section 7 of GPLv3.\n\n   \u003c\u003cvar;name\u003d\"bullet\";original\u003d\"2.\";match\u003d\".{0,20}\"\u003e\u003e No Weakening of Autoconf Copyleft.\n\n   The availability of this Exception does not imply any general presumption that third-party software is unaffected by the copyleft requirements of the license of Autoconf.\n\n   ",
  "name": "GNU General Public License v3.0 w/Autoconf exception",
  "licenseComments": "DEPRECATED: Use license expression including main license, \"WITH\" operator, and identifier: Autoconf-exception-3.0",
  "licenseId": "GPL-3.0-with-autoconf-exception",
  "crossRef": [
    {
      "match": "false",
      "url": "https://www.gnu.org/licenses/autoconf-exception-3.0.html",
      "isValid": true,
      "isLive": true,
      "timestamp": "2024-05-22T17:26:14Z",
      "isWayBackLink": false,
      "order": 0
    }
  ],
  "seeAlso": [
    "https://www.gnu.org/licenses/autoconf-exception-3.0.html"
  ],
  "isOsiApproved": false,
  "licenseTextHtml": "\n\t     \u003cp\u003einsert GPL v3 text here\u003c/p\u003e\n\n\t     \u003cp\u003eAUTOCONF CONFIGURE SCRIPT EXCEPTION\u003c/p\u003e\n\n\t     \u003cp\u003eVersion 3.0, 18 August 2009\u003c/p\u003e\n\n\t     \u003cp\u003eCopyright © 2009 Free Software Foundation, Inc. \u0026gt;http://fsf.org/\u0026lt;\u003c/p\u003e\n\n\t     \u003cp\u003eEveryone is permitted to copy and distribute verbatim copies of this license document, but changing it is not allowed.\u003c/p\u003e\n\n\t     \u003cp\u003eThis Exception is an additional permission under section 7 of the GNU General Public License, version 3 (\u0026quot;GPLv3\u0026quot;). It applies to a given file that bears a notice placed by the copyright holder of the file stating that the file is governed by GPLv3 along with this Exception.\u003c/p\u003e\n\n\t     \u003cp\u003eThe purpose of this Exception is to allow distribution of Autoconf\u0026apos;s typical output under terms of the recipient\u0026apos;s choice (including proprietary).\u003c/p\u003e\n\n\u003cul style\u003d\"list-style:none\"\u003e\n        \n\u003cli\u003e\n\t\t\t         \u003cvar class\u003d\"replaceable-license-text\"\u003e 0.\u003c/var\u003e\n\t\t\t Definitions.\n\t\t\t\u003cp\u003e\u0026quot;Covered Code\u0026quot; is the source or object code of a version of Autoconf that is a covered work under this License.\u003c/p\u003e\n\n\t\t\t         \u003cp\u003e\u0026quot;Normally Copied Code\u0026quot; for a version of Autoconf means all parts of its Covered Code which that version can copy from its code (i.e., not from its input file) into its minimally verbose, non-debugging and non-tracing output.\u003c/p\u003e\n\n\t\t\t         \u003cp\u003e\u0026quot;Ineligible Code\u0026quot; is Covered Code that is not Normally Copied Code.\u003c/p\u003e\n\n\t\t       \u003c/li\u003e\n\t\t       \n\u003cli\u003e\n\t\t\t         \u003cvar class\u003d\"replaceable-license-text\"\u003e 1.\u003c/var\u003e\n\t\t\t Grant of Additional Permission.\n\t\t\t\u003cp\u003eYou have permission to propagate output of Autoconf, even if such propagation would otherwise violate the terms of GPLv3. However, if by modifying Autoconf you cause any Ineligible Code of the version you received to become Normally Copied Code of your modified version, then you void this Exception for the resulting covered work. If you convey that resulting covered work, you must remove this Exception in accordance with the second paragraph of Section 7 of GPLv3.\u003c/p\u003e\n\n\t\t       \u003c/li\u003e\n\t\t       \n\u003cli\u003e\n\t\t\t         \u003cvar class\u003d\"replaceable-license-text\"\u003e 2.\u003c/var\u003e\n\t\t\tNo Weakening of Autoconf Copyleft.\n\t\t\t\u003cp\u003eThe availability of this Exception does not imply any general presumption that third-party software is unaffected by the copyleft requirements of the license of Autoconf.\u003c/p\u003e\n\n\t\t       \u003c/li\u003e\n\t     \n\u003c/ul\u003e\n    ",
  "deprecatedVersion": "2.0rc2"
}