{
  "isDeprecatedLicenseId": false,
  "licenseText": "Copyright (c) 1990- 1993, 1996 Open Software Foundation, Inc.\nCopyright (c) 1989 by Hewlett-Packard Company, Palo Alto, Ca.\nDigital Equipment Corporation, Maynard, Mass.\nCopyright (c) 1998 Microsoft.\nTo anyone who acknowledges that this file is provided \"AS IS\"\nwithout any express or implied warranty: permission to use, copy,\nmodify, and distribute this file for any purpose is hereby\ngranted without fee, provided that the above copyright notices and\nthis notice appears in all source code copies, and that none of\nthe names of Open Software Foundation, Inc., Hewlett-Packard\nCompany, Microsoft, or Digital Equipment Corporation be used in\nadvertising or publicity pertaining to distribution of the software\nwithout specific, written prior permission. Neither Open Software\nFoundation, Inc., Hewlett-Packard Company, Microsoft, nor Digital\nEquipment Corporation makes any representations about the\nsuitability of this software for any purpose.\n",
  "standardLicenseTemplate": "\u003c\u003cvar;name\u003d\"copyright\";original\u003d\"Copyright (c) 1990- 1993, 1996 Open Software Foundation, Inc. Copyright (c) 1989 by Hewlett-Packard Company, Palo Alto, Ca. \u0026 Digital Equipment Corporation, Maynard, Mass. Copyright (c) 1998 Microsoft.\";match\u003d\".{0,5000}\"\u003e\u003e\n\nTo anyone who acknowledges that this file is provided \"AS IS\" without any express or implied warranty: permission to use, copy, modify, and distribute this file for any purpose is hereby granted without fee, provided that the above copyright notices and this notice appears in all source code copies, and that none of the names of Open Software Foundation, Inc., Hewlett-Packard Company, Microsoft, or Digital Equipment Corporation be used in advertising or publicity pertaining to distribution of the software without specific, written prior permission. Neither Open Software Foundation, Inc., Hewlett-Packard Company, Microsoft, nor Digital Equipment Corporation makes any representations about the suitability of this software for any purpose.\n\n",
  "name": "Hewlett-Packard 1989 License",
  "licenseId": "HP-1989",
  "crossRef": [
    {
      "match": "false",
      "url": "https://github.com/bleargh45/Data-UUID/blob/master/LICENSE",
      "isValid": true,
      "isLive": true,
      "timestamp": "2024-05-22T17:33:05Z",
      "isWayBackLink": false,
      "order": 0
    }
  ],
  "seeAlso": [
    "https://github.com/bleargh45/Data-UUID/blob/master/LICENSE"
  ],
  "isOsiApproved": false,
  "licenseTextHtml": "\n         \u003cvar class\u003d\"replaceable-license-text\"\u003e \n\t    Copyright (c) 1990- 1993, 1996 Open Software Foundation, Inc.\n            Copyright (c) 1989 by Hewlett-Packard Company, Palo Alto, Ca. \u0026amp;\n            Digital Equipment Corporation, Maynard, Mass.\n            Copyright (c) 1998 Microsoft.\n         \u003c/var\u003e\n         \u003cp\u003e\n\t    To anyone who acknowledges that this file is provided \u0026quot;AS IS\u0026quot;\n            without any express or implied warranty: permission to use, copy,\n            modify, and distribute this file for any purpose is hereby\n            granted without fee, provided that the above copyright notices and\n            this notice appears in all source code copies, and that none of\n            the names of Open Software Foundation, Inc., Hewlett-Packard\n            Company, Microsoft, or Digital Equipment Corporation be used in\n            advertising or publicity pertaining to distribution of the software\n            without specific, written prior permission. Neither Open Software\n            Foundation, Inc., Hewlett-Packard Company, Microsoft, nor Digital\n            Equipment Corporation makes any representations about the\n            suitability of this software for any purpose.\n         \u003c/p\u003e\n\n      "
}