{
  "isDeprecatedLicenseId": false,
  "licenseText": "Copyright (C) 1994 CyberSAFE Corporation.\nCopyright 1990,1991,2007,2008 by the Massachusetts\nInstitute of Technology.\nAll Rights Reserved.\n\nExport of this software from the United States of America may\nrequire a specific license from the United States Government.  It\nis the responsibility of any person or organization\ncontemplating export to obtain such a license before exporting.\n\nWITHIN THAT CONSTRAINT, permission to use, copy, modify, and\ndistribute this software and its documentation for any purpose and\nwithout fee is hereby granted, provided that the above copyright\nnotice appear in all copies and that both that copyright notice and\nthis permission notice appear in supporting documentation, and that\nthe name of M.I.T. not be used in advertising or publicity\npertaining to distribution of the software without specific,\nwritten prior permission.  Furthermore if you modify this software\nyou must label your software as modified software and not\ndistribute it in such a fashion that it might be confused with the\noriginal M.I.T. software.  Neither M.I.T., the Open Computing\nSecurity Group, nor CyberSAFE Corporation make any representations\nabout the suitability of this software for any purpose.  It is\nprovided \"as is\" without express or implied warranty.\n",
  "standardLicenseTemplate": "\u003c\u003cvar;name\u003d\"copyright\";original\u003d\"Copyright (C) 1994 CyberSAFE Corporation.  Copyright 1990,1991,2007,2008 by the Massachusetts Institute of Technology.  All Rights Reserved.  \";match\u003d\".{0,5000}\"\u003e\u003e\n\nExport of this software from the United States of America may require a specific license from the United States Government. It is the responsibility of any person or organization contemplating export to obtain such a license before exporting.\n\nWITHIN THAT CONSTRAINT, permission to use, copy, modify, and distribute this software and its documentation for any purpose and without fee is hereby granted, provided that the above copyright notice appear in all copies and that both that copyright notice and this permission notice appear in supporting documentation, and that the name of M.I.T. not be used in advertising or publicity pertaining to distribution of the software without specific, written prior permission. Furthermore if you modify this software you must label your software as modified software and not distribute it in such a fashion that it might be confused with the original M.I.T. software. \u003c\u003cvar;name\u003d\"norepresentations\";original\u003d\"Neither M.I.T., the Open Computing Security Group, nor CyberSAFE Corporation make any\";match\u003d\"Neither .+ make any|.+ makes no\"\u003e\u003e representations about the suitability of this software for any purpose. It is provided \"as is\" without express or implied warranty.\n\n",
  "name": "HPND with US Government export control warning and modification rqmt",
  "licenseComments": "This is very similar to HPND-export-US but adds a requirement related to modifications of the code.",
  "licenseId": "HPND-export-US-modify",
  "crossRef": [
    {
      "match": "false",
      "url": "https://github.com/pythongssapi/k5test/blob/v0.10.3/K5TEST-LICENSE.txt",
      "isValid": true,
      "isLive": true,
      "timestamp": "2024-05-22T17:27:43Z",
      "isWayBackLink": false,
      "order": 1
    },
    {
      "match": "false",
      "url": "https://github.com/krb5/krb5/blob/krb5-1.21.2-final/NOTICE#L1157-L1182",
      "isValid": true,
      "isLive": true,
      "timestamp": "2024-05-22T17:27:44Z",
      "isWayBackLink": false,
      "order": 0
    }
  ],
  "seeAlso": [
    "https://github.com/krb5/krb5/blob/krb5-1.21.2-final/NOTICE#L1157-L1182",
    "https://github.com/pythongssapi/k5test/blob/v0.10.3/K5TEST-LICENSE.txt"
  ],
  "isOsiApproved": false,
  "licenseTextHtml": "\n            \u003cdiv class\u003d\"replaceable-license-text\"\u003e \n                \u003cp\u003e\n                    Copyright (C) 1994 CyberSAFE Corporation.\n                    \u003cbr /\u003e\n\nCopyright 1990,1991,2007,2008 by the Massachusetts Institute of Technology.\n                    \u003cbr /\u003e\n\nAll Rights Reserved.\n                \u003c/p\u003e\n\n            \u003c/div\u003e\n            \u003cp\u003e\n                Export of this software from the United States of America may require a specific license from the United States Government.\n                It is the responsibility of any person or organization contemplating export to obtain such a license before exporting.\n            \u003c/p\u003e\n\n            \u003cp\u003e\n                WITHIN THAT CONSTRAINT,\n                permission to use, copy, modify, and distribute this software and its documentation for any purpose and without fee is hereby granted,\n                provided that the above copyright notice appear in all copies\n                and that both that copyright notice and this permission notice appear in supporting documentation,\n                and that the name of M.I.T. not be used in advertising or publicity pertaining to distribution of the software without specific, written prior permission.\n                Furthermore if you modify this software you must label your software as modified software\n                and not distribute it in such a fashion that it might be confused with the original M.I.T. software.\n                \u003cvar class\u003d\"replaceable-license-text\"\u003e Neither M.I.T., the Open Computing Security Group, nor CyberSAFE Corporation make any\u003c/var\u003e\n                representations about the suitability of this software for any purpose.\n                It is provided \u0026quot;as is\u0026quot; without express or implied warranty.\n            \u003c/p\u003e\n\n        "
}