{
  "isDeprecatedLicenseId": false,
  "licenseText": "Copyright 2004-2008 Apple Inc.  All Rights Reserved.\n\n   Export of this software from the United States of America may\n   require a specific license from the United States Government.\n   It is the responsibility of any person or organization\n   contemplating export to obtain such a license before exporting.\n\nWITHIN THAT CONSTRAINT, permission to use, copy, modify, and\ndistribute this software and its documentation for any purpose and\nwithout fee is hereby granted, provided that the above copyright\nnotice appear in all copies and that both that copyright notice and\nthis permission notice appear in supporting documentation, and that\nthe name of Apple Inc. not be used in advertising or publicity\npertaining to distribution of the software without specific,\nwritten prior permission.  Apple Inc. makes no representations\nabout the suitability of this software for any purpose.  It is\nprovided \"as is\" without express or implied warranty.\n\nTHIS SOFTWARE IS PROVIDED \"AS IS\" AND WITHOUT ANY EXPRESS OR\nIMPLIED WARRANTIES, INCLUDING, WITHOUT LIMITATION, THE IMPLIED\nWARRANTIES OF MERCHANTIBILITY AND FITNESS FOR A PARTICULAR PURPOSE.\n",
  "standardLicenseTemplate": "\u003c\u003cvar;name\u003d\"copyright\";original\u003d\"Copyright 2004-2008 Apple Inc. All Rights Reserved.\";match\u003d\".{0,5000}\"\u003e\u003e\n\nExport of this software from the United States of America may require a specific license from the United States Government. It is the responsibility of any person or organization contemplating export to obtain such a license before exporting.\n\nWITHIN THAT CONSTRAINT, permission to use, copy, modify, and distribute this software and its documentation for any purpose and without fee is hereby granted, provided that the above copyright notice appear in all copies and that both that copyright notice and this permission notice appear in supporting documentation, and that the name of Apple Inc. not be used in advertising or publicity pertaining to distribution of the software without specific, written prior permission. Apple Inc. makes no representations about the suitability of this software for any purpose. It is provided \"as is\" without express or implied warranty.\n\nTHIS SOFTWARE IS PROVIDED \"AS IS\" AND WITHOUT ANY EXPRESS OR IMPLIED WARRANTIES, INCLUDING, WITHOUT LIMITATION, THE IMPLIED WARRANTIES OF MERCHANTIBILITY AND FITNESS FOR A PARTICULAR PURPOSE.\n\n",
  "name": "HPND with US Government export control and 2 disclaimers",
  "licenseComments": "This license is very similar to HPND-export-US, but adds a second disclaimer.",
  "licenseId": "HPND-export2-US",
  "crossRef": [
    {
      "match": "false",
      "url": "https://web.mit.edu/kerberos/krb5-1.21/doc/mitK5license.html",
      "isValid": true,
      "isLive": true,
      "timestamp": "2024-05-22T17:18:33Z",
      "isWayBackLink": false,
      "order": 1
    },
    {
      "match": "false",
      "url": "https://github.com/krb5/krb5/blob/krb5-1.21.2-final/NOTICE#L111-L133",
      "isValid": true,
      "isLive": true,
      "timestamp": "2024-05-22T17:18:33Z",
      "isWayBackLink": false,
      "order": 0
    }
  ],
  "seeAlso": [
    "https://github.com/krb5/krb5/blob/krb5-1.21.2-final/NOTICE#L111-L133",
    "https://web.mit.edu/kerberos/krb5-1.21/doc/mitK5license.html"
  ],
  "isOsiApproved": false,
  "licenseTextHtml": "\n         \u003cvar class\u003d\"replaceable-license-text\"\u003e \n            Copyright 2004-2008 Apple Inc. All Rights Reserved.\n         \u003c/var\u003e\n         \u003cp\u003e\n            Export of this software from the United States of America may\n            require a specific license from the United States Government.\n            It is the responsibility of any person or organization\n            contemplating export to obtain such a license before exporting.\n         \u003c/p\u003e\n\n         \u003cp\u003e\n            WITHIN THAT CONSTRAINT, permission to use, copy, modify, and\n            distribute this software and its documentation for any purpose and\n            without fee is hereby granted, provided that the above copyright\n            notice appear in all copies and that both that copyright notice\n            and this permission notice appear in supporting documentation,\n            and that the name of Apple Inc. not be used in advertising or\n            publicity pertaining to distribution of the software without\n            specific, written prior permission. Apple Inc. makes no\n            representations about the suitability of this software for any\n            purpose. It is provided \u0026quot;as is\u0026quot; without express or implied warranty.\n         \u003c/p\u003e\n\n         \u003cp\u003e\n            THIS SOFTWARE IS PROVIDED \u0026quot;AS IS\u0026quot; AND WITHOUT ANY EXPRESS OR\n            IMPLIED WARRANTIES, INCLUDING, WITHOUT LIMITATION, THE IMPLIED\n            WARRANTIES OF MERCHANTIBILITY AND FITNESS FOR A PARTICULAR PURPOSE.\n         \u003c/p\u003e\n\n      "
}