{
  "isDeprecatedLicenseId": false,
  "licenseText": "The Inner Net License, Version 2.00\n\nThe author(s) grant permission for redistribution and use in source and\nbinary forms, with or without modification, of the software and documentation\nprovided that the following conditions are met:\n\n0. If you receive a version of the software that is specifically labelled\n   as not being for redistribution (check the version message and/or README),\n   you are not permitted to redistribute that version of the software in any\n   way or form.\n1. All terms of the all other applicable copyrights and licenses must be\n   followed.\n2. Redistributions of source code must retain the authors\u0027 copyright\n   notice(s), this list of conditions, and the following disclaimer.\n3. Redistributions in binary form must reproduce the authors\u0027 copyright\n   notice(s), this list of conditions, and the following disclaimer in the\n   documentation and/or other materials provided with the distribution.\n4. [The copyright holder has authorized the removal of this clause.]\n5. Neither the name(s) of the author(s) nor the names of its contributors\n   may be used to endorse or promote products derived from this software\n   without specific prior written permission.\n\nTHIS SOFTWARE IS PROVIDED BY ITS AUTHORS AND CONTRIBUTORS ``AS IS\u0027\u0027 AND ANY\nEXPRESS OR IMPLIED WARRANTIES, INCLUDING, BUT NOT LIMITED TO, THE IMPLIED\nWARRANTIES OF MERCHANTABILITY AND FITNESS FOR A PARTICULAR PURPOSE ARE\nDISCLAIMED. IN NO EVENT SHALL THE AUTHORS OR CONTRIBUTORS BE LIABLE FOR ANY\nDIRECT, INDIRECT, INCIDENTAL, SPECIAL, EXEMPLARY, OR CONSEQUENTIAL DAMAGES\n(INCLUDING, BUT NOT LIMITED TO, PROCUREMENT OF SUBSTITUTE GOODS OR SERVICES;\nLOSS OF USE, DATA, OR PROFITS; OR BUSINESS INTERRUPTION) HOWEVER CAUSED AND ON\nANY THEORY OF LIABILITY, WHETHER IN CONTRACT, STRICT LIABILITY, OR TORT\n(INCLUDING NEGLIGENCE OR OTHERWISE) ARISING IN ANY WAY OUT OF THE USE OF THIS\nSOFTWARE, EVEN IF ADVISED OF THE POSSIBILITY OF SUCH DAMAGE.\n\nIf these license terms cause you a real problem, contact the author.\n",
  "standardLicenseTemplate": "\u003c\u003cbeginOptional\u003e\u003eThe Inner Net License, Version 2.00\u003c\u003cendOptional\u003e\u003e\n\nThe author(s) grant permission for redistribution and use in source and binary forms, with or without modification, of the software and documentation provided that the following conditions are met:\n\n   \u003c\u003cvar;name\u003d\"bullet\";original\u003d\"0.\";match\u003d\".{0,20}\"\u003e\u003e If you receive a version of the software that is specifically labelled as not being for redistribution (check the version message and/or README), you are not permitted to redistribute that version of the software in any way or form.\n\n   \u003c\u003cvar;name\u003d\"bullet\";original\u003d\"1.\";match\u003d\".{0,20}\"\u003e\u003e All terms of the all other applicable copyrights and licenses must be followed.\n\n   \u003c\u003cvar;name\u003d\"bullet\";original\u003d\"2.\";match\u003d\".{0,20}\"\u003e\u003e Redistributions of source code must retain the authors\u0027 copyright notice(s), this list of conditions, and the following disclaimer.\n\n   \u003c\u003cvar;name\u003d\"bullet\";original\u003d\"3.\";match\u003d\".{0,20}\"\u003e\u003e Redistributions in binary form must reproduce the authors\u0027 copyright notice(s), this list of conditions, and the following disclaimer in the documentation and/or other materials provided with the distribution.\n\n   \u003c\u003cvar;name\u003d\"bullet\";original\u003d\"4.\";match\u003d\".{0,20}\"\u003e\u003e [The copyright holder has authorized the removal of this clause.]\n\n   \u003c\u003cvar;name\u003d\"bullet\";original\u003d\"5.\";match\u003d\".{0,20}\"\u003e\u003e Neither the name(s) of the author(s) nor the names of its contributors may be used to endorse or promote products derived from this software without specific prior written permission.\n\nTHIS SOFTWARE IS PROVIDED BY ITS AUTHORS AND CONTRIBUTORS ``AS IS\u0027\u0027 AND ANY EXPRESS OR IMPLIED WARRANTIES, INCLUDING, BUT NOT LIMITED TO, THE IMPLIED WARRANTIES OF MERCHANTABILITY AND FITNESS FOR A PARTICULAR PURPOSE ARE DISCLAIMED. IN NO EVENT SHALL THE AUTHORS OR CONTRIBUTORS BE LIABLE FOR ANY DIRECT, INDIRECT, INCIDENTAL, SPECIAL, EXEMPLARY, OR CONSEQUENTIAL DAMAGES (INCLUDING, BUT NOT LIMITED TO, PROCUREMENT OF SUBSTITUTE GOODS OR SERVICES; LOSS OF USE, DATA, OR PROFITS; OR BUSINESS INTERRUPTION) HOWEVER CAUSED AND ON ANY THEORY OF LIABILITY, WHETHER IN CONTRACT, STRICT LIABILITY, OR TORT (INCLUDING NEGLIGENCE OR OTHERWISE) ARISING IN ANY WAY OUT OF THE USE OF THIS SOFTWARE, EVEN IF ADVISED OF THE POSSIBILITY OF SUCH DAMAGE.\n\nIf these license terms cause you a real problem, contact the author.\n\n",
  "name": "Inner Net License v2.0",
  "licenseId": "Inner-Net-2.0",
  "crossRef": [
    {
      "match": "false",
      "url": "https://sourceware.org/git/?p\u003dglibc.git;a\u003dblob;f\u003dLICENSES;h\u003d530893b1dc9ea00755603c68fb36bd4fc38a7be8;hb\u003dHEAD#l207",
      "isValid": true,
      "isLive": true,
      "timestamp": "2024-05-22T17:30:22Z",
      "isWayBackLink": false,
      "order": 1
    },
    {
      "match": "true",
      "url": "https://fedoraproject.org/wiki/Licensing/Inner_Net_License",
      "isValid": true,
      "isLive": true,
      "timestamp": "2024-05-22T17:30:23Z",
      "isWayBackLink": false,
      "order": 0
    }
  ],
  "seeAlso": [
    "https://fedoraproject.org/wiki/Licensing/Inner_Net_License",
    "https://sourceware.org/git/?p\u003dglibc.git;a\u003dblob;f\u003dLICENSES;h\u003d530893b1dc9ea00755603c68fb36bd4fc38a7be8;hb\u003dHEAD#l207"
  ],
  "isOsiApproved": false,
  "licenseTextHtml": "\n         \u003cvar class\u003d\"optional-license-text\"\u003e \n            The Inner Net License, Version 2.00\n         \u003c/var\u003e\n         \u003cp\u003e\n            The author(s) grant permission for redistribution and use in source\n            and binary forms, with or without modification, of the software\n            and documentation provided that the following conditions are met:\n         \u003c/p\u003e\n\n\u003cul style\u003d\"list-style:none\"\u003e\n            \n\u003cli\u003e\n               \u003cvar class\u003d\"replaceable-license-text\"\u003e 0.\u003c/var\u003e\n               If you receive a version of the software that is specifically\n               labelled as not being for redistribution (check the\n               version message and/or README), you are not permitted to\n               redistribute that version of the software in any way or form.\n            \u003c/li\u003e\n            \n\u003cli\u003e\n               \u003cvar class\u003d\"replaceable-license-text\"\u003e 1.\u003c/var\u003e\n               All terms of the all other applicable\n               copyrights and licenses must be followed.\n            \u003c/li\u003e\n            \n\u003cli\u003e\n               \u003cvar class\u003d\"replaceable-license-text\"\u003e 2.\u003c/var\u003e\n               Redistributions of source code must retain the authors\u0026apos; copyright\n               notice(s), this list of conditions, and the following disclaimer.\n            \u003c/li\u003e\n            \n\u003cli\u003e\n               \u003cvar class\u003d\"replaceable-license-text\"\u003e 3.\u003c/var\u003e\n               Redistributions in binary form must reproduce the\n               authors\u0026apos; copyright notice(s), this list of conditions,\n               and the following disclaimer in the documentation\n               and/or other materials provided with the distribution.\n            \u003c/li\u003e\n            \n\u003cli\u003e\n               \u003cvar class\u003d\"replaceable-license-text\"\u003e 4.\u003c/var\u003e\n               [The copyright holder has authorized the removal of this clause.]\n            \u003c/li\u003e\n            \n\u003cli\u003e\n               \u003cvar class\u003d\"replaceable-license-text\"\u003e 5.\u003c/var\u003e\n               Neither the name(s) of the author(s) nor the names of its\n               contributors may be used to endorse or promote products derived\n               from this software without specific prior written permission.\n            \u003c/li\u003e\n         \n\u003c/ul\u003e\n         \u003cp\u003e\n            THIS SOFTWARE IS PROVIDED BY ITS AUTHORS AND CONTRIBUTORS ``AS\n            IS\u0026apos;\u0026apos; AND ANY EXPRESS OR IMPLIED WARRANTIES, INCLUDING, BUT\n            NOT LIMITED TO, THE IMPLIED WARRANTIES OF MERCHANTABILITY AND\n            FITNESS FOR A PARTICULAR PURPOSE ARE DISCLAIMED. IN NO EVENT\n            SHALL THE AUTHORS OR CONTRIBUTORS BE LIABLE FOR ANY DIRECT,\n            INDIRECT, INCIDENTAL, SPECIAL, EXEMPLARY, OR CONSEQUENTIAL\n            DAMAGES (INCLUDING, BUT NOT LIMITED TO, PROCUREMENT OF SUBSTITUTE\n            GOODS OR SERVICES; LOSS OF USE, DATA, OR PROFITS; OR BUSINESS\n            INTERRUPTION) HOWEVER CAUSED AND ON ANY THEORY OF LIABILITY,\n            WHETHER IN CONTRACT, STRICT LIABILITY, OR TORT (INCLUDING\n            NEGLIGENCE OR OTHERWISE) ARISING IN ANY WAY OUT OF THE USE OF\n            THIS SOFTWARE, EVEN IF ADVISED OF THE POSSIBILITY OF SUCH DAMAGE.\n         \u003c/p\u003e\n\n         \u003cp\u003e\n            If these license terms cause you a real problem, contact the author.\n         \u003c/p\u003e\n\n      "
}