{
  "isDeprecatedLicenseId": false,
  "licenseText": "Copyright (c) \u003cyear\u003e \u003cowner\u003e All rights reserved.\n\nPermission is granted to make and distribute verbatim copies of this\nmanual provided the copyright notice and this permission notice are\npreserved on all copies.\n\nPermission is granted to copy and distribute modified versions of\nthis manual under the conditions for verbatim copying, provided that\nthe entire resulting derived work is distributed under the terms of\na permission notice identical to this one.\n\nSince the Linux kernel and libraries are constantly changing, this\nmanual page may be incorrect or out-of-date.  The author(s) assume\nno responsibility for errors or omissions, or for damages resulting\nfrom the use of the information contained herein.  The author(s) may\nnot have taken the same level of care in the production of this\nmanual, which is licensed free of charge, as they might when working\nprofessionally.\n\nFormatted or processed versions of this manual, if unaccompanied by\nthe source, must acknowledge the copyright and authors of this work.\n",
  "standardLicenseTemplate": "\u003c\u003cvar;name\u003d\"copyright\";original\u003d\"Copyright (c) \u003cyear\u003e, \u003cowner\u003e.  \";match\u003d\".{0,5000}\"\u003e\u003e\n\nPermission is granted to make and distribute verbatim copies of this manual provided the copyright notice and this permission notice are preserved on all copies.\n\nPermission is granted to copy and distribute modified versions of this manual under the conditions for verbatim copying, provided that the entire resulting derived work is distributed under the terms of a permission notice identical to this one.\n\nSince the Linux kernel and libraries are constantly changing, this manual page may be incorrect or out-of-date. The author(s) \u003c\u003cvar;name\u003d\"trailing-.-1\";original\u003d\"assume\";match\u003d\"assume\\.?\"\u003e\u003e no responsibility for errors or omissions, or for damages \u003c\u003cvar;name\u003d\"trailing-.-2\";original\u003d\"resulting\";match\u003d\"resulting\\.?\"\u003e\u003e from the use of the information contained herein. The author(s) \u003c\u003cvar;name\u003d\"trailing-.-3\";original\u003d\"may\";match\u003d\"may\\.?\"\u003e\u003e not have taken the same level of care in the production of \u003c\u003cvar;name\u003d\"trailing-.-4\";original\u003d\"this\";match\u003d\"this\\.?\"\u003e\u003e manual, which is licensed free of charge, as they might when \u003c\u003cvar;name\u003d\"trailing-.-5\";original\u003d\"working\";match\u003d\"working\\.?\"\u003e\u003e professionally.\n\nFormatted or processed versions of this manual, if unaccompanied by the source, must acknowledge the copyright and authors of this work.\n\n",
  "name": "Linux man-pages Copyleft",
  "licenseId": "Linux-man-pages-copyleft",
  "crossRef": [
    {
      "match": "N/A",
      "url": "https://www.kernel.org/doc/man-pages/licenses.html",
      "isValid": true,
      "isLive": false,
      "timestamp": "2024-05-22T17:30:42Z",
      "isWayBackLink": false,
      "order": 0
    }
  ],
  "seeAlso": [
    "https://www.kernel.org/doc/man-pages/licenses.html"
  ],
  "isOsiApproved": false,
  "licenseTextHtml": "\n         \u003cdiv class\u003d\"replaceable-license-text\"\u003e \n            \u003cp\u003eCopyright (c) \u0026lt;year\u0026gt;, \u0026lt;owner\u0026gt;.\u003c/p\u003e\n\n         \u003c/div\u003e\n         \u003cp\u003ePermission is granted to make and distribute verbatim copies of this manual provided the copyright notice and this permission notice are preserved on all copies.\u003c/p\u003e\n\n         \u003cp\u003ePermission is granted to copy and distribute modified versions of this manual under the conditions for verbatim copying, provided that the entire resulting derived work is distributed under the terms of a permission notice identical to this one.\u003c/p\u003e\n\n         \u003cp\u003eSince the Linux kernel and libraries are constantly changing, this manual page may be incorrect or out-of-date. The author(s)\n         \u003cvar class\u003d\"replaceable-license-text\"\u003e assume \u003c/var\u003eno responsibility for errors or omissions, or for damages\n         \u003cvar class\u003d\"replaceable-license-text\"\u003e resulting \u003c/var\u003efrom the use of the information contained herein. The author(s)\n         \u003cvar class\u003d\"replaceable-license-text\"\u003e may \u003c/var\u003enot have taken the same level of care in the production of\n         \u003cvar class\u003d\"replaceable-license-text\"\u003e this \u003c/var\u003emanual, which is licensed free of charge, as they might when\n         \u003cvar class\u003d\"replaceable-license-text\"\u003e working \u003c/var\u003eprofessionally.\u003c/p\u003e\n\n         \u003cp\u003eFormatted or processed versions of this manual, if unaccompanied by the source, must acknowledge the copyright and authors of this work.\u003c/p\u003e\n\n      "
}