{
  "isDeprecatedLicenseId": false,
  "licenseText": "MIT No Attribution\n\nCopyright \u003cYEAR\u003e \u003cCOPYRIGHT HOLDER\u003e\n\nPermission is hereby granted, free of charge, to any person obtaining a copy of this\nsoftware and associated documentation files (the \"Software\"), to deal in the Software\nwithout restriction, including without limitation the rights to use, copy, modify,\nmerge, publish, distribute, sublicense, and/or sell copies of the Software, and to\npermit persons to whom the Software is furnished to do so.\n\nTHE SOFTWARE IS PROVIDED \"AS IS\", WITHOUT WARRANTY OF ANY KIND, EXPRESS OR IMPLIED,\nINCLUDING BUT NOT LIMITED TO THE WARRANTIES OF MERCHANTABILITY, FITNESS FOR A\nPARTICULAR PURPOSE AND NONINFRINGEMENT. IN NO EVENT SHALL THE AUTHORS OR COPYRIGHT\nHOLDERS BE LIABLE FOR ANY CLAIM, DAMAGES OR OTHER LIABILITY, WHETHER IN AN ACTION\nOF CONTRACT, TORT OR OTHERWISE, ARISING FROM, OUT OF OR IN CONNECTION WITH THE\nSOFTWARE OR THE USE OR OTHER DEALINGS IN THE SOFTWARE.\n",
  "standardLicenseTemplate": "\u003c\u003cbeginOptional\u003e\u003e\u003c\u003cvar;name\u003d\"title\";original\u003d\"MIT No Attribution\";match\u003d\"The MIT-Zero License|MIT No Attribution|\"\u003e\u003e\n\n\u003c\u003cendOptional\u003e\u003e \u003c\u003cvar;name\u003d\"copyright\";original\u003d\"Copyright \u003cYEAR\u003e \u003cCOPYRIGHT HOLDER\u003e  \";match\u003d\".{0,5000}\"\u003e\u003e\n\nPermission is hereby granted, free of charge, to any person obtaining a copy of this software and associated documentation files (the \"Software\"), to deal in the Software without restriction, including without limitation the rights to use, copy, modify, merge, publish, distribute, sublicense, and/or sell copies of the Software, and to permit persons to whom the Software is furnished to do so.\n\nTHE SOFTWARE IS PROVIDED \"AS IS\", WITHOUT WARRANTY OF ANY KIND, EXPRESS OR IMPLIED, INCLUDING BUT NOT LIMITED TO THE WARRANTIES OF MERCHANTABILITY, FITNESS FOR A PARTICULAR PURPOSE AND NONINFRINGEMENT. IN NO EVENT SHALL THE AUTHORS OR COPYRIGHT HOLDERS BE LIABLE FOR ANY CLAIM, DAMAGES OR OTHER LIABILITY, WHETHER IN AN ACTION OF CONTRACT, TORT OR OTHERWISE, ARISING FROM, OUT OF OR IN CONNECTION WITH THE SOFTWARE OR THE USE OR OTHER DEALINGS IN THE SOFTWARE.\n\n",
  "name": "MIT No Attribution",
  "licenseComments": "This license is a modified version of the common MIT license, with the attribution paragraph removed.",
  "licenseId": "MIT-0",
  "crossRef": [
    {
      "match": "false",
      "url": "https://github.com/awsdocs/aws-cloud9-user-guide/blob/master/LICENSE-SAMPLECODE",
      "isValid": true,
      "isLive": true,
      "timestamp": "2024-05-22T17:24:34Z",
      "isWayBackLink": false,
      "order": 2
    },
    {
      "match": "false",
      "url": "https://romanrm.net/mit-zero",
      "isValid": true,
      "isLive": true,
      "timestamp": "2024-05-22T17:24:35Z",
      "isWayBackLink": false,
      "order": 1
    },
    {
      "match": "false",
      "url": "https://github.com/aws/mit-0",
      "isValid": true,
      "isLive": true,
      "timestamp": "2024-05-22T17:24:36Z",
      "isWayBackLink": false,
      "order": 0
    }
  ],
  "seeAlso": [
    "https://github.com/aws/mit-0",
    "https://romanrm.net/mit-zero",
    "https://github.com/awsdocs/aws-cloud9-user-guide/blob/master/LICENSE-SAMPLECODE"
  ],
  "isOsiApproved": true,
  "licenseTextHtml": "\n      \u003cdiv class\u003d\"optional-license-text\"\u003e \n        \u003cp\u003e\u003cvar class\u003d\"replaceable-license-text\"\u003e MIT No Attribution\u003c/var\u003e\u003c/p\u003e\n\n      \u003c/div\u003e\n      \u003cdiv class\u003d\"replaceable-license-text\"\u003e \n        \u003cp\u003e\n          Copyright \u0026lt;YEAR\u0026gt; \u0026lt;COPYRIGHT HOLDER\u0026gt;\n        \u003c/p\u003e\n\n      \u003c/div\u003e\n\n      \u003cp\u003e\n        Permission is hereby granted, free of charge, to any person obtaining a copy of this\n        software and associated documentation files (the \u0026quot;Software\u0026quot;), to deal in the Software\n        without restriction, including without limitation the rights to use, copy, modify,\n        merge, publish, distribute, sublicense, and/or sell copies of the Software, and to\n        permit persons to whom the Software is furnished to do so.\n      \u003c/p\u003e\n\n      \u003cp\u003e\n        THE SOFTWARE IS PROVIDED \u0026quot;AS IS\u0026quot;, WITHOUT WARRANTY OF ANY KIND, EXPRESS OR IMPLIED,\n        INCLUDING BUT NOT LIMITED TO THE WARRANTIES OF MERCHANTABILITY, FITNESS FOR A\n        PARTICULAR PURPOSE AND NONINFRINGEMENT. IN NO EVENT SHALL THE AUTHORS OR COPYRIGHT\n        HOLDERS BE LIABLE FOR ANY CLAIM, DAMAGES OR OTHER LIABILITY, WHETHER IN AN ACTION\n        OF CONTRACT, TORT OR OTHERWISE, ARISING FROM, OUT OF OR IN CONNECTION WITH THE\n        SOFTWARE OR THE USE OR OTHER DEALINGS IN THE SOFTWARE.\n      \u003c/p\u003e\n\n    "
}