{
  "isDeprecatedLicenseId": false,
  "licenseText": "Copyright (c) 2014-2020 The Khronos Group Inc.\n\nPermission is hereby granted, free of charge, to any person obtaining a copy\nof this software and/or associated documentation files (the \"Materials\"),\nto deal in the Materials without restriction, including without limitation\nthe rights to use, copy, modify, merge, publish, distribute, sublicense,\nand/or sell copies of the Materials, and to permit persons to whom the\nMaterials are furnished to do so, subject to the following conditions:\n\nThe above copyright notice and this permission notice shall be included in\nall copies or substantial portions of the Materials.\n\nMODIFICATIONS TO THIS FILE MAY MEAN IT NO LONGER ACCURATELY REFLECTS KHRONOS\nSTANDARDS. THE UNMODIFIED, NORMATIVE VERSIONS OF KHRONOS SPECIFICATIONS AND\nHEADER INFORMATION ARE LOCATED AT https://www.khronos.org/registry/\n\nTHE MATERIALS ARE PROVIDED \"AS IS\", WITHOUT WARRANTY OF ANY KIND, EXPRESS\nOR IMPLIED, INCLUDING BUT NOT LIMITED TO THE WARRANTIES OF MERCHANTABILITY,\nFITNESS FOR A PARTICULAR PURPOSE AND NONINFRINGEMENT. IN NO EVENT SHALL\nTHE AUTHORS OR COPYRIGHT HOLDERS BE LIABLE FOR ANY CLAIM, DAMAGES OR OTHER\nLIABILITY, WHETHER IN AN ACTION OF CONTRACT, TORT OR OTHERWISE, ARISING\nFROM,OUT OF OR IN CONNECTION WITH THE MATERIALS OR THE USE OR OTHER DEALINGS\nIN THE MATERIALS.\n",
  "standardLicenseTemplate": "\u003c\u003cvar;name\u003d\"copyright\";original\u003d\"Copyright (c) 2014-2020 The Khronos Group Inc.\";match\u003d\".{0,5000}\"\u003e\u003e\n\nPermission is hereby granted, free of charge, to any person obtaining a copy of this software and/or associated documentation files (the \"Materials\"), to deal in the Materials without restriction, including without limitation the rights to use, copy, modify, merge, publish, distribute, sublicense, and/or sell copies of the Materials, and to permit persons to whom the Materials are furnished to do so, subject to the following conditions:\n\nThe above copyright notice and this permission notice shall be included in all copies or substantial portions of the Materials.\n\nMODIFICATIONS TO THIS FILE MAY MEAN IT NO LONGER ACCURATELY REFLECTS KHRONOS STANDARDS. THE UNMODIFIED, NORMATIVE VERSIONS OF KHRONOS SPECIFICATIONS AND HEADER INFORMATION ARE LOCATED AT https://www.khronos.org/registry/\n\nTHE MATERIALS ARE PROVIDED \"AS IS\", WITHOUT WARRANTY OF ANY KIND, EXPRESS OR IMPLIED, INCLUDING BUT NOT LIMITED TO THE WARRANTIES OF MERCHANTABILITY, FITNESS FOR A PARTICULAR PURPOSE AND NONINFRINGEMENT. IN NO EVENT SHALL THE AUTHORS OR COPYRIGHT HOLDERS BE LIABLE FOR ANY CLAIM, DAMAGES OR OTHER LIABILITY, WHETHER IN AN ACTION OF CONTRACT, TORT OR OTHERWISE, ARISING FROM,OUT OF OR IN CONNECTION WITH THE MATERIALS OR THE USE OR OTHER DEALINGS IN THE MATERIALS.\n\n",
  "name": "MIT Khronos - old variant",
  "licenseComments": "This license is considered obsolete by the Khronos Group, but may still be in use in older projects or versions.",
  "licenseId": "MIT-Khronos-old",
  "crossRef": [
    {
      "match": "false",
      "url": "https://github.com/KhronosGroup/SPIRV-Cross/blob/main/LICENSES/LicenseRef-KhronosFreeUse.txt",
      "isValid": true,
      "isLive": true,
      "timestamp": "2024-05-22T17:21:02Z",
      "isWayBackLink": false,
      "order": 0
    }
  ],
  "seeAlso": [
    "https://github.com/KhronosGroup/SPIRV-Cross/blob/main/LICENSES/LicenseRef-KhronosFreeUse.txt"
  ],
  "isOsiApproved": false,
  "licenseTextHtml": "\n         \u003cvar class\u003d\"replaceable-license-text\"\u003e \n            Copyright (c) 2014-2020 The Khronos Group Inc.\n         \u003c/var\u003e\n         \u003cp\u003e\n            Permission is hereby granted, free of charge, to any person\n            obtaining a copy of this software and/or associated documentation\n            files (the \u0026quot;Materials\u0026quot;), to deal in the Materials without\n            restriction, including without limitation the rights to use, copy,\n            modify, merge, publish, distribute, sublicense, and/or sell copies\n            of the Materials, and to permit persons to whom the Materials\n            are furnished to do so, subject to the following conditions:\n         \u003c/p\u003e\n\n         \u003cp\u003e\n            The above copyright notice and this permission notice shall be\n            included in all copies or substantial portions of the Materials.\n         \u003c/p\u003e\n\n         \u003cp\u003e\n            MODIFICATIONS TO THIS FILE MAY MEAN IT NO LONGER ACCURATELY\n            REFLECTS KHRONOS STANDARDS. THE UNMODIFIED, NORMATIVE\n            VERSIONS OF KHRONOS SPECIFICATIONS AND HEADER INFORMATION\n            ARE LOCATED AT https://www.khronos.org/registry/\n         \u003c/p\u003e\n\n         \u003cp\u003e\n            THE MATERIALS ARE PROVIDED \u0026quot;AS IS\u0026quot;, WITHOUT WARRANTY OF\n            ANY KIND, EXPRESS OR IMPLIED, INCLUDING BUT NOT LIMITED TO\n            THE WARRANTIES OF MERCHANTABILITY, FITNESS FOR A PARTICULAR\n            PURPOSE AND NONINFRINGEMENT. IN NO EVENT SHALL THE AUTHORS\n            OR COPYRIGHT HOLDERS BE LIABLE FOR ANY CLAIM, DAMAGES OR\n            OTHER LIABILITY, WHETHER IN AN ACTION OF CONTRACT, TORT OR\n            OTHERWISE, ARISING FROM,OUT OF OR IN CONNECTION WITH THE\n            MATERIALS OR THE USE OR OTHER DEALINGS IN THE MATERIALS.\n         \u003c/p\u003e\n\n      "
}