{
  "isDeprecatedLicenseId": false,
  "licenseText": "Permission is hereby granted, free of charge, to any person obtaining a copy of this software and associated documentation files (the \"Software\"), to deal in the Software without restriction, including without limitation the rights to use, copy, modify, merge, publish, distribute, sublicense, and/or sell copies of the Software, and to permit persons to whom the Software is furnished to do so, subject to the following conditions:\n\nThe above copyright notice and this permission notice shall be included in all copies or substantial portions of the Software.\n\nDistributions of all or part of the Software intended to be used by the recipients as they would use the unmodified Software, containing modifications that substantially alter, remove, or disable functionality of the Software, outside of the documented configuration mechanisms provided by the Software, shall be modified such that the Original Author\u0027s bug reporting email addresses and urls are either replaced with the contact information of the parties responsible for the changes, or removed entirely.\n\nTHE SOFTWARE IS PROVIDED \"AS IS\", WITHOUT WARRANTY OF ANY KIND, EXPRESS OR IMPLIED, INCLUDING BUT NOT LIMITED TO THE WARRANTIES OF MERCHANTABILITY, FITNESS FOR A PARTICULAR PURPOSE AND NONINFRINGEMENT. IN NO EVENT SHALL THE AUTHORS OR COPYRIGHT HOLDERS BE LIABLE FOR ANY CLAIM, DAMAGES OR OTHER LIABILITY, WHETHER IN AN ACTION OF CONTRACT, TORT OR OTHERWISE, ARISING FROM, OUT OF OR IN CONNECTION WITH THE SOFTWARE OR THE USE OR OTHER DEALINGS IN THE SOFTWARE.\n",
  "standardLicenseTemplate": "Permission is hereby granted, free of charge, to any person obtaining a copy of this software and associated documentation files (the \"Software\"), to deal in the Software without restriction, including without limitation the rights to use, copy, modify, merge, publish, distribute, sublicense, and/or sell copies of the Software, and to permit persons to whom the Software is furnished to do so, subject to the following conditions:\n\nThe above copyright notice and this permission notice shall be included in all copies or substantial portions of the Software.\n\nDistributions of all or part of the Software intended to be used by the recipients as they would use the unmodified Software, containing modifications that substantially alter, remove, or disable functionality of the Software, outside of the documented configuration mechanisms provided by the Software, shall be modified such that the Original Author\u0027s bug reporting email addresses and urls are either replaced with the contact information of the parties responsible for the changes, or removed entirely.\n\nTHE SOFTWARE IS PROVIDED \"AS IS\", WITHOUT WARRANTY OF ANY KIND, EXPRESS OR IMPLIED, INCLUDING BUT NOT LIMITED TO THE WARRANTIES OF MERCHANTABILITY, FITNESS FOR A PARTICULAR PURPOSE AND NONINFRINGEMENT. IN NO EVENT SHALL THE AUTHORS OR COPYRIGHT HOLDERS BE LIABLE FOR ANY CLAIM, DAMAGES OR OTHER LIABILITY, WHETHER IN AN ACTION OF CONTRACT, TORT OR OTHERWISE, ARISING FROM, OUT OF OR IN CONNECTION WITH THE SOFTWARE OR THE USE OR OTHER DEALINGS IN THE SOFTWARE.\n\n",
  "name": "MIT +no-false-attribs license",
  "licenseId": "MITNFA",
  "crossRef": [
    {
      "match": "false",
      "url": "https://fedoraproject.org/wiki/Licensing/MITNFA",
      "isValid": true,
      "isLive": true,
      "timestamp": "2024-05-22T17:19:27Z",
      "isWayBackLink": false,
      "order": 0
    }
  ],
  "seeAlso": [
    "https://fedoraproject.org/wiki/Licensing/MITNFA"
  ],
  "isOsiApproved": false,
  "licenseTextHtml": "\n      \u003cp\u003ePermission is hereby granted, free of charge, to any person obtaining a copy of this software and\n         associated documentation files (the \u0026quot;Software\u0026quot;), to deal in the Software without restriction,\n         including without limitation the rights to use, copy, modify, merge, publish, distribute, sublicense,\n         and/or sell copies of the Software, and to permit persons to whom the Software is furnished to do so,\n         subject to the following conditions:\u003c/p\u003e\n\n      \u003cp\u003eThe above copyright notice and this permission notice shall be included in all copies or substantial\n         portions of the Software.\u003c/p\u003e\n\n      \u003cp\u003eDistributions of all or part of the Software intended to be used by the recipients as they would use the\n         unmodified Software, containing modifications that substantially alter, remove, or disable\n         functionality of the Software, outside of the documented configuration mechanisms provided by the\n         Software, shall be modified such that the Original Author\u0026apos;s bug reporting email addresses and urls are\n         either replaced with the contact information of the parties responsible for the changes, or removed\n         entirely.\u003c/p\u003e\n\n      \u003cp\u003eTHE SOFTWARE IS PROVIDED \u0026quot;AS IS\u0026quot;, WITHOUT WARRANTY OF ANY KIND, EXPRESS OR IMPLIED, INCLUDING BUT NOT\n         LIMITED TO THE WARRANTIES OF MERCHANTABILITY, FITNESS FOR A PARTICULAR PURPOSE AND NONINFRINGEMENT. IN\n         NO EVENT SHALL THE AUTHORS OR COPYRIGHT HOLDERS BE LIABLE FOR ANY CLAIM, DAMAGES OR OTHER LIABILITY,\n         WHETHER IN AN ACTION OF CONTRACT, TORT OR OTHERWISE, ARISING FROM, OUT OF OR IN CONNECTION WITH THE\n         SOFTWARE OR THE USE OR OTHER DEALINGS IN THE SOFTWARE.\u003c/p\u003e\n\n    "
}