{
  "isDeprecatedLicenseId": false,
  "licenseText": "Multics License\n\nHistorical Background\n\nThis edition of the Multics software materials and documentation is provided and donated to Massachusetts Institute of Technology by Group BULL including BULL HN Information Systems Inc. as a contribution to computer science knowledge. This donation is made also to give evidence of the common contributions of Massachusetts Institute of Technology, Bell Laboratories, General Electric, Honeywell Information Systems Inc., Honeywell BULL Inc., Groupe BULL and BULL HN Information Systems Inc. to the development of this operating system. Multics development was initiated by Massachusetts Institute of Technology Project MAC (1963-1970), renamed the MIT Laboratory for Computer Science and Artificial Intelligence in the mid 1970s, under the leadership of Professor Fernando Jose Corbato. Users consider that Multics provided the best software architecture for managing computer hardware properly and for executing programs. Many subsequent operating systems incorporated Multics principles. Multics was distributed in 1975 to 2000 by Group Bull in Europe , and in the U.S. by Bull HN Information Systems Inc., as successor in interest by change in name only to Honeywell Bull Inc. and Honeywell Information Systems Inc.\n\n-----------------------------------------------------------\n\nPermission to use, copy, modify, and distribute these programs and their documentation for any purpose and without fee is hereby granted,provided that the below copyright notice and historical background appear in all copies and that both the copyright notice and historical background and this permission notice appear in supporting documentation, and that the names of MIT, HIS, BULL or BULL HN not be used in advertising or publicity pertaining to distribution of the programs without specific prior written permission.\n\nCopyright 1972 by Massachusetts Institute of Technology and Honeywell Information Systems Inc.\nCopyright 2006 by BULL HN Information Systems Inc.\nCopyright 2006 by Bull SAS All Rights Reserved\n",
  "standardLicenseTemplate": "\u003c\u003cbeginOptional\u003e\u003eMultics License\n\n\u003c\u003cendOptional\u003e\u003e\u003c\u003cbeginOptional\u003e\u003e Historical Background\n\nThis edition of the Multics software materials and documentation is provided and donated to Massachusetts Institute of Technology by Group BULL including BULL HN Information Systems Inc. as a contribution to computer science knowledge. This donation is made also to give evidence of the common contributions of Massachusetts Institute of Technology, Bell Laboratories, General Electric, Honeywell Information Systems Inc., Honeywell BULL Inc., Groupe BULL and BULL HN Information Systems Inc. to the development of this operating system. Multics development was initiated by Massachusetts Institute of Technology Project MAC (1963-1970), renamed the MIT Laboratory for Computer Science and Artificial Intelligence in the mid 1970s, under the leadership of Professor Fernando Jose Corbato. Users consider that Multics provided the best software architecture for managing computer hardware properly and for executing programs. Many subsequent operating systems incorporated Multics principles. Multics was distributed in 1975 to 2000 by Group Bull in Europe, and in the U.S. by Bull HN Information Systems Inc., as successor in interest by change in name only to Honeywell Bull Inc. and Honeywell Information Systems Inc.\n\n\u003c\u003cendOptional\u003e\u003e\u003c\u003cbeginOptional\u003e\u003e .\u003c\u003cendOptional\u003e\u003e \u003c\u003cvar;name\u003d\"divider\";original\u003d\"-----------------------------------------------------------\";match\u003d\"-*\"\u003e\u003e\n\nPermission to use, copy, modify, and distribute these programs and their documentation for any purpose and without fee is hereby granted, provided that the below copyright notice and historical background appear in all copies and that both the copyright notice and historical background and this permission notice appear in supporting documentation, and that the names of MIT, HIS, BULL or BULL HN not be used in advertising or publicity pertaining to distribution of the programs without specific prior written permission.\n\n\u003c\u003cvar;name\u003d\"copyright\";original\u003d\"Copyright 1972 by Massachusetts Institute of Technology and Honeywell Information Systems Inc.  Copyright 2006 by BULL HN Information Systems Inc.  Copyright 2006 by Bull SAS All Rights Reserved  \";match\u003d\".{0,5000}\"\u003e\u003e",
  "name": "Multics License",
  "licenseId": "Multics",
  "crossRef": [
    {
      "match": "N/A",
      "url": "https://opensource.org/licenses/Multics",
      "isValid": true,
      "isLive": true,
      "timestamp": "2024-05-22T17:30:24Z",
      "isWayBackLink": false,
      "order": 0
    }
  ],
  "seeAlso": [
    "https://opensource.org/licenses/Multics"
  ],
  "isOsiApproved": true,
  "licenseTextHtml": "\n      \u003cdiv class\u003d\"optional-license-text\"\u003e \n         \u003cp\u003eMultics License\u003c/p\u003e\n\n      \u003c/div\u003e\n\n      \u003cdiv class\u003d\"optional-license-text\"\u003e \n         \u003cp\u003eHistorical Background\u003c/p\u003e\n\n         \u003cp\u003eThis edition of the Multics software materials and documentation is provided and donated to Massachusetts\n         Institute of Technology by Group BULL including BULL HN Information Systems Inc. as a contribution to\n         computer science knowledge. This donation is made also to give evidence of the common contributions of\n         Massachusetts Institute of Technology, Bell Laboratories, General Electric, Honeywell Information\n         Systems Inc., Honeywell BULL Inc., Groupe BULL and BULL HN Information Systems Inc. to the development\n         of this operating system. Multics development was initiated by Massachusetts Institute of Technology\n         Project MAC (1963-1970), renamed the MIT Laboratory for Computer Science and Artificial Intelligence\n         in the mid 1970s, under the leadership of Professor Fernando Jose Corbato. Users consider that Multics\n         provided the best software architecture for managing computer hardware properly and for executing\n         programs. Many subsequent operating systems incorporated Multics principles. Multics was distributed\n         in 1975 to 2000 by Group Bull in Europe, and in the U.S. by Bull HN Information Systems Inc., as\n         successor in interest by change in name only to Honeywell Bull Inc. and Honeywell Information Systems\n         Inc.\u003c/p\u003e\n\n      \u003c/div\u003e\n\t  \u003cvar class\u003d\"optional-license-text\"\u003e \n\t  .\n\t  \u003c/var\u003e\n\t  \u003cvar class\u003d\"replaceable-license-text\"\u003e \n\t  -----------------------------------------------------------\n\t  \u003c/var\u003e\n      \u003cp\u003ePermission to use, copy, modify, and distribute these programs and their documentation for any purpose\n         and without fee is hereby granted, provided that the below copyright notice and historical background\n         appear in all copies and that both the copyright notice and historical background and this permission\n         notice appear in supporting documentation, and that the names of MIT, HIS, BULL or BULL HN not be used\n         in advertising or publicity pertaining to distribution of the programs without specific prior written\n         permission.\u003c/p\u003e\n\n      \u003cdiv class\u003d\"replaceable-license-text\"\u003e \n        \u003cp\u003eCopyright 1972 by Massachusetts Institute of Technology and Honeywell Information Systems Inc.\n          \u003cbr /\u003e\n\nCopyright 2006 by BULL HN Information Systems Inc.\n          \u003cbr /\u003e\n\nCopyright 2006 by Bull SAS All Rights Reserved\n        \u003c/p\u003e\n\n      \u003c/div\u003e\n    "
}