{
  "isDeprecatedLicenseId": false,
  "licenseText": "Copyright 1993-2014 University Corporation for Atmospheric Research/Unidata\n\nPortions of this software were developed by the Unidata Program at the University Corporation for Atmospheric Research.\n\nAccess and use of this software shall impose the following obligations and understandings on the user. The user is granted the right, without any fee or cost, to use, copy, modify, alter, enhance and distribute this software, and any derivative works thereof, and its supporting documentation for any purpose whatsoever, provided that this entire notice appears in all copies of the software, derivative works and supporting documentation. Further, UCAR requests that the user credit UCAR/Unidata in any publications that result from the use of this software or in any product that includes this software, although this is not an obligation. The names UCAR and/or Unidata, however, may not be used in any advertising or publicity to endorse or promote any products or commercial entity unless specific written permission is obtained from UCAR/Unidata. The user also understands that UCAR/Unidata is not obligated to provide the user with any support, consulting, training or assistance of any kind with regard to the use, operation and performance of this software nor to provide the user with any updates, revisions, new versions or \"bug fixes.\"\n\nTHIS SOFTWARE IS PROVIDED BY UCAR/UNIDATA \"AS IS\" AND ANY EXPRESS OR IMPLIED WARRANTIES, INCLUDING, BUT NOT LIMITED TO, THE IMPLIED WARRANTIES OF MERCHANTABILITY AND FITNESS FOR A PARTICULAR PURPOSE ARE DISCLAIMED. IN NO EVENT SHALL UCAR/UNIDATA BE LIABLE FOR ANY SPECIAL, INDIRECT OR CONSEQUENTIAL DAMAGES OR ANY DAMAGES WHATSOEVER RESULTING FROM LOSS OF USE, DATA OR PROFITS, WHETHER IN AN ACTION OF CONTRACT, NEGLIGENCE OR OTHER TORTIOUS ACTION, ARISING OUT OF OR IN CONNECTION WITH THE ACCESS, USE OR PERFORMANCE OF THIS SOFTWARE.\n",
  "standardLicenseTemplate": "\u003c\u003cvar;name\u003d\"copyright\";original\u003d\"Copyright 1993-2014 University Corporation for Atmospheric Research/Unidata  \";match\u003d\".{0,5000}\"\u003e\u003e\n\nPortions of this software were developed by the Unidata Program at the University Corporation for Atmospheric Research.\n\nAccess and use of this software shall impose the following obligations and understandings on the user. The user is granted the right, without any fee or cost, to use, copy, modify, alter, enhance and distribute this software, and any derivative works thereof, and its supporting documentation for any purpose whatsoever, provided that this entire notice appears in all copies of the software, derivative works and supporting documentation. Further, UCAR requests that the user credit UCAR/Unidata in any publications that result from the use of this software or in any product that includes this software, although this is not an obligation. The names UCAR and/or Unidata, however, may not be used in any advertising or publicity to endorse or promote any products or commercial entity unless specific written permission is obtained from UCAR/Unidata. The user also understands that UCAR/Unidata is not obligated to provide the user with any support, consulting, training or assistance of any kind with regard to the use, operation and performance of this software nor to provide the user with any updates, revisions, new versions or \"bug fixes.\"\n\nTHIS SOFTWARE IS PROVIDED BY UCAR/UNIDATA \"AS IS\" AND ANY EXPRESS OR IMPLIED WARRANTIES, INCLUDING, BUT NOT LIMITED TO, THE IMPLIED WARRANTIES OF MERCHANTABILITY AND FITNESS FOR A PARTICULAR PURPOSE ARE DISCLAIMED. IN NO EVENT SHALL UCAR/UNIDATA BE LIABLE FOR ANY SPECIAL, INDIRECT OR CONSEQUENTIAL DAMAGES OR ANY DAMAGES WHATSOEVER RESULTING FROM LOSS OF USE, DATA OR PROFITS, WHETHER IN AN ACTION OF CONTRACT, NEGLIGENCE OR OTHER TORTIOUS ACTION, ARISING OUT OF OR IN CONNECTION WITH THE ACCESS, USE OR PERFORMANCE OF THIS SOFTWARE.\n\n",
  "name": "NetCDF license",
  "licenseId": "NetCDF",
  "crossRef": [
    {
      "match": "false",
      "url": "http://www.unidata.ucar.edu/software/netcdf/copyright.html",
      "isValid": true,
      "isLive": true,
      "timestamp": "2024-05-22T17:27:58Z",
      "isWayBackLink": false,
      "order": 0
    }
  ],
  "seeAlso": [
    "http://www.unidata.ucar.edu/software/netcdf/copyright.html"
  ],
  "isOsiApproved": false,
  "licenseTextHtml": "\n      \u003cdiv class\u003d\"replaceable-license-text\"\u003e \n         \u003cp\u003eCopyright 1993-2014 University Corporation for Atmospheric Research/Unidata\u003c/p\u003e\n\n      \u003c/div\u003e\n\n      \u003cp\u003ePortions of this software were developed by the Unidata Program at the University Corporation for\n         Atmospheric Research.\u003c/p\u003e\n\n      \u003cp\u003eAccess and use of this software shall impose the following obligations and understandings on the user.\n         The user is granted the right, without any fee or cost, to use, copy, modify, alter, enhance and\n         distribute this software, and any derivative works thereof, and its supporting documentation for any\n         purpose whatsoever, provided that this entire notice appears in all copies of the software, derivative\n         works and supporting documentation. Further, UCAR requests that the user credit UCAR/Unidata in any\n         publications that result from the use of this software or in any product that includes this software,\n         although this is not an obligation. The names UCAR and/or Unidata, however, may not be used in any\n         advertising or publicity to endorse or promote any products or commercial entity unless specific\n         written permission is obtained from UCAR/Unidata. The user also understands that UCAR/Unidata is not\n         obligated to provide the user with any support, consulting, training or assistance of any kind with\n         regard to the use, operation and performance of this software nor to provide the user with any\n         updates, revisions, new versions or \u0026quot;bug fixes.\u0026quot;\u003c/p\u003e\n\n      \u003cp\u003eTHIS SOFTWARE IS PROVIDED BY UCAR/UNIDATA \u0026quot;AS IS\u0026quot; AND ANY EXPRESS OR IMPLIED WARRANTIES, INCLUDING, BUT\n         NOT LIMITED TO, THE IMPLIED WARRANTIES OF MERCHANTABILITY AND FITNESS FOR A PARTICULAR PURPOSE ARE\n         DISCLAIMED. IN NO EVENT SHALL UCAR/UNIDATA BE LIABLE FOR ANY SPECIAL, INDIRECT OR CONSEQUENTIAL\n         DAMAGES OR ANY DAMAGES WHATSOEVER RESULTING FROM LOSS OF USE, DATA OR PROFITS, WHETHER IN AN ACTION OF\n         CONTRACT, NEGLIGENCE OR OTHER TORTIOUS ACTION, ARISING OUT OF OR IN CONNECTION WITH THE ACCESS, USE OR\n         PERFORMANCE OF THIS SOFTWARE.\u003c/p\u003e\n\n    "
}