{
  "isDeprecatedLicenseId": false,
  "licenseText": "NIST-developed software is provided by NIST as a public service. \nYou may use, copy, and distribute copies of the software in any \nmedium, provided that you keep intact this entire notice. You may \nimprove, modify, and create derivative works of the software or any \nportion of the software, and you may copy and distribute such \nmodifications or works. Modified works should carry a notice stating \nthat you changed the software and should note the date and nature of \nany such change. Please explicitly acknowledge the National Institute \nof Standards and Technology as the source of the software.\n\nNIST-developed software is expressly provided \"AS IS.\" NIST MAKES NO \nWARRANTY OF ANY KIND, EXPRESS, IMPLIED, IN FACT, OR ARISING BY OPERATION \nOF LAW, INCLUDING, WITHOUT LIMITATION, THE IMPLIED WARRANTY OF MERCHANTABILITY, \nFITNESS FOR A PARTICULAR PURPOSE, NON-INFRINGEMENT, AND DATA ACCURACY. NIST \nNEITHER REPRESENTS NOR WARRANTS THAT THE OPERATION OF THE SOFTWARE WILL BE \nUNINTERRUPTED OR ERROR-FREE, OR THAT ANY DEFECTS WILL BE CORRECTED. NIST DOES \nNOT WARRANT OR MAKE ANY REPRESENTATIONS REGARDING THE USE OF THE SOFTWARE OR \nTHE RESULTS THEREOF, INCLUDING BUT NOT LIMITED TO THE CORRECTNESS, ACCURACY, \nRELIABILITY, OR USEFULNESS OF THE SOFTWARE.\n\nYou are solely responsible for determining the appropriateness of using and \ndistributing the software and you assume all risks associated with its use, \nincluding but not limited to the risks and costs of program errors, compliance \nwith applicable laws, damage to or loss of data, programs or equipment, and the \nunavailability or interruption of operation. This software is not intended to be \nused in any situation where a failure could cause risk of injury or damage to \nproperty. The software developed by NIST employees is not subject to copyright \nprotection within the United States.\n",
  "standardLicenseTemplate": "NIST-developed software is provided by NIST as a public service. You may use, copy, and distribute copies of the software in any medium, provided that you keep intact this entire notice. You may improve, modify, and create derivative works of the software or any portion of the software, and you may copy and distribute such modifications or works. Modified works should carry a notice stating that you changed the software and should note the date and nature of any such change. Please explicitly acknowledge the National Institute of Standards and Technology as the source of the software.\n\nNIST-developed software is expressly provided \"AS IS.\" NIST MAKES NO WARRANTY OF ANY KIND, EXPRESS, IMPLIED, IN FACT, OR ARISING BY OPERATION OF LAW, INCLUDING, WITHOUT LIMITATION, THE IMPLIED WARRANTY OF MERCHANTABILITY, FITNESS FOR A PARTICULAR PURPOSE, NON-INFRINGEMENT, AND DATA ACCURACY. NIST NEITHER REPRESENTS NOR WARRANTS THAT THE OPERATION OF THE SOFTWARE WILL BE UNINTERRUPTED OR ERROR-FREE, OR THAT ANY DEFECTS WILL BE CORRECTED. NIST DOES NOT WARRANT OR MAKE ANY REPRESENTATIONS REGARDING THE USE OF THE SOFTWARE OR THE RESULTS THEREOF, INCLUDING BUT NOT LIMITED TO THE CORRECTNESS, ACCURACY, RELIABILITY, OR USEFULNESS OF THE SOFTWARE.\n\nYou are solely responsible for determining the appropriateness of using and distributing the software and you assume all risks associated with its use, including but not limited to the risks and costs of program errors, compliance with applicable laws, damage to or loss of data, programs or equipment, and the unavailability or interruption of operation. This software is not intended to be used in any situation where a failure could cause risk of injury or damage to property. The software developed by NIST employees is not subject to copyright protection within the United States.\n\n",
  "name": "NIST Software License",
  "licenseId": "NIST-Software",
  "crossRef": [
    {
      "match": "false",
      "url": "https://github.com/open-quantum-safe/liboqs/blob/40b01fdbb270f8614fde30e65d30e9da18c02393/src/common/rand/rand_nist.c#L1-L15",
      "isValid": true,
      "isLive": true,
      "timestamp": "2024-05-22T17:18:44Z",
      "isWayBackLink": false,
      "order": 0
    }
  ],
  "seeAlso": [
    "https://github.com/open-quantum-safe/liboqs/blob/40b01fdbb270f8614fde30e65d30e9da18c02393/src/common/rand/rand_nist.c#L1-L15"
  ],
  "isOsiApproved": false,
  "licenseTextHtml": "\n         \u003cp\u003e\n            NIST-developed software is provided by NIST as a public service.\n            You may use, copy, and distribute copies of the software in any\n            medium, provided that you keep intact this entire notice. You may\n            improve, modify, and create derivative works of the software or\n            any portion of the software, and you may copy and distribute such\n            modifications or works. Modified works should carry a notice stating\n            that you changed the software and should note the date and nature\n            of any such change. Please explicitly acknowledge the National\n            Institute of Standards and Technology as the source of the software.\n         \u003c/p\u003e\n\n         \u003cp\u003e\n            NIST-developed software is expressly provided \u0026quot;AS IS.\u0026quot; NIST MAKES\n            NO WARRANTY OF ANY KIND, EXPRESS, IMPLIED, IN FACT, OR ARISING\n            BY OPERATION OF LAW, INCLUDING, WITHOUT LIMITATION, THE IMPLIED\n            WARRANTY OF MERCHANTABILITY, FITNESS FOR A PARTICULAR PURPOSE,\n            NON-INFRINGEMENT, AND DATA ACCURACY. NIST NEITHER REPRESENTS NOR\n            WARRANTS THAT THE OPERATION OF THE SOFTWARE WILL BE UNINTERRUPTED\n            OR ERROR-FREE, OR THAT ANY DEFECTS WILL BE CORRECTED. NIST DOES\n            NOT WARRANT OR MAKE ANY REPRESENTATIONS REGARDING THE USE OF THE\n            SOFTWARE OR THE RESULTS THEREOF, INCLUDING BUT NOT LIMITED TO THE\n            CORRECTNESS, ACCURACY, RELIABILITY, OR USEFULNESS OF THE SOFTWARE.\n         \u003c/p\u003e\n\n         \u003cp\u003e\n            You are solely responsible for determining the appropriateness\n            of using and distributing the software and you assume all risks\n            associated with its use, including but not limited to the risks and\n            costs of program errors, compliance with applicable laws, damage\n            to or loss of data, programs or equipment, and the unavailability\n            or interruption of operation. This software is not intended to be\n            used in any situation where a failure could cause risk of injury\n            or damage to property. The software developed by NIST employees\n            is not subject to copyright protection within the United States.\n         \u003c/p\u003e\n\n      "
}